facility_id,name,source_system,station_code,facility_type,latitude,longitude,physical_address_formatted,physical_address_line1,physical_address_line2,physical_address_city,physical_address_state,physical_address_postal_code,physical_address_country,physical_address_source,physical_address_confidence,public_phone,website_url
nca_042,Baxter Springs City Soldiers' Lot,discoverva_va_locator_facility_list,042,va_cemetery,37.0320575,,"Baxter Springs, KS",,,Baxter Springs,KS,,US,current_record,record_field,,https://discover.va.gov/va-locator-facility-list/
nca_054,Congressional Cemetery Government Lots,discoverva_va_locator_facility_list,054,va_cemetery,38.8827797,,"Washington, DC",,,Washington,DC,,US,current_record,record_field,,https://discover.va.gov/va-locator-facility-list/
nca_055,Evergreen Cemetery Soldiers' Lot,discoverva_va_locator_facility_list,055,va_cemetery,39.0696513,,"Southgate, KY",,,Southgate,KY,,US,current_record,record_field,,https://discover.va.gov/va-locator-facility-list/
nca_058,Forest Lawn Cemetery Soldiers' Lot,discoverva_va_locator_facility_list,058,va_cemetery,41.3312428,,"Omaha, NE",,,Omaha,NE,,US,current_record,record_field,,https://discover.va.gov/va-locator-facility-list/
nca_059,Fort Crawford Cemetery Soldiers' Lot,discoverva_va_locator_facility_list,059,va_cemetery,43.0470782,,"Prairie du Chien, WI",,,Prairie du Chien,WI,,US,current_record,record_field,,https://discover.va.gov/va-locator-facility-list/
nca_061,Green Mount Cemetery Soldiers' Lot,discoverva_va_locator_facility_list,061,va_cemetery,44.2573071,,"Montpelier, VT",,,Montpelier,VT,,US,current_record,record_field,,https://discover.va.gov/va-locator-facility-list/
nca_062,Lakeside Cemetery Soldiers' Lot,discoverva_va_locator_facility_list,062,va_cemetery,43.0173537,,"Port Huron, MI",,,Port Huron,MI,,US,current_record,record_field,,https://discover.va.gov/va-locator-facility-list/
nca_063,Mound Cemetery Soldiers' Lot,discoverva_va_locator_facility_list,063,va_cemetery,42.7193155,,"Racine, WI",,,Racine,WI,,US,current_record,record_field,,https://discover.va.gov/va-locator-facility-list/
nca_064,Mound City Cemetery Soldiers' Lot,discoverva_va_locator_facility_list,064,va_cemetery,38.145552,,"Mound City, KS",,,Mound City,KS,,US,current_record,record_field,,https://discover.va.gov/va-locator-facility-list/
nca_065,Mount Moriah Cemetery Soldiers' Lot,discoverva_va_locator_facility_list,065,va_cemetery,39.9324553,,"Philadelphia, PA",,,Philadelphia,PA,,US,current_record,record_field,,https://discover.va.gov/va-locator-facility-list/
nca_066,Mount Moriah Cemetery Naval Plot,discoverva_va_locator_facility_list,066,va_cemetery,39.9366809,,"Philadelphia, PA",,,Philadelphia,PA,,US,current_record,record_field,,https://discover.va.gov/va-locator-facility-list/
nca_067,Mount Pleasant Cemetery Soldiers' Lot,discoverva_va_locator_facility_list,067,va_cemetery,44.3171994,,"Augusta, ME",,,Augusta,ME,,US,current_record,record_field,,https://discover.va.gov/va-locator-facility-list/
nca_068,Oakdale Cemetery Soldiers' Lot,discoverva_va_locator_facility_list,068,va_cemetery,41.5449264,,"Davenport, IA",,,Davenport,IA,,US,current_record,record_field,,https://discover.va.gov/va-locator-facility-list/
nca_069,Prospect Hill Cemetery Soldiers' Lot,discoverva_va_locator_facility_list,069,va_cemetery,39.9719974,,"York, PA",,,York,PA,,US,current_record,record_field,,https://discover.va.gov/va-locator-facility-list/
nca_070,Prospect Hill Cemetery Soldiers' Lot,discoverva_va_locator_facility_list,070,va_cemetery,42.8452919,,"Brattleboro, VT",,,Brattleboro,VT,,US,current_record,record_field,,https://discover.va.gov/va-locator-facility-list/
nca_071,Woodland Cemetery Soldiers' Lot,discoverva_va_locator_facility_list,071,va_cemetery,41.4882022,,"Cleveland, OH",,,Cleveland,OH,,US,current_record,record_field,,https://discover.va.gov/va-locator-facility-list/
nca_072,Woodlawn Cemetery Soldiers' Lot,discoverva_va_locator_facility_list,072,va_cemetery,42.5503228,,"Ayer, MA",,,Ayer,MA,,US,current_record,record_field,,https://discover.va.gov/va-locator-facility-list/
nca_073,Confederate Mound,discoverva_va_locator_facility_list,073,va_cemetery,41.7669953,,"Chicago, IL",,,Chicago,IL,,US,current_record,record_field,,https://discover.va.gov/va-locator-facility-list/
nca_074,Crown Hill Confederate Plot,discoverva_va_locator_facility_list,074,va_cemetery,39.8200713,,"Indianapolis, IN",,,Indianapolis,IN,,US,current_record,record_field,,https://discover.va.gov/va-locator-facility-list/
nca_075,Camp Chase Confederate Cemetery,discoverva_va_locator_facility_list,075,va_cemetery,39.9436622,,"Columbus, OH",,,Columbus,OH,,US,current_record,record_field,,https://discover.va.gov/va-locator-facility-list/
nca_076,Confederate Stockade Cemetery,discoverva_va_locator_facility_list,076,va_cemetery,41.5009036,,"Sandusky, OH",,,Sandusky,OH,,US,current_record,record_field,,https://discover.va.gov/va-locator-facility-list/
nca_077,North Alton Confederate Cemetery,discoverva_va_locator_facility_list,077,va_cemetery,38.9184878,,"Alton, IL",,,Alton,IL,,US,current_record,record_field,,https://discover.va.gov/va-locator-facility-list/
nca_078,Point Lookout Confederate Cemetery,discoverva_va_locator_facility_list,078,va_cemetery,38.0736906,,"Ridge, MD",,,Ridge,MD,,US,current_record,record_field,,https://discover.va.gov/va-locator-facility-list/
nca_079,Rock Island Confederate Cemetery,discoverva_va_locator_facility_list,079,va_cemetery,41.5181653,,"Rock Island, IL",,,Rock Island,IL,,US,current_record,record_field,,https://discover.va.gov/va-locator-facility-list/
nca_080,Union Confederate Monument Site,discoverva_va_locator_facility_list,080,va_cemetery,39.0759927,,"Kansas City, MO",,,Kansas City,MO,,US,current_record,record_field,,https://discover.va.gov/va-locator-facility-list/
nca_081,Woodlawn Monument Site,discoverva_va_locator_facility_list,081,va_cemetery,39.4816348,,"Terre Haute, IN",,,Terre Haute,IN,,US,current_record,record_field,,https://discover.va.gov/va-locator-facility-list/
nca_082,Fort Mackinac Post Cemetery,discoverva_va_locator_facility_list,082,va_cemetery,45.8584669,,"Mackinac Island, MI",,,Mackinac Island,MI,,US,current_record,record_field,,https://discover.va.gov/va-locator-facility-list/
nca_083,Fort Winnebago Cemetery Soldiers' Lot,discoverva_va_locator_facility_list,083,va_cemetery,43.5571611,,"Portage, WI",,,Portage,WI,,US,current_record,record_field,,https://discover.va.gov/va-locator-facility-list/
nca_088,Albany Rural Cemetery Soldiers' Lot,discoverva_va_locator_facility_list,088,va_cemetery,42.7038449,,"Albany, NY",,,Albany,NY,,US,current_record,record_field,,https://discover.va.gov/va-locator-facility-list/
nca_089,Fort McClellan EPW Cemetery,discoverva_va_locator_facility_list,089,va_cemetery,33.7177002,,"Anniston, AL",,,Anniston,AL,,US,current_record,record_field,,https://discover.va.gov/va-locator-facility-list/
nca_120,Allegheny Cemetery Soldiers' Lot,discoverva_va_locator_facility_list,120,va_cemetery,40.4744345,,"Pittsburgh, PA",,,Pittsburgh,PA,,US,current_record,record_field,,https://discover.va.gov/va-locator-facility-list/
nca_121,Ashland Cemetery Soldiers' Lot,discoverva_va_locator_facility_list,121,va_cemetery,40.1999354,,"Carlisle, PA",,,Carlisle,PA,,US,current_record,record_field,,https://discover.va.gov/va-locator-facility-list/
nca_122,Forest Home Cemetery Soldiers' Lot,discoverva_va_locator_facility_list,122,va_cemetery,43.0018755,,"Milwaukee, WI",,,Milwaukee,WI,,US,current_record,record_field,,https://discover.va.gov/va-locator-facility-list/
nca_123,Forest Hill Cemetery Soldiers' Lot,discoverva_va_locator_facility_list,123,va_cemetery,43.0657552,,"Madison, WI",,,Madison,WI,,US,current_record,record_field,,https://discover.va.gov/va-locator-facility-list/
nca_800,Alton National Cemetery,discoverva_va_locator_facility_list,800,va_cemetery,38.8905167,,"Alton, IL",,,Alton,IL,,US,current_record,record_field,,https://discover.va.gov/va-locator-facility-list/
nca_801,Annapolis National Cemetery,discoverva_va_locator_facility_list,801,va_cemetery,38.9765256,,"Annapolis, MD",,,Annapolis,MD,,US,current_record,record_field,,https://discover.va.gov/va-locator-facility-list/
nca_802,Baltimore National Cemetery,discoverva_va_locator_facility_list,802,va_cemetery,39.2784415,,"Baltimore, MD",,,Baltimore,MD,,US,current_record,record_field,,https://discover.va.gov/va-locator-facility-list/
nca_803,Bath National Cemetery,discoverva_va_locator_facility_list,803,va_cemetery,42.3472515,,"Bath, NY",,,Bath,NY,,US,current_record,record_field,,https://discover.va.gov/va-locator-facility-list/
nca_804,Beverly National Cemetery,discoverva_va_locator_facility_list,804,va_cemetery,40.0537261,,"Beverly, NJ",,,Beverly,NJ,,US,current_record,record_field,,https://discover.va.gov/va-locator-facility-list/
nca_805,Calverton National Cemetery,discoverva_va_locator_facility_list,805,va_cemetery,40.9230295,,"Calverton, NY",,,Calverton,NY,,US,current_record,record_field,,https://discover.va.gov/va-locator-facility-list/
nca_806,Camp Butler National Cemetery,discoverva_va_locator_facility_list,806,va_cemetery,39.8318442,,"Springfield, IL",,,Springfield,IL,,US,current_record,record_field,,https://discover.va.gov/va-locator-facility-list/
nca_807,Crown Hill National Cemetery,discoverva_va_locator_facility_list,807,va_cemetery,39.824635,,"Indianapolis, IN",,,Indianapolis,IN,,US,current_record,record_field,,https://discover.va.gov/va-locator-facility-list/
nca_808,Cypress Hills National Cemetery,discoverva_va_locator_facility_list,808,va_cemetery,40.6859545,,"Brooklyn, NY",,,Brooklyn,NY,,US,current_record,record_field,,https://discover.va.gov/va-locator-facility-list/
nca_809,Danville National Cemetery,discoverva_va_locator_facility_list,809,va_cemetery,40.1271172,,"Danville, IL",,,Danville,IL,,US,current_record,record_field,,https://discover.va.gov/va-locator-facility-list/
nca_810,Dayton National Cemetery,discoverva_va_locator_facility_list,810,va_cemetery,39.7482822,,"Dayton, OH",,,Dayton,OH,,US,current_record,record_field,,https://discover.va.gov/va-locator-facility-list/
nca_811,Finn's Point National Cemetery,discoverva_va_locator_facility_list,811,va_cemetery,39.6103333,,"Pennsville, NJ",,,Pennsville,NJ,,US,current_record,record_field,,https://discover.va.gov/va-locator-facility-list/
nca_812,Grafton National Cemetery,discoverva_va_locator_facility_list,812,va_cemetery,39.3361282,,"Grafton, WV",,,Grafton,WV,,US,current_record,record_field,,https://discover.va.gov/va-locator-facility-list/
nca_813,Indiantown Gap National Cemetery,discoverva_va_locator_facility_list,813,va_cemetery,40.4198112,,"Annville, PA",,,Annville,PA,,US,current_record,record_field,,https://discover.va.gov/va-locator-facility-list/
nca_814,Keokuk National Cemetery,discoverva_va_locator_facility_list,814,va_cemetery,40.3987678,,"Keokuk, IA",,,Keokuk,IA,,US,current_record,record_field,,https://discover.va.gov/va-locator-facility-list/
nca_815,Long Island National Cemetery,discoverva_va_locator_facility_list,815,va_cemetery,40.7505637,,"Farmingdale, NY",,,Farmingdale,NY,,US,current_record,record_field,,https://discover.va.gov/va-locator-facility-list/
nca_816,Loudon Park National Cemetery,discoverva_va_locator_facility_list,816,va_cemetery,39.2812904,,"Baltimore, MD",,,Baltimore,MD,,US,current_record,record_field,,https://discover.va.gov/va-locator-facility-list/
nca_817,Marion National Cemetery,discoverva_va_locator_facility_list,817,va_cemetery,40.5238124,,"Marion, IN",,,Marion,IN,,US,current_record,record_field,,https://discover.va.gov/va-locator-facility-list/
nca_818,Massachusetts National Cemetery,discoverva_va_locator_facility_list,818,va_cemetery,41.6756266,,"Bourne, MA",,,Bourne,MA,,US,current_record,record_field,,https://discover.va.gov/va-locator-facility-list/
nca_819,Philadelphia National Cemetery,discoverva_va_locator_facility_list,819,va_cemetery,40.0586589,,"Philadelphia, PA",,,Philadelphia,PA,,US,current_record,record_field,,https://discover.va.gov/va-locator-facility-list/
nca_820,Quincy National Cemetery,discoverva_va_locator_facility_list,820,va_cemetery,39.9316814,,"Quincy, IL",,,Quincy,IL,,US,current_record,record_field,,https://discover.va.gov/va-locator-facility-list/
nca_821,Rock Island National Cemetery,discoverva_va_locator_facility_list,821,va_cemetery,41.5149656,,"Rock Island, IL",,,Rock Island,IL,,US,current_record,record_field,,https://discover.va.gov/va-locator-facility-list/
nca_822,Togus National Cemetery (East),discoverva_va_locator_facility_list,822,va_cemetery,44.2762961,,"Togus, ME",,,Togus,ME,,US,current_record,record_field,,https://discover.va.gov/va-locator-facility-list/
nca_823,Wood National Cemetery,discoverva_va_locator_facility_list,823,va_cemetery,43.0278683,,"Milwaukee, WI",,,Milwaukee,WI,,US,current_record,record_field,,https://discover.va.gov/va-locator-facility-list/
nca_824,Woodlawn National Cemetery,discoverva_va_locator_facility_list,824,va_cemetery,42.1110956,,"Elmira, NY",,,Elmira,NY,,US,current_record,record_field,,https://discover.va.gov/va-locator-facility-list/
nca_825,Alexandria National Cemetery,discoverva_va_locator_facility_list,825,va_cemetery,31.3215576,,"Pineville, LA",,,Pineville,LA,,US,current_record,record_field,,https://discover.va.gov/va-locator-facility-list/
nca_826,Alexandria National Cemetery,discoverva_va_locator_facility_list,826,va_cemetery,38.8017832,,"Alexandria, VA",,,Alexandria,VA,,US,current_record,record_field,,https://discover.va.gov/va-locator-facility-list/
nca_827,Ball's Bluff National Cemetery,discoverva_va_locator_facility_list,827,va_cemetery,39.1318417,,"Leesburg, VA",,,Leesburg,VA,,US,current_record,record_field,,https://discover.va.gov/va-locator-facility-list/
nca_828,Barrancas National Cemetery,discoverva_va_locator_facility_list,828,va_cemetery,30.3576903,,"Pensacola, FL",,,Pensacola,FL,,US,current_record,record_field,,https://discover.va.gov/va-locator-facility-list/
nca_829,Baton Rouge National Cemetery,discoverva_va_locator_facility_list,829,va_cemetery,30.449361,,"Baton Rouge, LA",,,Baton Rouge,LA,,US,current_record,record_field,,https://discover.va.gov/va-locator-facility-list/
nca_830,Bay Pines National Cemetery,discoverva_va_locator_facility_list,830,va_cemetery,27.8101209,,"St. Petersburg, FL",,,St. Petersburg,FL,,US,current_record,record_field,,https://discover.va.gov/va-locator-facility-list/
nca_831,Beaufort National Cemetery,discoverva_va_locator_facility_list,831,va_cemetery,32.4398083,,"Beaufort, SC",,,Beaufort,SC,,US,current_record,record_field,,https://discover.va.gov/va-locator-facility-list/
nca_832,Biloxi National Cemetery,discoverva_va_locator_facility_list,832,va_cemetery,30.4091016,,"Biloxi, MS",,,Biloxi,MS,,US,current_record,record_field,,https://discover.va.gov/va-locator-facility-list/
nca_833,Camp Nelson National Cemetery,discoverva_va_locator_facility_list,833,va_cemetery,37.7875607,,"Nicholasville, KY",,,Nicholasville,KY,,US,current_record,record_field,,https://discover.va.gov/va-locator-facility-list/
nca_834,Cave Hill National Cemetery,discoverva_va_locator_facility_list,834,va_cemetery,38.2484678,,"Louisville, KY",,,Louisville,KY,,US,current_record,record_field,,https://discover.va.gov/va-locator-facility-list/
nca_835,Chattanooga National Cemetery,discoverva_va_locator_facility_list,835,va_cemetery,35.0334229,,"Chattanooga, TN",,,Chattanooga,TN,,US,current_record,record_field,,https://discover.va.gov/va-locator-facility-list/
nca_836,City Point National Cemetery,discoverva_va_locator_facility_list,836,va_cemetery,37.305596,,"Hopewell, VA",,,Hopewell,VA,,US,current_record,record_field,,https://discover.va.gov/va-locator-facility-list/
nca_837,Cold Harbor National Cemetery,discoverva_va_locator_facility_list,837,va_cemetery,37.5890924,,"Mechanicsville, VA",,,Mechanicsville,VA,,US,current_record,record_field,,https://discover.va.gov/va-locator-facility-list/
nca_838,Corinth National Cemetery,discoverva_va_locator_facility_list,838,va_cemetery,34.9252225,,"Corinth, MS",,,Corinth,MS,,US,current_record,record_field,,https://discover.va.gov/va-locator-facility-list/
nca_839,Culpeper National Cemetery,discoverva_va_locator_facility_list,839,va_cemetery,38.4705941,,"Culpeper, VA",,,Culpeper,VA,,US,current_record,record_field,,https://discover.va.gov/va-locator-facility-list/
nca_840,Danville National Cemetery,discoverva_va_locator_facility_list,840,va_cemetery,37.6528934,,"Danville, KY",,,Danville,KY,,US,current_record,record_field,,https://discover.va.gov/va-locator-facility-list/
nca_841,Danville National Cemetery,discoverva_va_locator_facility_list,841,va_cemetery,36.5773326,,"Danville, VA",,,Danville,VA,,US,current_record,record_field,,https://discover.va.gov/va-locator-facility-list/
nca_842,Fayetteville National Cemetery,discoverva_va_locator_facility_list,842,va_cemetery,36.05347,,"Fayetteville, AR",,,Fayetteville,AR,,US,current_record,record_field,,https://discover.va.gov/va-locator-facility-list/
nca_843,Florence National Cemetery,discoverva_va_locator_facility_list,843,va_cemetery,34.1841027,,"Florence, SC",,,Florence,SC,,US,current_record,record_field,,https://discover.va.gov/va-locator-facility-list/
nca_844,Fort Gibson National Cemetery,discoverva_va_locator_facility_list,844,va_cemetery,35.8055933,,"Fort Gibson, OK",,,Fort Gibson,OK,,US,current_record,record_field,,https://discover.va.gov/va-locator-facility-list/
nca_845,Fort Harrison National Cemetery,discoverva_va_locator_facility_list,845,va_cemetery,37.4290426,,"Richmond, VA",,,Richmond,VA,,US,current_record,record_field,,https://discover.va.gov/va-locator-facility-list/
nca_846,Fort Sam Houston National Cemetery,discoverva_va_locator_facility_list,846,va_cemetery,29.4768195,,"San Antonio, TX",,,San Antonio,TX,,US,current_record,record_field,,https://discover.va.gov/va-locator-facility-list/
nca_847,Fort Smith National Cemetery,discoverva_va_locator_facility_list,847,va_cemetery,35.3846933,,"Fort Smith, AR",,,Fort Smith,AR,,US,current_record,record_field,,https://discover.va.gov/va-locator-facility-list/
nca_848,Glendale National Cemetery,discoverva_va_locator_facility_list,848,va_cemetery,37.436178,,"Richmond, VA",,,Richmond,VA,,US,current_record,record_field,,https://discover.va.gov/va-locator-facility-list/
nca_849,Hampton National Cemetery,discoverva_va_locator_facility_list,849,va_cemetery,37.0204886,,"Hampton, VA",,,Hampton,VA,,US,current_record,record_field,,https://discover.va.gov/va-locator-facility-list/
nca_850,Hampton National Cemetery (VAMC),discoverva_va_locator_facility_list,850,va_cemetery,37.0185094,,"Hampton, VA",,,Hampton,VA,,US,current_record,record_field,,https://discover.va.gov/va-locator-facility-list/
nca_851,Houston National Cemetery,discoverva_va_locator_facility_list,851,va_cemetery,29.9335788,,"Houston, TX",,,Houston,TX,,US,current_record,record_field,,https://discover.va.gov/va-locator-facility-list/
nca_852,Jefferson Barracks National Cemetery,discoverva_va_locator_facility_list,852,va_cemetery,38.5014506,,"St. Louis, MO",,,St. Louis,MO,,US,current_record,record_field,,https://discover.va.gov/va-locator-facility-list/
nca_853,Jefferson City National Cemetery,discoverva_va_locator_facility_list,853,va_cemetery,38.5669389,,"Jefferson City, MO",,,Jefferson City,MO,,US,current_record,record_field,,https://discover.va.gov/va-locator-facility-list/
nca_854,Kerrville National Cemetery,discoverva_va_locator_facility_list,854,va_cemetery,30.0139991,,"Kerrville, TX",,,Kerrville,TX,,US,current_record,record_field,,https://discover.va.gov/va-locator-facility-list/
nca_855,Knoxville National Cemetery,discoverva_va_locator_facility_list,855,va_cemetery,35.9760621,,"Knoxville, TN",,,Knoxville,TN,,US,current_record,record_field,,https://discover.va.gov/va-locator-facility-list/
nca_856,Lebanon National Cemetery,discoverva_va_locator_facility_list,856,va_cemetery,37.5529796,,"Lebanon, KY",,,Lebanon,KY,,US,current_record,record_field,,https://discover.va.gov/va-locator-facility-list/
nca_857,Lexington National Cemetery,discoverva_va_locator_facility_list,857,va_cemetery,38.0579153,,"Lexington, KY",,,Lexington,KY,,US,current_record,record_field,,https://discover.va.gov/va-locator-facility-list/
nca_858,Little Rock National Cemetery,discoverva_va_locator_facility_list,858,va_cemetery,34.7242505,,"Little Rock, AR",,,Little Rock,AR,,US,current_record,record_field,,https://discover.va.gov/va-locator-facility-list/
nca_859,Marietta National Cemetery,discoverva_va_locator_facility_list,859,va_cemetery,33.9520794,,"Marietta, GA",,,Marietta,GA,,US,current_record,record_field,,https://discover.va.gov/va-locator-facility-list/
nca_860,Memphis National Cemetery,discoverva_va_locator_facility_list,860,va_cemetery,35.1738958,,"Memphis, TN",,,Memphis,TN,,US,current_record,record_field,,https://discover.va.gov/va-locator-facility-list/
nca_861,Mill Springs National Cemetery,discoverva_va_locator_facility_list,861,va_cemetery,37.0683486,,"Nancy, KY",,,Nancy,KY,,US,current_record,record_field,,https://discover.va.gov/va-locator-facility-list/
nca_862,Mobile National Cemetery,discoverva_va_locator_facility_list,862,va_cemetery,30.6728616,,"Mobile, AL",,,Mobile,AL,,US,current_record,record_field,,https://discover.va.gov/va-locator-facility-list/
nca_863,Mound City National Cemetery,discoverva_va_locator_facility_list,863,va_cemetery,37.0869224,,"Mound City, IL",,,Mound City,IL,,US,current_record,record_field,,https://discover.va.gov/va-locator-facility-list/
nca_864,Mountain Home National Cemetery,discoverva_va_locator_facility_list,864,va_cemetery,36.3106644,,"Mountain Home, TN",,,Mountain Home,TN,,US,current_record,record_field,,https://discover.va.gov/va-locator-facility-list/
nca_865,Nashville National Cemetery,discoverva_va_locator_facility_list,865,va_cemetery,36.2416737,,"Madison, TN",,,Madison,TN,,US,current_record,record_field,,https://discover.va.gov/va-locator-facility-list/
nca_866,Natchez National Cemetery,discoverva_va_locator_facility_list,866,va_cemetery,31.5801627,,"Natchez, MS",,,Natchez,MS,,US,current_record,record_field,,https://discover.va.gov/va-locator-facility-list/
nca_867,New Albany National Cemetery,discoverva_va_locator_facility_list,867,va_cemetery,38.2992425,,"New Albany, IN",,,New Albany,IN,,US,current_record,record_field,,https://discover.va.gov/va-locator-facility-list/
nca_868,New Bern National Cemetery,discoverva_va_locator_facility_list,868,va_cemetery,35.1242297,,"New Bern, NC",,,New Bern,NC,,US,current_record,record_field,,https://discover.va.gov/va-locator-facility-list/
nca_870,Port Hudson National Cemetery,discoverva_va_locator_facility_list,870,va_cemetery,30.6607949,,"Zachary, LA",,,Zachary,LA,,US,current_record,record_field,,https://discover.va.gov/va-locator-facility-list/
nca_871,Puerto Rico National Cemetery,discoverva_va_locator_facility_list,871,va_cemetery,18.4093757,,"Bayamon, PR",,,Bayamon,PR,,US,current_record,record_field,,https://discover.va.gov/va-locator-facility-list/
nca_872,National Memorial Cemetery at Quantico,discoverva_va_locator_facility_list,872,va_cemetery,38.5524914,,"Triangle, VA",,,Triangle,VA,,US,current_record,record_field,,https://discover.va.gov/va-locator-facility-list/
nca_873,Raleigh National Cemetery,discoverva_va_locator_facility_list,873,va_cemetery,35.7745939,,"Raleigh, NC",,,Raleigh,NC,,US,current_record,record_field,,https://discover.va.gov/va-locator-facility-list/
nca_874,Richmond National Cemetery,discoverva_va_locator_facility_list,874,va_cemetery,37.5151461,,"Richmond, VA",,,Richmond,VA,,US,current_record,record_field,,https://discover.va.gov/va-locator-facility-list/
nca_875,St. Augustine National Cemetery,discoverva_va_locator_facility_list,875,va_cemetery,29.8863527,,"St. Augustine, FL",,,St. Augustine,FL,,US,current_record,record_field,,https://discover.va.gov/va-locator-facility-list/
nca_876,Salisbury National Cemetery,discoverva_va_locator_facility_list,876,va_cemetery,35.6879709,,"Salisbury, NC",,,Salisbury,NC,,US,current_record,record_field,,https://discover.va.gov/va-locator-facility-list/
nca_877,San Antonio National Cemetery,discoverva_va_locator_facility_list,877,va_cemetery,29.4212205,,"San Antonio, TX",,,San Antonio,TX,,US,current_record,record_field,,https://discover.va.gov/va-locator-facility-list/
nca_878,Seven Pines National Cemetery,discoverva_va_locator_facility_list,878,va_cemetery,37.5201698,,"Sandston, VA",,,Sandston,VA,,US,current_record,record_field,,https://discover.va.gov/va-locator-facility-list/
nca_879,Springfield National Cemetery,discoverva_va_locator_facility_list,879,va_cemetery,37.1742681,,"Springfield, MO",,,Springfield,MO,,US,current_record,record_field,,https://discover.va.gov/va-locator-facility-list/
nca_880,Staunton National Cemetery,discoverva_va_locator_facility_list,880,va_cemetery,38.1402567,,"Staunton, VA",,,Staunton,VA,,US,current_record,record_field,,https://discover.va.gov/va-locator-facility-list/
nca_881,Wilmington National Cemetery,discoverva_va_locator_facility_list,881,va_cemetery,34.2375874,,"Wilmington, NC",,,Wilmington,NC,,US,current_record,record_field,,https://discover.va.gov/va-locator-facility-list/
nca_882,Winchester National Cemetery,discoverva_va_locator_facility_list,882,va_cemetery,39.1850791,,"Winchester, VA",,,Winchester,VA,,US,current_record,record_field,,https://discover.va.gov/va-locator-facility-list/
nca_883,Zachary Taylor National Cemetery,discoverva_va_locator_facility_list,883,va_cemetery,38.276576,,"Louisville, KY",,,Louisville,KY,,US,current_record,record_field,,https://discover.va.gov/va-locator-facility-list/
nca_884,Black Hills National Cemetery,discoverva_va_locator_facility_list,884,va_cemetery,44.3705412,,"Sturgis, SD",,,Sturgis,SD,,US,current_record,record_field,,https://discover.va.gov/va-locator-facility-list/
nca_885,Fort Bayard National Cemetery,discoverva_va_locator_facility_list,885,va_cemetery,32.798806,,"Fort Bayard, NM",,,Fort Bayard,NM,,US,current_record,record_field,,https://discover.va.gov/va-locator-facility-list/
nca_886,Fort Bliss National Cemetery,discoverva_va_locator_facility_list,886,va_cemetery,31.8260677,,"El Paso, TX",,,El Paso,TX,,US,current_record,record_field,,https://discover.va.gov/va-locator-facility-list/
nca_887,Fort Leavenworth National Cemetery,discoverva_va_locator_facility_list,887,va_cemetery,39.3516712,,"Fort Leavenworth, KS",,,Fort Leavenworth,KS,,US,current_record,record_field,,https://discover.va.gov/va-locator-facility-list/
nca_888,Fort Logan National Cemetery,discoverva_va_locator_facility_list,888,va_cemetery,39.645574,,"Denver, CO",,,Denver,CO,,US,current_record,record_field,,https://discover.va.gov/va-locator-facility-list/
nca_889,Fort Lyon National Cemetery,discoverva_va_locator_facility_list,889,va_cemetery,38.0834403,,"Las Animas, CO",,,Las Animas,CO,,US,current_record,record_field,,https://discover.va.gov/va-locator-facility-list/
nca_890,Fort McPherson National Cemetery,discoverva_va_locator_facility_list,890,va_cemetery,41.0247961,,"Maxwell, NE",,,Maxwell,NE,,US,current_record,record_field,,https://discover.va.gov/va-locator-facility-list/
nca_891,Fort Meade National Cemetery,discoverva_va_locator_facility_list,891,va_cemetery,44.4024957,,"Sturgis, SD",,,Sturgis,SD,,US,current_record,record_field,,https://discover.va.gov/va-locator-facility-list/
nca_892,Fort Rosecrans National Cemetery,discoverva_va_locator_facility_list,892,va_cemetery,32.688767,,"San Diego, CA",,,San Diego,CA,,US,current_record,record_field,,https://discover.va.gov/va-locator-facility-list/
nca_893,Fort Scott National Cemetery,discoverva_va_locator_facility_list,893,va_cemetery,37.8197453,,"Fort Scott, KS",,,Fort Scott,KS,,US,current_record,record_field,,https://discover.va.gov/va-locator-facility-list/
nca_894,Fort Snelling National Cemetery,discoverva_va_locator_facility_list,894,va_cemetery,44.8646006,,"Minneapolis, MN",,,Minneapolis,MN,,US,current_record,record_field,,https://discover.va.gov/va-locator-facility-list/
nca_895,Golden Gate National Cemetery,discoverva_va_locator_facility_list,895,va_cemetery,37.6310949,,"San Bruno, CA",,,San Bruno,CA,,US,current_record,record_field,,https://discover.va.gov/va-locator-facility-list/
nca_896,Hot Springs National Cemetery,discoverva_va_locator_facility_list,896,va_cemetery,43.4392508,,"Hot Springs, SD",,,Hot Springs,SD,,US,current_record,record_field,,https://discover.va.gov/va-locator-facility-list/
nca_897,Leavenworth National Cemetery,discoverva_va_locator_facility_list,897,va_cemetery,39.274382,,"Leavenworth, KS",,,Leavenworth,KS,,US,current_record,record_field,,https://discover.va.gov/va-locator-facility-list/
nca_898,Los Angeles National Cemetery,discoverva_va_locator_facility_list,898,va_cemetery,34.0602046,,"Los Angeles, CA",,,Los Angeles,CA,,US,current_record,record_field,,https://discover.va.gov/va-locator-facility-list/
nca_899,National Memorial Cemetery of the Pacific,discoverva_va_locator_facility_list,899,va_cemetery,21.3139152,,"Honolulu, HI",,,Honolulu,HI,,US,current_record,record_field,,https://discover.va.gov/va-locator-facility-list/
nca_900,Prescott National Cemetery,discoverva_va_locator_facility_list,900,va_cemetery,34.5459895,,"Prescott, AZ",,,Prescott,AZ,,US,current_record,record_field,,https://discover.va.gov/va-locator-facility-list/
nca_901,Riverside National Cemetery,discoverva_va_locator_facility_list,901,va_cemetery,33.8875891,,"Riverside, CA",,,Riverside,CA,,US,current_record,record_field,,https://discover.va.gov/va-locator-facility-list/
nca_902,Roseburg National Cemetery,discoverva_va_locator_facility_list,902,va_cemetery,43.2202162,,"Roseburg, OR",,,Roseburg,OR,,US,current_record,record_field,,https://discover.va.gov/va-locator-facility-list/
nca_903,San Francisco National Cemetery,discoverva_va_locator_facility_list,903,va_cemetery,37.8011118,,"San Francisco, CA",,,San Francisco,CA,,US,current_record,record_field,,https://discover.va.gov/va-locator-facility-list/
nca_904,Santa Fe National Cemetery,discoverva_va_locator_facility_list,904,va_cemetery,35.6967849,,"Santa Fe, NM",,,Santa Fe,NM,,US,current_record,record_field,,https://discover.va.gov/va-locator-facility-list/
nca_905,Sitka National Cemetery,discoverva_va_locator_facility_list,905,va_cemetery,57.0541618,,"Sitka, AK",,,Sitka,AK,,US,current_record,record_field,,https://discover.va.gov/va-locator-facility-list/
nca_906,Eagle Point National Cemetery,discoverva_va_locator_facility_list,906,va_cemetery,42.4644705,,"Eagle Point, OR",,,Eagle Point,OR,,US,current_record,record_field,,https://discover.va.gov/va-locator-facility-list/
nca_907,Willamette National Cemetery,discoverva_va_locator_facility_list,907,va_cemetery,45.4568386,,"Portland, OR",,,Portland,OR,,US,current_record,record_field,,https://discover.va.gov/va-locator-facility-list/
nca_908,Fort Mitchell National Cemetery,discoverva_va_locator_facility_list,908,va_cemetery,32.3464167,,"Fort Mitchell, AL",,,Fort Mitchell,AL,,US,current_record,record_field,,https://discover.va.gov/va-locator-facility-list/
nca_909,Fort Custer National Cemetery,discoverva_va_locator_facility_list,909,va_cemetery,42.3350797,,"Augusta, MI",,,Augusta,MI,,US,current_record,record_field,,https://discover.va.gov/va-locator-facility-list/
nca_910,Fort Richardson National Cemetery,discoverva_va_locator_facility_list,910,va_cemetery,61.2724291,,"Fort Richardson, AK",,,Fort Richardson,AK,,US,current_record,record_field,,https://discover.va.gov/va-locator-facility-list/
nca_911,Florida National Cemetery,discoverva_va_locator_facility_list,911,va_cemetery,28.6078753,,"Bushnell, FL",,,Bushnell,FL,,US,current_record,record_field,,https://discover.va.gov/va-locator-facility-list/
nca_912,West Virginia National Cemetery,discoverva_va_locator_facility_list,912,va_cemetery,39.3348677,,"Grafton, WV",,,Grafton,WV,,US,current_record,record_field,,https://discover.va.gov/va-locator-facility-list/
nca_913,San Joaquin Valley National Cemetery,discoverva_va_locator_facility_list,913,va_cemetery,37.121285,,"Santa Nella, CA",,,Santa Nella,CA,,US,current_record,record_field,,https://discover.va.gov/va-locator-facility-list/
nca_914,National Memorial Cemetery of Arizona,discoverva_va_locator_facility_list,914,va_cemetery,33.6944747,,"Phoenix, AZ",,,Phoenix,AZ,,US,current_record,record_field,,https://discover.va.gov/va-locator-facility-list/
nca_915,Abraham Lincoln National Cemetery,discoverva_va_locator_facility_list,915,va_cemetery,41.3903337,,"Elwood, IL",,,Elwood,IL,,US,current_record,record_field,,https://discover.va.gov/va-locator-facility-list/
nca_916,Dallas-Fort Worth National Cemetery,discoverva_va_locator_facility_list,916,va_cemetery,32.7179467,,"Dallas, TX",,,Dallas,TX,,US,current_record,record_field,,https://discover.va.gov/va-locator-facility-list/
nca_917,Gerald B. H. Solomon Saratoga National Cemetery,discoverva_va_locator_facility_list,917,va_cemetery,43.0263899,,"Schuylerville, NY",,,Schuylerville,NY,,US,current_record,record_field,,https://discover.va.gov/va-locator-facility-list/
nca_918,Ohio Western Reserve National Cemetery,discoverva_va_locator_facility_list,918,va_cemetery,41.0036414,,"Seville, OH",,,Seville,OH,,US,current_record,record_field,,https://discover.va.gov/va-locator-facility-list/
nca_919,Tahoma National Cemetery,discoverva_va_locator_facility_list,919,va_cemetery,47.3871278,,"Kent, WA",,,Kent,WA,,US,current_record,record_field,,https://discover.va.gov/va-locator-facility-list/
nca_920,Fort Sill National Cemetery,discoverva_va_locator_facility_list,920,va_cemetery,34.7659428,,"Elgin, OK",,,Elgin,OK,,US,current_record,record_field,,https://discover.va.gov/va-locator-facility-list/
nca_921,Sacramento Valley National Cemetery,discoverva_va_locator_facility_list,921,va_cemetery,38.4167102,,"Dixon, CA",,,Dixon,CA,,US,current_record,record_field,,https://discover.va.gov/va-locator-facility-list/
nca_922,Georgia National Cemetery,discoverva_va_locator_facility_list,922,va_cemetery,34.2350636,,"Canton, GA",,,Canton,GA,,US,current_record,record_field,,https://discover.va.gov/va-locator-facility-list/
nca_923,Great Lakes National Cemetery,discoverva_va_locator_facility_list,923,va_cemetery,42.8598272,,"Holly, MI",,,Holly,MI,,US,current_record,record_field,,https://discover.va.gov/va-locator-facility-list/
nca_924,South Florida National Cemetery,discoverva_va_locator_facility_list,924,va_cemetery,26.5788156,,"Lake Worth, FL",,,Lake Worth,FL,,US,current_record,record_field,,https://discover.va.gov/va-locator-facility-list/
nca_925,National Cemetery of the Alleghenies,discoverva_va_locator_facility_list,925,va_cemetery,40.3133213,,"Bridgeville, PA",,,Bridgeville,PA,,US,current_record,record_field,,https://discover.va.gov/va-locator-facility-list/
nca_926,Washington Crossing National Cemetery,discoverva_va_locator_facility_list,926,va_cemetery,40.2649124,,"Newtown, PA",,,Newtown,PA,,US,current_record,record_field,,https://discover.va.gov/va-locator-facility-list/
nca_927,Alabama National Cemetery,discoverva_va_locator_facility_list,927,va_cemetery,33.1295806,,"Montevallo, AL",,,Montevallo,AL,,US,current_record,record_field,,https://discover.va.gov/va-locator-facility-list/
nca_928,Jacksonville National Cemetery,discoverva_va_locator_facility_list,928,va_cemetery,30.544996,,"Jacksonville, FL",,,Jacksonville,FL,,US,current_record,record_field,,https://discover.va.gov/va-locator-facility-list/
nca_929,Bakersfield National Cemetery,discoverva_va_locator_facility_list,929,va_cemetery,35.2551255,,"Arvin, CA",,,Arvin,CA,,US,current_record,record_field,,https://discover.va.gov/va-locator-facility-list/
nca_930,Fort Jackson National Cemetery,discoverva_va_locator_facility_list,930,va_cemetery,34.09022,,"Columbia, SC",,,Columbia,SC,,US,current_record,record_field,,https://discover.va.gov/va-locator-facility-list/
nca_931,Sarasota National Cemetery,discoverva_va_locator_facility_list,931,va_cemetery,27.2476144,,"Sarasota, FL",,,Sarasota,FL,,US,current_record,record_field,,https://discover.va.gov/va-locator-facility-list/
nca_933,Pikes Peak National Cemetery,discoverva_va_locator_facility_list,933,va_cemetery,38.7809718,,"Colorado Springs, CO",,,Colorado Springs,CO,,US,current_record,record_field,,https://discover.va.gov/va-locator-facility-list/
nca_934,Cape Canaveral National Cemetery,discoverva_va_locator_facility_list,934,va_cemetery,28.7551827,,"Mims, FL",,,Mims,FL,,US,current_record,record_field,,https://discover.va.gov/va-locator-facility-list/
nca_935,Omaha National Cemetery,discoverva_va_locator_facility_list,935,va_cemetery,41.1325804,,"Omaha, NE",,,Omaha,NE,,US,current_record,record_field,,https://discover.va.gov/va-locator-facility-list/
nca_936,Western New York National Cemetery,discoverva_va_locator_facility_list,936,va_cemetery,43.020639,,"Corfu, NY",,,Corfu,NY,,US,current_record,record_field,,https://discover.va.gov/va-locator-facility-list/
nca_937,Tallahassee National Cemetery,discoverva_va_locator_facility_list,937,va_cemetery,30.4273323,,"Tallahassee, FL",,,Tallahassee,FL,,US,current_record,record_field,,https://discover.va.gov/va-locator-facility-list/
nca_938,Yellowstone National Cemetery,discoverva_va_locator_facility_list,938,va_cemetery,45.6953984,,"Laurel, MT",,,Laurel,MT,,US,current_record,record_field,,https://discover.va.gov/va-locator-facility-list/
nca_939,Northwoods National Cemetery,discoverva_va_locator_facility_list,939,va_cemetery,45.6852782,,"Harshaw, WI",,,Harshaw,WI,,US,current_record,record_field,,https://discover.va.gov/va-locator-facility-list/
nca_940,Fargo National Cemetery,discoverva_va_locator_facility_list,940,va_cemetery,46.9354336,,"Harwood, ND",,,Harwood,ND,,US,current_record,record_field,,https://discover.va.gov/va-locator-facility-list/
nca_941,Snake River Canyon National Cemetery,discoverva_va_locator_facility_list,941,va_cemetery,42.6007057,,"Buhl, ID",,,Buhl,ID,,US,current_record,record_field,,https://discover.va.gov/va-locator-facility-list/
nca_944,Acadia National Cemetery,discoverva_va_locator_facility_list,944,va_cemetery,44.6462265,,"Jonesboro, ME",,,Jonesboro,ME,,US,current_record,record_field,,https://discover.va.gov/va-locator-facility-list/
nca_945,Cheyenne National Cemetery,discoverva_va_locator_facility_list,945,va_cemetery,41.1789532,,"Cheyenne, WY",,,Cheyenne,WY,,US,current_record,record_field,,https://discover.va.gov/va-locator-facility-list/
nca_951,Fort Lawton Post Cemetery,discoverva_va_locator_facility_list,951,va_cemetery,47.6605247,,"Seattle, WA",,,Seattle,WA,,US,current_record,record_field,,https://discover.va.gov/va-locator-facility-list/
nca_952,Fort Missoula Post Cemetery,discoverva_va_locator_facility_list,952,va_cemetery,46.8468634,,"Missoula, MT",,,Missoula,MT,,US,current_record,record_field,,https://discover.va.gov/va-locator-facility-list/
nca_953,Fort Sheridan National Cemetery,discoverva_va_locator_facility_list,953,va_cemetery,42.2237266,,"Ft Sheridan, IL",,,Ft Sheridan,IL,,US,current_record,record_field,,https://discover.va.gov/va-locator-facility-list/
nca_954,Vancouver Barracks National Cemetery,discoverva_va_locator_facility_list,954,va_cemetery,45.6395655,,"Vancouver, WA",,,Vancouver,WA,,US,current_record,record_field,,https://discover.va.gov/va-locator-facility-list/
nca_955,Fort McClellan Post Cemetery,discoverva_va_locator_facility_list,955,va_cemetery,33.7302679,,"Anniston, AL",,,Anniston,AL,,US,current_record,record_field,,https://discover.va.gov/va-locator-facility-list/
nca_957,Fort Douglas Post Cemetery,discoverva_va_locator_facility_list,957,va_cemetery,40.7604944,,"Salt Lake City, UT",,,Salt Lake City,UT,,US,current_record,record_field,,https://discover.va.gov/va-locator-facility-list/
nca_958,Fort Worden Post Cemetery,discoverva_va_locator_facility_list,958,va_cemetery,48.1336907,,"Port Townsend, WA",,,Port Townsend,WA,,US,current_record,record_field,,https://discover.va.gov/va-locator-facility-list/
nca_959,Fort Stevens National Cemetery,discoverva_va_locator_facility_list,959,va_cemetery,46.1948252,,"Hammond, OR",,,Hammond,OR,,US,current_record,record_field,,https://discover.va.gov/va-locator-facility-list/
nca_960,Fort Devens Post Cemetery,discoverva_va_locator_facility_list,960,va_cemetery,42.529261,,"Devens, MA",,,Devens,MA,,US,current_record,record_field,,https://discover.va.gov/va-locator-facility-list/
nca_961,Benicia Arsenal Post Cemetery,discoverva_va_locator_facility_list,961,va_cemetery,38.0510733,,"Benicia, CA",,,Benicia,CA,,US,current_record,record_field,,https://discover.va.gov/va-locator-facility-list/
nca_962,Mare Island Naval Cemetery,discoverva_va_locator_facility_list,962,va_cemetery,38.079654,,"Vallejo, CA",,,Vallejo,CA,,US,current_record,record_field,,https://discover.va.gov/va-locator-facility-list/
nca_970,Louisiana National Cemetery,discoverva_va_locator_facility_list,970,va_cemetery,30.6467642,,"Zachary, LA",,,Zachary,LA,,US,current_record,record_field,,https://discover.va.gov/va-locator-facility-list/
nca_971,Morovis National Cemetery,discoverva_va_locator_facility_list,971,va_cemetery,18.3526141,,"Morovis, PR",,,Morovis,PR,,US,current_record,record_field,,https://discover.va.gov/va-locator-facility-list/
nca_992,Miramar National Cemetery,discoverva_va_locator_facility_list,992,va_cemetery,32.872725,,"San Diego, CA",,,San Diego,CA,,US,current_record,record_field,,https://discover.va.gov/va-locator-facility-list/
nca_s1001,Alabama State Veterans Memorial Cemetery at Spanish Fort,discoverva_va_locator_facility_list,,va_cemetery,30.7346233,,"Spanish Fort, AL",,,Spanish Fort,AL,,US,current_record,record_field,,https://discover.va.gov/va-locator-facility-list/
nca_s1002,Arizona Veterans Memorial Cemetery at Camp Navajo,discoverva_va_locator_facility_list,,va_cemetery,35.23669537,,"Bellemont, AZ",,,Bellemont,AZ,,US,current_record,record_field,,https://discover.va.gov/va-locator-facility-list/
nca_s1003,Arizona Veterans Memorial Cemetery at Marana,discoverva_va_locator_facility_list,,va_cemetery,32.49484897,,"Marana, AZ",,,Marana,AZ,,US,current_record,record_field,,https://discover.va.gov/va-locator-facility-list/
nca_s1004,Monte Calvario Veterans Cemetery,discoverva_va_locator_facility_list,,va_cemetery,32.11461661,,"Tucson, AZ",,,Tucson,AZ,,US,current_record,record_field,,https://discover.va.gov/va-locator-facility-list/
nca_s1005,San Carlos Apache Tribal Veterans Cemetery,discoverva_va_locator_facility_list,,va_cemetery,33.29260215,,"San Carlos, AZ",,,San Carlos,AZ,,US,current_record,record_field,,https://discover.va.gov/va-locator-facility-list/
nca_s1006,Southern Arizona Veterans Memorial Cemetery,discoverva_va_locator_facility_list,,va_cemetery,31.54017549,,"Sierra Vista, AZ",,,Sierra Vista,AZ,,US,current_record,record_field,,https://discover.va.gov/va-locator-facility-list/
nca_s1007,Arkansas State Veterans Cemetery at North Little Rock,discoverva_va_locator_facility_list,,va_cemetery,34.84093784,,"North Little Rock, AR",,,North Little Rock,AR,,US,current_record,record_field,,https://discover.va.gov/va-locator-facility-list/
nca_s1008,Arkansas State Veterans Cemetery at Birdeye,discoverva_va_locator_facility_list,,va_cemetery,35.39308983,,"Birdeye, AR",,,Birdeye,AR,,US,current_record,record_field,,https://discover.va.gov/va-locator-facility-list/
nca_s1009,Big Sandy Rancheria Veterans Cemetery,discoverva_va_locator_facility_list,,va_cemetery,37.081576,,"Auberry, CA",,,Auberry,CA,,US,current_record,record_field,,https://discover.va.gov/va-locator-facility-list/
nca_s1011,California Central Coast Veterans Cemetery,discoverva_va_locator_facility_list,,va_cemetery,36.63731481,,"Seaside, CA",,,Seaside,CA,,US,current_record,record_field,,https://discover.va.gov/va-locator-facility-list/
nca_s1012,Northern California Veterans Cemetery,discoverva_va_locator_facility_list,,va_cemetery,40.47852893,,"Igo, CA",,,Igo,CA,,US,current_record,record_field,,https://discover.va.gov/va-locator-facility-list/
nca_s1015,Yurok Veterans Cemetery,discoverva_va_locator_facility_list,,va_cemetery,41.19953687,,"Weitchpec, CA",,,Weitchpec,CA,,US,current_record,record_field,,https://discover.va.gov/va-locator-facility-list/
nca_s1016,Veterans Memorial Cemetery of Western Colorado,discoverva_va_locator_facility_list,,va_cemetery,39.06294043,,"Grand Junction, CO",,,Grand Junction,CO,,US,current_record,record_field,,https://discover.va.gov/va-locator-facility-list/
nca_s1021,Connecticut State Veterans Cemetery,discoverva_va_locator_facility_list,,va_cemetery,41.54896346,,"Middletown, CT",,,Middletown,CT,,US,current_record,record_field,,https://discover.va.gov/va-locator-facility-list/
nca_s1022,Delaware Veterans Memorial Cemetery - New Castle County,discoverva_va_locator_facility_list,,va_cemetery,39.54820302,,"Bear, DE",,,Bear,DE,,US,current_record,record_field,,https://discover.va.gov/va-locator-facility-list/
nca_s1023,Delaware Veterans Memorial Cemetery - Sussex County,discoverva_va_locator_facility_list,,va_cemetery,38.61422144,,"Millsboro, DE",,,Millsboro,DE,,US,current_record,record_field,,https://discover.va.gov/va-locator-facility-list/
nca_s1025,Georgia Veterans Memorial Cemetery - Milledgeville,discoverva_va_locator_facility_list,,va_cemetery,33.01024697,,"Milledgeville, GA",,,Milledgeville,GA,,US,current_record,record_field,,https://discover.va.gov/va-locator-facility-list/
nca_s1026,Georgia Veterans Memorial Cemetery - Glennville,discoverva_va_locator_facility_list,,va_cemetery,31.95918973,,"Glennville, GA",,,Glennville,GA,,US,current_record,record_field,,https://discover.va.gov/va-locator-facility-list/
nca_s1028,Hawaii State Veterans Cemetery,discoverva_va_locator_facility_list,,va_cemetery,21.38922219,,"Kaneohe, HI",,,Kaneohe,HI,,US,current_record,record_field,,https://discover.va.gov/va-locator-facility-list/
nca_s1029,East Hawaii Veterans Cemetery - 1,discoverva_va_locator_facility_list,,va_cemetery,19.72023193,,"Hilo, HI",,,Hilo,HI,,US,current_record,record_field,,https://discover.va.gov/va-locator-facility-list/
nca_s1030,East Hawaii Veterans Cemetery - 2,discoverva_va_locator_facility_list,,va_cemetery,19.7182322,,"Hilo, HI",,,Hilo,HI,,US,current_record,record_field,,https://discover.va.gov/va-locator-facility-list/
nca_s1031,Kauai Veterans Cemetery,discoverva_va_locator_facility_list,,va_cemetery,21.90329332,,"Hanapepe, HI",,,Hanapepe,HI,,US,current_record,record_field,,https://discover.va.gov/va-locator-facility-list/
nca_s1032,Maui Veterans Cemetery,discoverva_va_locator_facility_list,,va_cemetery,20.86121793,,"Makawao, HI",,,Makawao,HI,,US,current_record,record_field,,https://discover.va.gov/va-locator-facility-list/
nca_s1033,Molokai Veterans Cemetery,discoverva_va_locator_facility_list,,va_cemetery,21.1771088,,"Hoolehua, HI",,,Hoolehua,HI,,US,current_record,record_field,,https://discover.va.gov/va-locator-facility-list/
nca_s1034,West Hawaii State Veterans Cemetery,discoverva_va_locator_facility_list,,va_cemetery,19.79353823,,"Kailua-Kona, HI",,,Kailua-Kona,HI,,US,current_record,record_field,,https://discover.va.gov/va-locator-facility-list/
nca_s1035,Lanai Veterans Cemetery,discoverva_va_locator_facility_list,,va_cemetery,20.84777519,,"Lanai City, HI",,,Lanai City,HI,,US,current_record,record_field,,https://discover.va.gov/va-locator-facility-list/
nca_s1036,Idaho State Veterans Cemetery at Boise,discoverva_va_locator_facility_list,,va_cemetery,43.69530009,,"Boise, ID",,,Boise,ID,,US,current_record,record_field,,https://discover.va.gov/va-locator-facility-list/
nca_s1037,Sunset Veterans Cemetery,discoverva_va_locator_facility_list,,va_cemetery,39.959614,,"Quincy, IL",,,Quincy,IL,,US,current_record,record_field,,https://discover.va.gov/va-locator-facility-list/
nca_s1039,Indiana Veterans Memorial Cemetery,discoverva_va_locator_facility_list,,va_cemetery,38.75207941,,"Madison, IN",,,Madison,IN,,US,current_record,record_field,,https://discover.va.gov/va-locator-facility-list/
nca_s1041,Iowa Veterans Cemetery,discoverva_va_locator_facility_list,,va_cemetery,41.54424002,,"Adel, IA",,,Adel,IA,,US,current_record,record_field,,https://discover.va.gov/va-locator-facility-list/
nca_s1044,Kansas Veterans Cemetery at Ft. Dodge,discoverva_va_locator_facility_list,,va_cemetery,37.73156547,,"Dodge City, KS",,,Dodge City,KS,,US,current_record,record_field,,https://discover.va.gov/va-locator-facility-list/
nca_s1045,Kansas Veterans Cemetery at Ft. Riley,discoverva_va_locator_facility_list,,va_cemetery,39.1360106,,"Manhattan, KS",,,Manhattan,KS,,US,current_record,record_field,,https://discover.va.gov/va-locator-facility-list/
nca_s1046,Kansas Veterans Cemetery at WaKeeney,discoverva_va_locator_facility_list,,va_cemetery,39.01722479,,"WaKeeney, KS",,,WaKeeney,KS,,US,current_record,record_field,,https://discover.va.gov/va-locator-facility-list/
nca_s1047,Kansas Veterans Cemetery at Winfield,discoverva_va_locator_facility_list,,va_cemetery,37.26044289,,"Winfield, KS",,,Winfield,KS,,US,current_record,record_field,,https://discover.va.gov/va-locator-facility-list/
nca_s1049,Kentucky Veterans Cemetery - Central,discoverva_va_locator_facility_list,,va_cemetery,37.86823046,,"Radcliff, KY",,,Radcliff,KY,,US,current_record,record_field,,https://discover.va.gov/va-locator-facility-list/
nca_s1050,Kentucky Veterans Cemetery - North,discoverva_va_locator_facility_list,,va_cemetery,38.60904047,,"Williamstown, KY",,,Williamstown,KY,,US,current_record,record_field,,https://discover.va.gov/va-locator-facility-list/
nca_s1051,Kentucky Veterans Cemetery - Northeast,discoverva_va_locator_facility_list,,va_cemetery,38.38271848,,"Grayson, KY",,,Grayson,KY,,US,current_record,record_field,,https://discover.va.gov/va-locator-facility-list/
nca_s1052,Kentucky Veterans Cemetery - Southeast,discoverva_va_locator_facility_list,,va_cemetery,37.16879,,"Hyden, KY",,,Hyden,KY,,US,current_record,record_field,,https://discover.va.gov/va-locator-facility-list/
nca_s1053,Kentucky Veterans Cemetery - West,discoverva_va_locator_facility_list,,va_cemetery,36.79693147,,"Hopkinsville, KY",,,Hopkinsville,KY,,US,current_record,record_field,,https://discover.va.gov/va-locator-facility-list/
nca_s1054,Northwest Louisiana Veterans Cemetery,discoverva_va_locator_facility_list,,va_cemetery,32.2650718,,"Keithville, LA",,,Keithville,LA,,US,current_record,record_field,,https://discover.va.gov/va-locator-facility-list/
nca_s1055,Central Louisiana Veterans Cemetery,discoverva_va_locator_facility_list,,va_cemetery,31.0893258,,"Leesville, LA",,,Leesville,LA,,US,current_record,record_field,,https://discover.va.gov/va-locator-facility-list/
nca_s1056,Northeast Louisiana Veterans Cemetery,discoverva_va_locator_facility_list,,va_cemetery,32.42335632,,"Rayville, LA",,,Rayville,LA,,US,current_record,record_field,,https://discover.va.gov/va-locator-facility-list/
nca_s1057,Southeast Louisiana Veterans Cemetery,discoverva_va_locator_facility_list,,va_cemetery,30.310458,,"Slidell, LA",,,Slidell,LA,,US,current_record,record_field,,https://discover.va.gov/va-locator-facility-list/
nca_s1058,Houlton Band of Maliseet Indians Veterans Cemetery,discoverva_va_locator_facility_list,,va_cemetery,46.18689,,"Littleton, ME",,,Littleton,ME,,US,current_record,record_field,,https://discover.va.gov/va-locator-facility-list/
nca_s1060,Central Maine Veterans Cemetery - Civic Center Dr,discoverva_va_locator_facility_list,,va_cemetery,44.35009984,,"Augusta, ME",,,Augusta,ME,,US,current_record,record_field,,https://discover.va.gov/va-locator-facility-list/
nca_s1061,Central Maine Veterans Cemetery - Mt. Vernon Rd,discoverva_va_locator_facility_list,,va_cemetery,44.3525088,,"Augusta, ME",,,Augusta,ME,,US,current_record,record_field,,https://discover.va.gov/va-locator-facility-list/
nca_s1062,Northern Maine Veterans Cemetery,discoverva_va_locator_facility_list,,va_cemetery,46.85125481,,"Caribou, ME",,,Caribou,ME,,US,current_record,record_field,,https://discover.va.gov/va-locator-facility-list/
nca_s1063,Southern Maine Veterans Cemetery,discoverva_va_locator_facility_list,,va_cemetery,43.48095052,,"Springvale, ME",,,Springvale,ME,,US,current_record,record_field,,https://discover.va.gov/va-locator-facility-list/
nca_s1065,Cheltenham Veterans Cemetery,discoverva_va_locator_facility_list,,va_cemetery,38.73252721,,"Cheltenham, MD",,,Cheltenham,MD,,US,current_record,record_field,,https://discover.va.gov/va-locator-facility-list/
nca_s1066,Crownsville Veterans Cemetery,discoverva_va_locator_facility_list,,va_cemetery,39.06376514,,"Crownsville, MD",,,Crownsville,MD,,US,current_record,record_field,,https://discover.va.gov/va-locator-facility-list/
nca_s1067,Eastern Shore Veterans Cemetery,discoverva_va_locator_facility_list,,va_cemetery,38.67473895,,"Hurlock, MD",,,Hurlock,MD,,US,current_record,record_field,,https://discover.va.gov/va-locator-facility-list/
nca_s1068,Garrison Forest Veterans Cemetery,discoverva_va_locator_facility_list,,va_cemetery,39.4406757,,"Owings Mills, MD",,,Owings Mills,MD,,US,current_record,record_field,,https://discover.va.gov/va-locator-facility-list/
nca_s1069,Rocky Gap Veterans Cemetery,discoverva_va_locator_facility_list,,va_cemetery,39.71969019,,"Flintstone, MD",,,Flintstone,MD,,US,current_record,record_field,,https://discover.va.gov/va-locator-facility-list/
nca_s1070,Massachusetts State Veterans Cemetery - Agawam,discoverva_va_locator_facility_list,,va_cemetery,42.04619742,,"Agawam, MA",,,Agawam,MA,,US,current_record,record_field,,https://discover.va.gov/va-locator-facility-list/
nca_s1071,Massachusetts State Veterans Cemetery - Winchendon,discoverva_va_locator_facility_list,,va_cemetery,42.68524705,,"Winchendon, MA",,,Winchendon,MA,,US,current_record,record_field,,https://discover.va.gov/va-locator-facility-list/
nca_s1073,Minnesota State Veterans Cemetery - Duluth,discoverva_va_locator_facility_list,,va_cemetery,46.81963,,"Saginaw, MN",,,Saginaw,MN,,US,current_record,record_field,,https://discover.va.gov/va-locator-facility-list/
nca_s1074,Minnesota State Veterans Cemetery - Little Falls,discoverva_va_locator_facility_list,,va_cemetery,46.075064,,"Little Falls, MN",,,Little Falls,MN,,US,current_record,record_field,,https://discover.va.gov/va-locator-facility-list/
nca_s1075,Minnesota State Veterans Cemetery - Preston,discoverva_va_locator_facility_list,,va_cemetery,43.67305877,,"Preston, MN",,,Preston,MN,,US,current_record,record_field,,https://discover.va.gov/va-locator-facility-list/
nca_s1077,Mississippi Veterans Memorial Cemetery - Newton,discoverva_va_locator_facility_list,,va_cemetery,32.33802844,,"Newton, MS",,,Newton,MS,,US,current_record,record_field,,https://discover.va.gov/va-locator-facility-list/
nca_s1079,Missouri State Veterans Cemetery - Higginsville,discoverva_va_locator_facility_list,,va_cemetery,39.09525518,,"Higginsville, MO",,,Higginsville,MO,,US,current_record,record_field,,https://discover.va.gov/va-locator-facility-list/
nca_s1080,Missouri State Veterans Cemetery - Springfield,discoverva_va_locator_facility_list,,va_cemetery,37.11761698,,"Springfield, MO",,,Springfield,MO,,US,current_record,record_field,,https://discover.va.gov/va-locator-facility-list/
nca_s1081,Missouri State Veterans Cemetery - Bloomfield,discoverva_va_locator_facility_list,,va_cemetery,36.86419724,,"Bloomfield, MO",,,Bloomfield,MO,,US,current_record,record_field,,https://discover.va.gov/va-locator-facility-list/
nca_s1082,Missouri State Veterans Cemetery - Fort Leonard Wood,discoverva_va_locator_facility_list,,va_cemetery,37.79200506,,"Waynesville, MO",,,Waynesville,MO,,US,current_record,record_field,,https://discover.va.gov/va-locator-facility-list/
nca_s1083,Missouri State Veterans Cemetery - Jacksonville,discoverva_va_locator_facility_list,,va_cemetery,39.58157197,,"Jacksonville, MO",,,Jacksonville,MO,,US,current_record,record_field,,https://discover.va.gov/va-locator-facility-list/
nca_s1085,Montana State Veterans Cemetery - Fort Harrison,discoverva_va_locator_facility_list,,va_cemetery,46.615728,,"Fort Harrison, MT",,,Fort Harrison,MT,,US,current_record,record_field,,https://discover.va.gov/va-locator-facility-list/
nca_s1086,Eastern Montana State Veterans Cemetery - Miles City,discoverva_va_locator_facility_list,,va_cemetery,46.37917866,,"Miles City, MT",,,Miles City,MT,,US,current_record,record_field,,https://discover.va.gov/va-locator-facility-list/
nca_s1088,Western Montana State Veterans Cemetery - Missoula,discoverva_va_locator_facility_list,,va_cemetery,46.85311848,,"Missoula, MT",,,Missoula,MT,,US,current_record,record_field,,https://discover.va.gov/va-locator-facility-list/
nca_s1089,Nebraska Veterans Cemetery at Alliance,discoverva_va_locator_facility_list,,va_cemetery,42.07333205,,"Alliance, NE",,,Alliance,NE,,US,current_record,record_field,,https://discover.va.gov/va-locator-facility-list/
nca_s1091,Northern Nevada Veterans Memorial Cemetery,discoverva_va_locator_facility_list,,va_cemetery,39.61664807,,"Fernley, NV",,,Fernley,NV,,US,current_record,record_field,,https://discover.va.gov/va-locator-facility-list/
nca_s1092,Southern Nevada Veterans Memorial Cemetery,discoverva_va_locator_facility_list,,va_cemetery,35.94647905,,"Boulder City, NV",,,Boulder City,NV,,US,current_record,record_field,,https://discover.va.gov/va-locator-facility-list/
nca_s1093,New Hampshire State Veterans Cemetery,discoverva_va_locator_facility_list,,va_cemetery,43.33266994,,"Boscawen, NH",,,Boscawen,NH,,US,current_record,record_field,,https://discover.va.gov/va-locator-facility-list/
nca_s1094,Brigadier General William C. Doyle Veterans Memorial Cemetery,discoverva_va_locator_facility_list,,va_cemetery,40.09400688,,"Wrightstown, NJ",,,Wrightstown,NJ,,US,current_record,record_field,,https://discover.va.gov/va-locator-facility-list/
nca_s1096,Fort Stanton State Veterans Cemetery,discoverva_va_locator_facility_list,,va_cemetery,33.41641,,"Fort Stanton, NM",,,Fort Stanton,NM,,US,current_record,record_field,,https://discover.va.gov/va-locator-facility-list/
nca_s1098,Coastal Carolina State Veterans Cemetery,discoverva_va_locator_facility_list,,va_cemetery,34.74723705,,"Jacksonville, NC",,,Jacksonville,NC,,US,current_record,record_field,,https://discover.va.gov/va-locator-facility-list/
nca_s1099,Eastern Carolina State Veterans Cemetery,discoverva_va_locator_facility_list,,va_cemetery,35.34576283,,"Goldsboro, NC",,,Goldsboro,NC,,US,current_record,record_field,,https://discover.va.gov/va-locator-facility-list/
nca_s1100,Sandhills State Veterans Cemetery,discoverva_va_locator_facility_list,,va_cemetery,35.15805616,,"Spring Lake, NC",,,Spring Lake,NC,,US,current_record,record_field,,https://discover.va.gov/va-locator-facility-list/
nca_s1101,Western Carolina State Veterans Cemetery,discoverva_va_locator_facility_list,,va_cemetery,35.6097637,,"Black Mountain, NC",,,Black Mountain,NC,,US,current_record,record_field,,https://discover.va.gov/va-locator-facility-list/
nca_s1102,North Dakota Veterans Cemetery,discoverva_va_locator_facility_list,,va_cemetery,46.74885208,,"Mandan, ND",,,Mandan,ND,,US,current_record,record_field,,https://discover.va.gov/va-locator-facility-list/
nca_s1104,Seminole Nation and Veterans Memorial Cemetery,discoverva_va_locator_facility_list,,va_cemetery,35.18844849,,"Wewoka, OK",,,Wewoka,OK,,US,current_record,record_field,,https://discover.va.gov/va-locator-facility-list/
nca_s1105,Ohio Veterans Home Cemetery,discoverva_va_locator_facility_list,,va_cemetery,41.41941898,,"Sandusky, OH",,,Sandusky,OH,,US,current_record,record_field,,https://discover.va.gov/va-locator-facility-list/
nca_s1106,Pennsylvania Soldiers' and Sailors' Home Cemetery,discoverva_va_locator_facility_list,,va_cemetery,42.13721018,,"Erie, PA",,,Erie,PA,,US,current_record,record_field,,https://discover.va.gov/va-locator-facility-list/
nca_s1107,Atlantic Garden Veteran Cemetery,discoverva_va_locator_facility_list,,va_cemetery,18.50060531,,"Aguadilla, PR",,,Aguadilla,PR,,US,current_record,record_field,,https://discover.va.gov/va-locator-facility-list/
nca_s1108,Rhode Island Veterans Memorial Cemetery,discoverva_va_locator_facility_list,,va_cemetery,41.54513535,,"Exeter, RI",,,Exeter,RI,,US,current_record,record_field,,https://discover.va.gov/va-locator-facility-list/
nca_s1109,M.J. Dolly Cooper Veterans Cemetery,discoverva_va_locator_facility_list,,va_cemetery,34.48032502,,"Anderson, SC",,,Anderson,SC,,US,current_record,record_field,,https://discover.va.gov/va-locator-facility-list/
nca_s1111,Sicangu Akicita Owicahe Veterans Cemetery,discoverva_va_locator_facility_list,,va_cemetery,43.4311436,,"White River, SD",,,White River,SD,,US,current_record,record_field,,https://discover.va.gov/va-locator-facility-list/
nca_s1112,Akicita Owicahe Lakota Freedom Veterans Cemetery,discoverva_va_locator_facility_list,,va_cemetery,43.45139374,,"Kyle, SD",,,Kyle,SD,,US,current_record,record_field,,https://discover.va.gov/va-locator-facility-list/
nca_s1114,East Tennessee State Veterans Cemetery - Gov. John Sevier Hwy,discoverva_va_locator_facility_list,,va_cemetery,35.95144623,,"Knoxville, TN",,,Knoxville,TN,,US,current_record,record_field,,https://discover.va.gov/va-locator-facility-list/
nca_s1115,East Tennessee State Veterans Cemetery - Lyons View Pike,discoverva_va_locator_facility_list,,va_cemetery,35.92518319,,"Knoxville, TN",,,Knoxville,TN,,US,current_record,record_field,,https://discover.va.gov/va-locator-facility-list/
nca_s1116,Middle Tennessee State Veterans Cemetery,discoverva_va_locator_facility_list,,va_cemetery,36.08502014,,"Nashville, TN",,,Nashville,TN,,US,current_record,record_field,,https://discover.va.gov/va-locator-facility-list/
nca_s1117,West Tennessee State Veterans Cemetery,discoverva_va_locator_facility_list,,va_cemetery,35.03748991,,"Memphis, TN",,,Memphis,TN,,US,current_record,record_field,,https://discover.va.gov/va-locator-facility-list/
nca_s1119,Central Texas State Veterans Cemetery in Killeen,discoverva_va_locator_facility_list,,va_cemetery,31.02683631,,"Killeen, TX",,,Killeen,TX,,US,current_record,record_field,,https://discover.va.gov/va-locator-facility-list/
nca_s1120,Rio Grande Valley State Veterans Cemetery in Mission,discoverva_va_locator_facility_list,,va_cemetery,26.18578366,,"Mission, TX",,,Mission,TX,,US,current_record,record_field,,https://discover.va.gov/va-locator-facility-list/
nca_s1121,Texas State Veterans Cemetery in Abilene,discoverva_va_locator_facility_list,,va_cemetery,32.55077431,,"Abilene, TX",,,Abilene,TX,,US,current_record,record_field,,https://discover.va.gov/va-locator-facility-list/
nca_s1122,Coastal Bend State Veterans Cemetery in Corpus Christi,discoverva_va_locator_facility_list,,va_cemetery,27.84100834,,"Corpus Christi, TX",,,Corpus Christi,TX,,US,current_record,record_field,,https://discover.va.gov/va-locator-facility-list/
nca_s1123,Utah Veterans Cemetery and Memorial Park,discoverva_va_locator_facility_list,,va_cemetery,40.44244815,,"Bluffdale, UT",,,Bluffdale,UT,,US,current_record,record_field,,https://discover.va.gov/va-locator-facility-list/
nca_s1125,Vermont Veterans Memorial Cemetery,discoverva_va_locator_facility_list,,va_cemetery,43.94324031,,"Randolph Center, VT",,,Randolph Center,VT,,US,current_record,record_field,,https://discover.va.gov/va-locator-facility-list/
nca_s1127,"Albert G. Horton, Jr. Memorial Veterans Cemetery",discoverva_va_locator_facility_list,,va_cemetery,36.82267085,,"Suffolk, VA",,,Suffolk,VA,,US,current_record,record_field,,https://discover.va.gov/va-locator-facility-list/
nca_s1128,Southwest Virginia Veterans Cemetery,discoverva_va_locator_facility_list,,va_cemetery,37.10411962,,"Dublin, VA",,,Dublin,VA,,US,current_record,record_field,,https://discover.va.gov/va-locator-facility-list/
nca_s1129,Virginia Veterans Cemetery in Amelia,discoverva_va_locator_facility_list,,va_cemetery,37.3605898,,"Amelia, VA",,,Amelia,VA,,US,current_record,record_field,,https://discover.va.gov/va-locator-facility-list/
nca_s1130,Washington State Veterans Cemetery in Medical Lake,discoverva_va_locator_facility_list,,va_cemetery,47.58623411,,"Medical Lake, WA",,,Medical Lake,WA,,US,current_record,record_field,,https://discover.va.gov/va-locator-facility-list/
nca_s1133,Donel C. Kinnard Memorial State Veterans Cemetery,discoverva_va_locator_facility_list,,va_cemetery,38.38147901,,"Dunbar, WV",,,Dunbar,WV,,US,current_record,record_field,,https://discover.va.gov/va-locator-facility-list/
nca_s1135,Central Wisconsin Veterans Memorial Cemetery,discoverva_va_locator_facility_list,,va_cemetery,44.33534474,,"King, WI",,,King,WI,,US,current_record,record_field,,https://discover.va.gov/va-locator-facility-list/
nca_s1136,Northern Wisconsin Veterans Memorial Cemetery,discoverva_va_locator_facility_list,,va_cemetery,45.78352173,,"Spooner, WI",,,Spooner,WI,,US,current_record,record_field,,https://discover.va.gov/va-locator-facility-list/
nca_s1137,Southern Wisconsin Veterans Memorial Cemetery,discoverva_va_locator_facility_list,,va_cemetery,42.69857012,,"Union Grove, WI",,,Union Grove,WI,,US,current_record,record_field,,https://discover.va.gov/va-locator-facility-list/
nca_s1138,Oregon Trail State Veterans Cemetery,discoverva_va_locator_facility_list,,va_cemetery,42.87226867,,"Evansville, WY",,,Evansville,WY,,US,current_record,record_field,,https://discover.va.gov/va-locator-facility-list/
nca_s1139,Guam Veterans Cemetery,discoverva_va_locator_facility_list,,va_cemetery,13.45798398,,"Piti, GU",,,Piti,GU,,US,current_record,record_field,,https://discover.va.gov/va-locator-facility-list/
nca_s1141,Leech Lake Veterans Cemetery - Cass Lake,discoverva_va_locator_facility_list,,va_cemetery,47.39826,,"Cass Lake, MN",,,Cass Lake,MN,,US,current_record,record_field,,https://discover.va.gov/va-locator-facility-list/
nca_s1142,Mississippi Veterans Memorial Cemetery - Kilmichael,discoverva_va_locator_facility_list,,va_cemetery,33.447506,,"Kilmichael, MS",,,Kilmichael,MS,,US,current_record,record_field,,https://discover.va.gov/va-locator-facility-list/
nca_s1144,Tennessee State Veterans Cemetery at Parkers Crossroads,discoverva_va_locator_facility_list,,va_cemetery,35.792,,"Parkers Crossroads, TN",,,Parkers Crossroads,TN,,US,current_record,record_field,,https://discover.va.gov/va-locator-facility-list/
nca_s1145,Southwest Louisiana Veterans Cemetery,discoverva_va_locator_facility_list,,va_cemetery,30.2432348,,"Jennings, LA",,,Jennings,LA,,US,current_record,record_field,,https://discover.va.gov/va-locator-facility-list/
nca_s1146,All Nations Veterans Cemetery - Ft. Yates,discoverva_va_locator_facility_list,,va_cemetery,45.958055,,"Ft. Yates, ND",,,Ft. Yates,ND,,US,current_record,record_field,,https://discover.va.gov/va-locator-facility-list/
nca_s1147,Gallup State Veterans Cemetery,discoverva_va_locator_facility_list,,va_cemetery,35.528076,,"Gallup, NM",,,Gallup,NM,,US,current_record,record_field,,https://discover.va.gov/va-locator-facility-list/
nca_s1148,Angel Fire State Veterans Cemetery,discoverva_va_locator_facility_list,,va_cemetery,36.37791,,"Angel Fire, NM",,,Angel Fire,NM,,US,current_record,record_field,,https://discover.va.gov/va-locator-facility-list/
nca_s1149,Sisseton-Wahpeton Oyate Veterans Cemetery,discoverva_va_locator_facility_list,,va_cemetery,45.8412,,"Sisseton, SD",,,Sisseton,SD,,US,current_record,record_field,,https://discover.va.gov/va-locator-facility-list/
nca_s1150,White Eagle Cemetery,discoverva_va_locator_facility_list,,va_cemetery,36.70359,,"Ponca City, OK",,,Ponca City,OK,,US,current_record,record_field,,https://discover.va.gov/va-locator-facility-list/
nca_s1151,Apsaalooke Veterans Cemetery,discoverva_va_locator_facility_list,,va_cemetery,45.603878,,"Crow Agency, MT",,,Crow Agency,MT,,US,current_record,record_field,,https://discover.va.gov/va-locator-facility-list/
nca_s1152,Metlakatla Veterans Memorial Cemetery,discoverva_va_locator_facility_list,,va_cemetery,55.122954,,"Metlakatla, AK",,,Metlakatla,AK,,US,current_record,record_field,,https://discover.va.gov/va-locator-facility-list/
nca_s1153,Idaho State Veterans Cemetery at Blackfoot,discoverva_va_locator_facility_list,,va_cemetery,43.182046,,"Blackfoot, ID",,,Blackfoot,ID,,US,current_record,record_field,,https://discover.va.gov/va-locator-facility-list/
nca_s1155,South Dakota Veterans Cemetery,discoverva_va_locator_facility_list,,va_cemetery,43.623386,,"Sioux Falls, SD",,,Sioux Falls,SD,,US,current_record,record_field,,https://discover.va.gov/va-locator-facility-list/
nca_s1159,Minnesota State Veterans Cemetery - Redwood Falls,discoverva_va_locator_facility_list,,va_cemetery,44.538187,,"Redwood Falls, MN",,,Redwood Falls,MN,,US,current_record,record_field,,https://discover.va.gov/va-locator-facility-list/
nca_s1160,New York State Veterans Cemetery - Finger Lakes,discoverva_va_locator_facility_list,,va_cemetery,42.702455,,"Romulus, NY",,,Romulus,NY,,US,current_record,record_field,,https://discover.va.gov/va-locator-facility-list/
nca_s1161,Seaman First Class Billy Turner Veterans Cemetery,discoverva_va_locator_facility_list,,va_cemetery,34.1585247,,"Ardmore, OK",,,Ardmore,OK,,US,current_record,record_field,,https://discover.va.gov/va-locator-facility-list/
vba_301,Boston VA Regional Benefit Office,discoverva_va_locator_facility_list,301,va_benefits_facility,42.36138918,,"Boston, MA",,,Boston,MA,,US,current_record,record_field,,https://discover.va.gov/va-locator-facility-list/
vba_301b,Veteran Readiness and Employment Office at Worcester VA Clinic,discoverva_va_locator_facility_list,301b,va_benefits_facility,42.29755654,,"Worcester, MA",,,Worcester,MA,,US,current_record,record_field,,https://discover.va.gov/va-locator-facility-list/
vba_304,Providence VA Regional Benefit Office,discoverva_va_locator_facility_list,304,va_benefits_facility,41.82127103,,"Providence, RI",,,Providence,RI,,US,current_record,record_field,,https://discover.va.gov/va-locator-facility-list/
vba_304a,VA Regional Benefit Satellite Office at Providence VA Medical Center,discoverva_va_locator_facility_list,304a,va_benefits_facility,41.831253,,"Providence, RI",,,Providence,RI,,US,current_record,record_field,,https://discover.va.gov/va-locator-facility-list/
vba_304l,VA Regional Benefit Satellite Office at Middletown VA Clinic,discoverva_va_locator_facility_list,304l,va_benefits_facility,41.5304238,,"Middletown, RI",,,Middletown,RI,,US,current_record,record_field,,https://discover.va.gov/va-locator-facility-list/
vba_304m,VA Regional Benefit Satellite Office at Cape Cod Vet Center,discoverva_va_locator_facility_list,304m,va_benefits_facility,41.650049,,"Hyannis, MA",,,Hyannis,MA,,US,current_record,record_field,,https://discover.va.gov/va-locator-facility-list/
vba_304n,VA Regional Benefit Satellite Office at New Bedford VA Clinic,discoverva_va_locator_facility_list,304n,va_benefits_facility,41.635938,,"New Bedford, MA",,,New Bedford,MA,,US,current_record,record_field,,https://discover.va.gov/va-locator-facility-list/
vba_304o,VA Regional Benefit Satellite Office at Providence Vet Center,discoverva_va_locator_facility_list,304o,va_benefits_facility,41.721288,,"Warwick, MA",,,Warwick,MA,,US,current_record,record_field,,https://discover.va.gov/va-locator-facility-list/
vba_306,New York VA Regional Benefit Office,discoverva_va_locator_facility_list,306,va_benefits_facility,40.727944,,"New York, NY",,,New York,NY,,US,current_record,record_field,,https://discover.va.gov/va-locator-facility-list/
vba_306b,VA Regional Benefit Satellite Office at Samuel S. Stratton Department of Veterans Affairs Medical Center,discoverva_va_locator_facility_list,306b,va_benefits_facility,42.65073,,"Albany, NY",,,Albany,NY,,US,current_record,record_field,,https://discover.va.gov/va-locator-facility-list/
vba_306f,VA Regional Benefit Satellite Office at Castle Point VA Medical Center,discoverva_va_locator_facility_list,306f,va_benefits_facility,41.54039811,,"Wappingers Falls, NY",,,Wappingers Falls,NY,,US,current_record,record_field,,https://discover.va.gov/va-locator-facility-list/
vba_306j,VA Regional Benefit Satellite Office at Northport VA Medical Center,discoverva_va_locator_facility_list,306j,va_benefits_facility,40.898853,,"Northport, NY",,,Northport,NY,,US,current_record,record_field,,https://discover.va.gov/va-locator-facility-list/
vba_307,Buffalo VA Regional Benefit Office,discoverva_va_locator_facility_list,307,va_benefits_facility,42.88818214,,"Buffalo, NY",,,Buffalo,NY,,US,current_record,record_field,,https://discover.va.gov/va-locator-facility-list/
vba_307a,VA Regional Benefit Satellite Office at Rochester Calkins VA Clinic,discoverva_va_locator_facility_list,307a,va_benefits_facility,43.06828614,,"Rochester, NY",,,Rochester,NY,,US,current_record,record_field,,https://discover.va.gov/va-locator-facility-list/
vba_308,Hartford VA Regional Benefit Office at Newington VA Clinic,discoverva_va_locator_facility_list,308,va_benefits_facility,41.702148,,"Newington, CT",,,Newington,CT,,US,current_record,record_field,,https://discover.va.gov/va-locator-facility-list/
vba_308b,VA Regional Benefit Satellite Office at Naval Submarine Base New London,discoverva_va_locator_facility_list,308b,va_benefits_facility,41.38783958,,"Groton, CT",,,Groton,CT,,US,current_record,record_field,,https://discover.va.gov/va-locator-facility-list/
vba_308d,Veteran Readiness and Employment Office at Naval Submarine Base New London,discoverva_va_locator_facility_list,308d,va_benefits_facility,41.3929568,,"Groton, CT",,,Groton,CT,,US,current_record,record_field,,https://discover.va.gov/va-locator-facility-list/
vba_309,Newark VA Regional Benefit Office,discoverva_va_locator_facility_list,309,va_benefits_facility,40.74266336,,"Newark, NJ",,,Newark,NJ,,US,current_record,record_field,,https://discover.va.gov/va-locator-facility-list/
vba_310,Philadelphia VA Regional Benefit Office,discoverva_va_locator_facility_list,310,va_benefits_facility,40.0185372,,"Philadelphia, PA",,,Philadelphia,PA,,US,current_record,record_field,,https://discover.va.gov/va-locator-facility-list/
vba_311,Pittsburgh VA Regional Benefit Office,discoverva_va_locator_facility_list,311,va_benefits_facility,40.44369347,,"Pittsburgh, PA",,,Pittsburgh,PA,,US,current_record,record_field,,https://discover.va.gov/va-locator-facility-list/
vba_313,Baltimore VA Regional Benefit Office,discoverva_va_locator_facility_list,313,va_benefits_facility,39.28842379,,"Baltimore, MD",,,Baltimore,MD,,US,current_record,record_field,,https://discover.va.gov/va-locator-facility-list/
vba_314,Roanoke VA Regional Benefit Office,discoverva_va_locator_facility_list,314,va_benefits_facility,37.26878488,,"Roanoke, VA",,,Roanoke,VA,,US,current_record,record_field,,https://discover.va.gov/va-locator-facility-list/
vba_314b,VA Regional Benefit Satellite Office at Norfolk,discoverva_va_locator_facility_list,314b,va_benefits_facility,36.87799237,,"Norfolk, VA",,,Norfolk,VA,,US,current_record,record_field,,https://discover.va.gov/va-locator-facility-list/
vba_314g,VA Regional Benefit Satellite Office at The Net Center,discoverva_va_locator_facility_list,314g,va_benefits_facility,37.02387646,,"Hampton, VA",,,Hampton,VA,,US,current_record,record_field,,https://discover.va.gov/va-locator-facility-list/
vba_314i,VA Regional Benefit Satellite Office at Lewis F. Powell Jr. US Courthouse Annex,discoverva_va_locator_facility_list,314i,va_benefits_facility,37.49792643,,"Richmond, VA",,,Richmond,VA,,US,current_record,record_field,,https://discover.va.gov/va-locator-facility-list/
vba_315,Huntington VA Regional Benefit Office,discoverva_va_locator_facility_list,315,va_benefits_facility,38.42004599,,"Huntington, WV",,,Huntington,WV,,US,current_record,record_field,,https://discover.va.gov/va-locator-facility-list/
vba_316,Atlanta VA Regional Benefit Office,discoverva_va_locator_facility_list,316,va_benefits_facility,33.80355659,,"Decatur, GA",,,Decatur,GA,,US,current_record,record_field,,https://discover.va.gov/va-locator-facility-list/
vba_317,St. Petersburg VA Regional Benefit Office,discoverva_va_locator_facility_list,317,va_benefits_facility,27.81372377,,"St. Petersburg, FL",,,St. Petersburg,FL,,US,current_record,record_field,,https://discover.va.gov/va-locator-facility-list/
vba_317l,VA Regional Benefit Satellite Office at Lake Baldwin VA Clinic,discoverva_va_locator_facility_list,317l,va_benefits_facility,28.57912348,,"Orlando, FL",,,Orlando,FL,,US,current_record,record_field,,https://discover.va.gov/va-locator-facility-list/
vba_318,Winston-Salem VA Regional Benefit Office,discoverva_va_locator_facility_list,318,va_benefits_facility,36.09688547,,"Winston-Salem, NC",,,Winston-Salem,NC,,US,current_record,record_field,,https://discover.va.gov/va-locator-facility-list/
vba_319,Columbia VA Regional Benefit Office,discoverva_va_locator_facility_list,319,va_benefits_facility,33.97998772,,"Columbia, SC",,,Columbia,SC,,US,current_record,record_field,,https://discover.va.gov/va-locator-facility-list/
vba_319k,Integrated Disability Evaluation System (IDES) at Beaufort Naval Hospital,discoverva_va_locator_facility_list,319k,va_benefits_facility,32.3878324,,"Beaufort, SC",,,Beaufort,SC,,US,current_record,record_field,,https://discover.va.gov/va-locator-facility-list/
vba_320,Nashville VA Regional Benefit Office,discoverva_va_locator_facility_list,320,va_benefits_facility,36.15772525,,"Nashville, TN",,,Nashville,TN,,US,current_record,record_field,,https://discover.va.gov/va-locator-facility-list/
vba_320g,VA Regional Benefits Satellite Office at Fort Campbell,discoverva_va_locator_facility_list,320g,va_benefits_facility,36.638244,,"Fort Campbell, KY",,,Fort Campbell,KY,,US,current_record,record_field,,https://discover.va.gov/va-locator-facility-list/
vba_321,New Orleans VA Regional Benefit Office at New Orleans VA Medical Center,discoverva_va_locator_facility_list,321,va_benefits_facility,29.950831,,"New Orleans, LA",,,New Orleans,LA,,US,current_record,record_field,,https://discover.va.gov/va-locator-facility-list/
vba_322,Montgomery VA Regional Benefit Office,discoverva_va_locator_facility_list,322,va_benefits_facility,32.37587056,,"Montgomery, AL",,,Montgomery,AL,,US,current_record,record_field,,https://discover.va.gov/va-locator-facility-list/
vba_322m,VA Regional Benefit Satellite Office at Hurlburt Field,discoverva_va_locator_facility_list,322m,va_benefits_facility,30.4207072,,"Hurlburt Field, FL",,,Hurlburt Field,FL,,US,current_record,record_field,,https://discover.va.gov/va-locator-facility-list/
vba_323,Jackson VA Regional Benefit Office,discoverva_va_locator_facility_list,323,va_benefits_facility,32.32800133,,"Jackson, MS",,,Jackson,MS,,US,current_record,record_field,,https://discover.va.gov/va-locator-facility-list/
vba_323a,VA Regional Benefit Satellite Office at Biloxi VA Medical Center,discoverva_va_locator_facility_list,323a,va_benefits_facility,30.40904262,,"Biloxi, MS",,,Biloxi,MS,,US,current_record,record_field,,https://discover.va.gov/va-locator-facility-list/
vba_323c,VA Regional Benefit Satellite Office at Keesler Air Force Base,discoverva_va_locator_facility_list,323c,va_benefits_facility,30.4122142,,"Keelser AFB, MS",,,Keelser AFB,MS,,US,current_record,record_field,,https://discover.va.gov/va-locator-facility-list/
vba_325,Cleveland VA Regional Benefit Office,discoverva_va_locator_facility_list,325,va_benefits_facility,41.50535984,,"Cleveland, OH",,,Cleveland,OH,,US,current_record,record_field,,https://discover.va.gov/va-locator-facility-list/
vba_325a,VA Regional Benefit Satellite Office at Wright Patterson Air Force Base,discoverva_va_locator_facility_list,325a,va_benefits_facility,39.8050358,,"Wright Patterson Air Force Base, OH",,,Wright Patterson Air Force Base,OH,,US,current_record,record_field,,https://discover.va.gov/va-locator-facility-list/
vba_325b,VA Regional Benefit Satellite Office at Cincinnati Veterans of Foreign Wars,discoverva_va_locator_facility_list,325b,va_benefits_facility,39.098305,,"Cincinnati, OH",,,Cincinnati,OH,,US,current_record,record_field,,https://discover.va.gov/va-locator-facility-list/
vba_325f,VA Regional Benefit Satellite Office at Athens VA Clinic,discoverva_va_locator_facility_list,325f,va_benefits_facility,39.37540732,,"Athens, OH",,,Athens,OH,,US,current_record,record_field,,https://discover.va.gov/va-locator-facility-list/
vba_325g,VA Regional Benefit Satellite Office at Dayton VA Medical Center,discoverva_va_locator_facility_list,325g,va_benefits_facility,39.74935073,,"Dayton, OH",,,Dayton,OH,,US,current_record,record_field,,https://discover.va.gov/va-locator-facility-list/
vba_326,Indianapolis VA Regional Benefit Office,discoverva_va_locator_facility_list,326,va_benefits_facility,39.77485956,,"Indianapolis, IN",,,Indianapolis,IN,,US,current_record,record_field,,https://discover.va.gov/va-locator-facility-list/
vba_326a,VA Regional Benefit Satellite Office at Wakeman VA Clinic,discoverva_va_locator_facility_list,326a,va_benefits_facility,39.36362617,,"Edinburgh, IN",,,Edinburgh,IN,,US,current_record,record_field,,https://discover.va.gov/va-locator-facility-list/
vba_326c,VA Regional Benefit Satellite Office at Marion VA Medical Center,discoverva_va_locator_facility_list,326c,va_benefits_facility,40.52367955,,"Marion, IN",,,Marion,IN,,US,current_record,record_field,,https://discover.va.gov/va-locator-facility-list/
vba_326d,VA Regional Benefit Satellite Office at Scott County VA Clinic,discoverva_va_locator_facility_list,326d,va_benefits_facility,38.7059305,,"Scottsburg, IN",,,Scottsburg,IN,,US,current_record,record_field,,https://discover.va.gov/va-locator-facility-list/
vba_326f,VA Regional Benefit Satellite Office at Evansville Vet Center,discoverva_va_locator_facility_list,326f,va_benefits_facility,37.98666,,"Evansville, IN",,,Evansville,IN,,US,current_record,record_field,,https://discover.va.gov/va-locator-facility-list/
vba_326h,VA Regional Benefit Satellite Office at Fort Wayne VA Medical Center,discoverva_va_locator_facility_list,326h,va_benefits_facility,41.091111,,"Fort Wayne, IN",,,Fort Wayne,IN,,US,current_record,record_field,,https://discover.va.gov/va-locator-facility-list/
vba_327,Louisville VA Regional Benefit Office,discoverva_va_locator_facility_list,327,va_benefits_facility,38.25649566,,"Louisville, KY",,,Louisville,KY,,US,current_record,record_field,,https://discover.va.gov/va-locator-facility-list/
vba_328,Chicago VA Regional Benefit Office,discoverva_va_locator_facility_list,328,va_benefits_facility,41.86910014,,"Chicago, IL",,,Chicago,IL,,US,current_record,record_field,,https://discover.va.gov/va-locator-facility-list/
vba_328a,VA Regional Benefit Satellite Office at Captain James A. Lovell Federal Health Care Center,discoverva_va_locator_facility_list,328a,va_benefits_facility,42.306795,,"North Chicago, IL",,,North Chicago,IL,,US,current_record,record_field,,https://discover.va.gov/va-locator-facility-list/
vba_329,Detroit VA Regional Benefit Office,discoverva_va_locator_facility_list,329,va_benefits_facility,42.33165191,,"Detroit, MI",,,Detroit,MI,,US,current_record,record_field,,https://discover.va.gov/va-locator-facility-list/
vba_330,Milwaukee VA Regional Benefit Office,discoverva_va_locator_facility_list,330,va_benefits_facility,43.0188275,,"Milwaukee, WI",,,Milwaukee,WI,,US,current_record,record_field,,https://discover.va.gov/va-locator-facility-list/
vba_331,St. Louis VA Regional Benefit Office,discoverva_va_locator_facility_list,331,va_benefits_facility,38.68845699,,"ST. Louis, MO",,,ST. Louis,MO,,US,current_record,record_field,,https://discover.va.gov/va-locator-facility-list/
vba_331d,"VA Regional Benefit Satellite Office at Springfield, MO",discoverva_va_locator_facility_list,331d,va_benefits_facility,37.1475359,,"Springfield, MO",,,Springfield,MO,,US,current_record,record_field,,https://discover.va.gov/va-locator-facility-list/
vba_333,Des Moines VA Regional Benefit Office,discoverva_va_locator_facility_list,333,va_benefits_facility,41.58676394,,"Des Moines, IA",,,Des Moines,IA,,US,current_record,record_field,,https://discover.va.gov/va-locator-facility-list/
vba_333d,VA Regional Benefit Satellite Office at Des Moines VA Medical Center,discoverva_va_locator_facility_list,333d,va_benefits_facility,41.62773592,,"Des Moines, IA",,,Des Moines,IA,,US,current_record,record_field,,https://discover.va.gov/va-locator-facility-list/
vba_333e,VA Regional Benefit Satellite Office at Iowa City VA Medical Center,discoverva_va_locator_facility_list,333e,va_benefits_facility,41.66361,,"Iowa City, IA",,,Iowa City,IA,,US,current_record,record_field,,https://discover.va.gov/va-locator-facility-list/
vba_334,Lincoln VA Regional Benefit Office,discoverva_va_locator_facility_list,334,va_benefits_facility,40.75436854,,"Lincoln, NE",,,Lincoln,NE,,US,current_record,record_field,,https://discover.va.gov/va-locator-facility-list/
vba_334d,VA Regional Benefit Satellite Office at Omaha VA Medical Center,discoverva_va_locator_facility_list,334d,va_benefits_facility,41.24512648,,"Omaha, NE",,,Omaha,NE,,US,current_record,record_field,,https://discover.va.gov/va-locator-facility-list/
vba_335,St. Paul VA Regional Benefit Office,discoverva_va_locator_facility_list,335,va_benefits_facility,44.89357329,,"St. Paul, MN",,,St. Paul,MN,,US,current_record,record_field,,https://discover.va.gov/va-locator-facility-list/
vba_335a,VA Regional Benefit Satellite Office at Minneapolis VA Medical Center,discoverva_va_locator_facility_list,335a,va_benefits_facility,44.90196204,,"Minneapolis, MN",,,Minneapolis,MN,,US,current_record,record_field,,https://discover.va.gov/va-locator-facility-list/
vba_335b,VA Regional Benefit Satellite Office at St. Cloud VA Medical Center,discoverva_va_locator_facility_list,335b,va_benefits_facility,45.572589,,"St. Cloud, MN",,,St. Cloud,MN,,US,current_record,record_field,,https://discover.va.gov/va-locator-facility-list/
vba_335d,VA Regional Benefit Satellite Office at Gerald W. Heaney Federal Building & U.S. Courthouse,discoverva_va_locator_facility_list,335d,va_benefits_facility,46.7825302,,"Duluth, MN",,,Duluth,MN,,US,current_record,record_field,,https://discover.va.gov/va-locator-facility-list/
vba_339,Denver VA Regional Benefit Office,discoverva_va_locator_facility_list,339,va_benefits_facility,39.71558157,,"Lakewood, CO",,,Lakewood,CO,,US,current_record,record_field,,https://discover.va.gov/va-locator-facility-list/
vba_339b,VA Regional Benefit Satellite Office at PFC Floyd K. Lindstrom VA Clinic,discoverva_va_locator_facility_list,339b,va_benefits_facility,38.87413544,,"Colorado Springs, CO",,,Colorado Springs,CO,,US,current_record,record_field,,https://discover.va.gov/va-locator-facility-list/
vba_340,Albuquerque VA Regional Benefit Office,discoverva_va_locator_facility_list,340,va_benefits_facility,35.08380275,,"Albuquerque, NM",,,Albuquerque,NM,,US,current_record,record_field,,https://discover.va.gov/va-locator-facility-list/
vba_341,Salt Lake City VA Regional Benefit Office at George E. Wahlen Department of Veterans Affairs Medical Center,discoverva_va_locator_facility_list,341,va_benefits_facility,40.755051,,"Salt Lake City, UT",,,Salt Lake City,UT,,US,current_record,record_field,,https://discover.va.gov/va-locator-facility-list/
vba_341b,Salt Lake City Veteran Readiness and Employment Office at George E. Wahlen Department of Veterans Affairs Medical Center,discoverva_va_locator_facility_list,341b,va_benefits_facility,40.755051,,"Salt Lake City, UT",,,Salt Lake City,UT,,US,current_record,record_field,,https://discover.va.gov/va-locator-facility-list/
vba_341c,Ogden Veteran Readiness and Employment Office,discoverva_va_locator_facility_list,341c,va_benefits_facility,41.2209424,,"Ogden, UT",,,Ogden,UT,,US,current_record,record_field,,https://discover.va.gov/va-locator-facility-list/
vba_341g,Pre-Discharge Site at Fort Walker,discoverva_va_locator_facility_list,341g,va_benefits_facility,41.10968,,"Hill Air Force Base, UT",,,Hill Air Force Base,UT,,US,current_record,record_field,,https://discover.va.gov/va-locator-facility-list/
vba_343,Oakland VA Regional Benefit Office,discoverva_va_locator_facility_list,343,va_benefits_facility,37.80459708,,"Oakland, CA",,,Oakland,CA,,US,current_record,record_field,,https://discover.va.gov/va-locator-facility-list/
vba_343a,VA Regional Benefit Satellite Office at Sacramento VA Medical Center - Mather,discoverva_va_locator_facility_list,343a,va_benefits_facility,38.572461,,"Mather, CA",,,Mather,CA,,US,current_record,record_field,,https://discover.va.gov/va-locator-facility-list/
vba_343ao,VA Regional Benefit Satellite Office at Fresno,discoverva_va_locator_facility_list,343ao,va_benefits_facility,36.7345466,,"Fresno, CA",,,Fresno,CA,,US,current_record,record_field,,https://discover.va.gov/va-locator-facility-list/
vba_343ar,Pre-Discharge Site at Beale Air Force Base Hospital,discoverva_va_locator_facility_list,343ar,va_benefits_facility,39.1152679,,"Beale, CA",,,Beale,CA,,US,current_record,record_field,,https://discover.va.gov/va-locator-facility-list/
vba_343as,Pre-Discharge Site at Naval Airstation Lemoore,discoverva_va_locator_facility_list,343as,va_benefits_facility,36.2639463,,"Lemoore, CA",,,Lemoore,CA,,US,current_record,record_field,,https://discover.va.gov/va-locator-facility-list/
vba_343at,Pre-Discharge Site at Travis Air Force Base,discoverva_va_locator_facility_list,343at,va_benefits_facility,38.2685782,,"Travis Air Force Base, CA",,,Travis Air Force Base,CA,,US,current_record,record_field,,https://discover.va.gov/va-locator-facility-list/
vba_343b,VA Regional Benefit Satellite Office at Martinez VA Medical Center,discoverva_va_locator_facility_list,343b,va_benefits_facility,37.99523917,,"Martinez, CA",,,Martinez,CA,,US,current_record,record_field,,https://discover.va.gov/va-locator-facility-list/
vba_343c,VA Regional Benefit Satellite Office at Palo Alto VA Medical Center,discoverva_va_locator_facility_list,343c,va_benefits_facility,37.40132327,,"Palo Alto, CA",,,Palo Alto,CA,,US,current_record,record_field,,https://discover.va.gov/va-locator-facility-list/
vba_343e,VA Regional Benefit Satellite Office at Sacramento,discoverva_va_locator_facility_list,343e,va_benefits_facility,38.5916043,,"Rancho Cordova, CA",,,Rancho Cordova,CA,,US,current_record,record_field,,https://discover.va.gov/va-locator-facility-list/
vba_344,Los Angeles VA Regional Benefit Office,discoverva_va_locator_facility_list,344,va_benefits_facility,34.05771012,,"Los Angeles, CA",,,Los Angeles,CA,,US,current_record,record_field,,https://discover.va.gov/va-locator-facility-list/
vba_344c,VA Regional Benefit Satellite Office at Naval Base Ventura County,discoverva_va_locator_facility_list,344c,va_benefits_facility,34.1688939,,"Port Hueneme, CA",,,Port Hueneme,CA,,US,current_record,record_field,,https://discover.va.gov/va-locator-facility-list/
vba_345,Phoenix VA Regional Benefit Office,discoverva_va_locator_facility_list,345,va_benefits_facility,33.41663072,,"Phoenix, AZ",,,Phoenix,AZ,,US,current_record,record_field,,https://discover.va.gov/va-locator-facility-list/
vba_345a,Tucson Veteran Readiness and Employment Office,discoverva_va_locator_facility_list,345a,va_benefits_facility,32.1650466,,"Tucson, AZ",,,Tucson,AZ,,US,current_record,record_field,,https://discover.va.gov/va-locator-facility-list/
vba_345b,Flagstaff Veteran Readiness and Employment Office,discoverva_va_locator_facility_list,345b,va_benefits_facility,35.1849522,,"Flagstaff, AZ",,,Flagstaff,AZ,,US,current_record,record_field,,https://discover.va.gov/va-locator-facility-list/
vba_345e,Veteran Readiness and Employment Office at Fort Huachuca,discoverva_va_locator_facility_list,345e,va_benefits_facility,31.5489832,,"Fort Huachuca, AZ",,,Fort Huachuca,AZ,,US,current_record,record_field,,https://discover.va.gov/va-locator-facility-list/
vba_345h,VA Regional Benefit Satellite Office at Davis-Monthan Air Force Base,discoverva_va_locator_facility_list,345h,va_benefits_facility,32.1729798,,"Tucson, AZ",,,Tucson,AZ,,US,current_record,record_field,,https://discover.va.gov/va-locator-facility-list/
vba_345i,VA Regional Benefit Satellite Office at Raymond W. Bliss Army Health Center,discoverva_va_locator_facility_list,345i,va_benefits_facility,31.5574017,,"Tucson, AZ",,,Tucson,AZ,,US,current_record,record_field,,https://discover.va.gov/va-locator-facility-list/
vba_345j,VA Regional Benefit Satellite Office at Luke Air Force Base,discoverva_va_locator_facility_list,345j,va_benefits_facility,33.5416829,,"Luke Air Force Base, AZ",,,Luke Air Force Base,AZ,,US,current_record,record_field,,https://discover.va.gov/va-locator-facility-list/
vba_346,Seattle VA Regional Benefit Office,discoverva_va_locator_facility_list,346,va_benefits_facility,47.60485762,,"Seattle, WA",,,Seattle,WA,,US,current_record,record_field,,https://discover.va.gov/va-locator-facility-list/
vba_346b,VA Regional Benefit Satellite Office at Thomas S. Foley U.S. Courthouse,discoverva_va_locator_facility_list,346b,va_benefits_facility,47.6585631,,"Spokane, WA",,,Spokane,WA,,US,current_record,record_field,,https://discover.va.gov/va-locator-facility-list/
vba_347,Boise VA Regional Benefit Office,discoverva_va_locator_facility_list,347,va_benefits_facility,43.61859833,,"Boise, ID",,,Boise,ID,,US,current_record,record_field,,https://discover.va.gov/va-locator-facility-list/
vba_348,Portland VA Regional Benefit Office,discoverva_va_locator_facility_list,348,va_benefits_facility,45.51516229,,"Portland, OR",,,Portland,OR,,US,current_record,record_field,,https://discover.va.gov/va-locator-facility-list/
vba_349,Waco VA Regional Benefit Office,discoverva_va_locator_facility_list,349,va_benefits_facility,31.55117289,,"Waco, TX",,,Waco,TX,,US,current_record,record_field,,https://discover.va.gov/va-locator-facility-list/
vba_349a,VA Regional Benefit Satellite Office at Thomas E. Creek Department of Veterans Affairs Medical Center,discoverva_va_locator_facility_list,349a,va_benefits_facility,35.204049,,"Amarillo, TX",,,Amarillo,TX,,US,current_record,record_field,,https://discover.va.gov/va-locator-facility-list/
vba_349b,VA Regional Benefit Satellite Office at Austin VA Clinic,discoverva_va_locator_facility_list,349b,va_benefits_facility,30.205656,,"Austin, TX",,,Austin,TX,,US,current_record,record_field,,https://discover.va.gov/va-locator-facility-list/
vba_349c,"VA Regional Benefit Satellite Office at Arlington, TX",discoverva_va_locator_facility_list,349c,va_benefits_facility,32.7080357,,"Arlington, TX",,,Arlington,TX,,US,current_record,record_field,,https://discover.va.gov/va-locator-facility-list/
vba_349e,VA Regional Benefit Satellite Office at Fort Worth VA Clinic,discoverva_va_locator_facility_list,349e,va_benefits_facility,32.66918174,,"Fort Worth, TX",,,Fort Worth,TX,,US,current_record,record_field,,https://discover.va.gov/va-locator-facility-list/
vba_349f,VA Regional Benefit Satellite Office at Olin E. Teague Veterans' Center,discoverva_va_locator_facility_list,349f,va_benefits_facility,31.07901994,,"Temple, TX",,,Temple,TX,,US,current_record,record_field,,https://discover.va.gov/va-locator-facility-list/
vba_349g,VA Regional Benefit Satellite Office at Doris Miller Department of Veterans Affairs Medical Center,discoverva_va_locator_facility_list,349g,va_benefits_facility,31.511601,,"Waco, TX",,,Waco,TX,,US,current_record,record_field,,https://discover.va.gov/va-locator-facility-list/
vba_349s,"VA Regional Benefit Satellite Office at Tyler, TX",discoverva_va_locator_facility_list,349s,va_benefits_facility,32.288466,,"Tyler, TX",,,Tyler,TX,,US,current_record,record_field,,https://discover.va.gov/va-locator-facility-list/
vba_349z,VA Regional Benefit Satellite Office at Fort Cavazos,discoverva_va_locator_facility_list,349z,va_benefits_facility,31.1309086,,"Fort Cavazos, TX",,,Fort Cavazos,TX,,US,current_record,record_field,,https://discover.va.gov/va-locator-facility-list/
vba_350,Little Rock VA Regional Benefit Office at Eugene J. Towbin Healthcare Center,discoverva_va_locator_facility_list,350,va_benefits_facility,34.776045,,"North Little Rock, AR",,,North Little Rock,AR,,US,current_record,record_field,,https://discover.va.gov/va-locator-facility-list/
vba_350a,"VA Regional Benefit Satellite Office at Fayetteville, AR",discoverva_va_locator_facility_list,350a,va_benefits_facility,36.1191418,,"Fayetteville, AR",,,Fayetteville,AR,,US,current_record,record_field,,https://discover.va.gov/va-locator-facility-list/
vba_350c,VA Regional Benefit Satellite Office at Texarkana VA Clinic,discoverva_va_locator_facility_list,350c,va_benefits_facility,33.477723,,"Texarkana, TX",,,Texarkana,TX,,US,current_record,record_field,,https://discover.va.gov/va-locator-facility-list/
vba_350f,VA Regional Benefit Satellite Office at Arkansas State University,discoverva_va_locator_facility_list,350f,va_benefits_facility,35.8434396,,"State University, AR",,,State University,AR,,US,current_record,record_field,,https://discover.va.gov/va-locator-facility-list/
vba_351,Muskogee VA Regional Benefit Office,discoverva_va_locator_facility_list,351,va_benefits_facility,35.76489696,,"Muskogee, OK",,,Muskogee,OK,,US,current_record,record_field,,https://discover.va.gov/va-locator-facility-list/
vba_351c,VA Regional Benefit Satellite Office at Oklahoma City Federal Building,discoverva_va_locator_facility_list,351c,va_benefits_facility,35.4745699,,"Oklahoma City, OK",,,Oklahoma City,OK,,US,current_record,record_field,,https://discover.va.gov/va-locator-facility-list/
vba_354,Reno VA Regional Benefit Office,discoverva_va_locator_facility_list,354,va_benefits_facility,39.46724525,,"Reno, NV",,,Reno,NV,,US,current_record,record_field,,https://discover.va.gov/va-locator-facility-list/
vba_354a,VA Regional Benefit Satellite Office at North Las Vegas VA Medical Center,discoverva_va_locator_facility_list,354a,va_benefits_facility,36.285084,,"North Las Vegas, NV",,,North Las Vegas,NV,,US,current_record,record_field,,https://discover.va.gov/va-locator-facility-list/
vba_355,San Juan VA Regional Benefit Office,discoverva_va_locator_facility_list,355,va_benefits_facility,18.40912623,,"Guaynabo, PR",,,Guaynabo,PR,,US,current_record,record_field,,https://discover.va.gov/va-locator-facility-list/
vba_355b,VA Regional Benefit Satellite Office at Fort Buchanan Puerto Rico,discoverva_va_locator_facility_list,355b,va_benefits_facility,18.4199834,,"Guaynabo, PR",,,Guaynabo,PR,,US,current_record,record_field,,https://discover.va.gov/va-locator-facility-list/
vba_355c,VA Regional Benefit Satellite Office at Arecibo VA Clinic,discoverva_va_locator_facility_list,355c,va_benefits_facility,18.47101998,,"Arecibo, PR",,,Arecibo,PR,,US,current_record,record_field,,https://discover.va.gov/va-locator-facility-list/
vba_355d,VA Regional Benefit Satellite Office at Mayaguez VA Clinic,discoverva_va_locator_facility_list,355d,va_benefits_facility,18.18643468,,"Mayaguez, PR",,,Mayaguez,PR,,US,current_record,record_field,,https://discover.va.gov/va-locator-facility-list/
vba_355e,VA Regional Benefit Satellite Office at Euripides Rubio Department of Veterans Affairs Outpatient Clinic,discoverva_va_locator_facility_list,355e,va_benefits_facility,17.98783097,,"Ponce, PR",,,Ponce,PR,,US,current_record,record_field,,https://discover.va.gov/va-locator-facility-list/
vba_355f,VA Regional Benefit Satellite Office at San Juan VA Medical Center,discoverva_va_locator_facility_list,355f,va_benefits_facility,18.39096851,,"San Juan, PR",,,San Juan,PR,,US,current_record,record_field,,https://discover.va.gov/va-locator-facility-list/
vba_355h,VA Regional Benefit Satellite Office at Saint Thomas VA Clinic,discoverva_va_locator_facility_list,355h,va_benefits_facility,18.340651,,"St. Thomas, VI",,,St. Thomas,VI,,US,current_record,record_field,,https://discover.va.gov/va-locator-facility-list/
vba_355i,VA Regional Benefit Satellite Office at Saint Croix VA Clinic,discoverva_va_locator_facility_list,355i,va_benefits_facility,17.69725,,"Kings Hill, VI",,,Kings Hill,VI,,US,current_record,record_field,,https://discover.va.gov/va-locator-facility-list/
vba_358,VA Regional Benefit Office at U.S. Embassy in Manila,discoverva_va_locator_facility_list,358,va_benefits_facility,14.54408,,"Pasay City, PH",,,Pasay City,PH,,US,current_record,record_field,,https://discover.va.gov/va-locator-facility-list/
vba_362,Houston VA Regional Benefit Office,discoverva_va_locator_facility_list,362,va_benefits_facility,29.70007158,,"Houston, TX",,,Houston,TX,,US,current_record,record_field,,https://discover.va.gov/va-locator-facility-list/
vba_372,National Capital Region VA Regional Benefit Office,discoverva_va_locator_facility_list,372,va_benefits_facility,38.90114539,,"Washington, DC",,,Washington,DC,,US,current_record,record_field,,https://discover.va.gov/va-locator-facility-list/
vba_373,Manchester VA Regional Benefit Office,discoverva_va_locator_facility_list,373,va_benefits_facility,42.98852975,,"Manchester, NH",,,Manchester,NH,,US,current_record,record_field,,https://discover.va.gov/va-locator-facility-list/
vba_377,San Diego VA Regional Benefit Office,discoverva_va_locator_facility_list,377,va_benefits_facility,32.77611018,,"San Diego, CA",,,San Diego,CA,,US,current_record,record_field,,https://discover.va.gov/va-locator-facility-list/
vba_377h,VA Regional Benefit Satellite Office at Naval Medical Center San Diego,discoverva_va_locator_facility_list,377h,va_benefits_facility,32.7274239,,"San Diego, CA",,,San Diego,CA,,US,current_record,record_field,,https://discover.va.gov/va-locator-facility-list/
vba_377m,VA Regional Benefit Satellite Office at Marine Corps Base Camp Pendleton,discoverva_va_locator_facility_list,377m,va_benefits_facility,33.3344066,,"Camp Pendleton, CA",,,Camp Pendleton,CA,,US,current_record,record_field,,https://discover.va.gov/va-locator-facility-list/
vba_402,Togus VA Regional Benefit Office at Togus VA Medical Center,discoverva_va_locator_facility_list,402,va_benefits_facility,44.28015112,,"Augusta, ME",,,Augusta,ME,,US,current_record,record_field,,https://discover.va.gov/va-locator-facility-list/
vba_405,White River Junction VA Regional Benefit Office,discoverva_va_locator_facility_list,405,va_benefits_facility,43.64790103,,"White River Junction, VT",,,White River Junction,VT,,US,current_record,record_field,,https://discover.va.gov/va-locator-facility-list/
vba_436,Fort Harrison VA Regional Benefit Office at Fort Harrison VA Medical Center,discoverva_va_locator_facility_list,436,va_benefits_facility,46.61764177,,"Fort Harrison, MT",,,Fort Harrison,MT,,US,current_record,record_field,,https://discover.va.gov/va-locator-facility-list/
vba_436b,Pre-Discharge Site at Malmstrom Air Force Base,discoverva_va_locator_facility_list,436b,va_benefits_facility,47.5070501,,"Malmstrom AFB, MT",,,Malmstrom AFB,MT,,US,current_record,record_field,,https://discover.va.gov/va-locator-facility-list/
vba_437,Fargo VA Regional Benefit Office at North Fargo VA Clinic,discoverva_va_locator_facility_list,437,va_benefits_facility,46.877562,,"Fargo, ND",,,Fargo,ND,,US,current_record,record_field,,https://discover.va.gov/va-locator-facility-list/
vba_437a,Veteran Readiness and Employment Office at Bismarck VA Clinic,discoverva_va_locator_facility_list,437a,va_benefits_facility,46.835343,,"Bismarck, ND",,,Bismarck,ND,,US,current_record,record_field,,https://discover.va.gov/va-locator-facility-list/
vba_438,Sioux Falls VA Regional Benefit Office at Royal C. Johnson Veterans' Memorial Hospital,discoverva_va_locator_facility_list,438,va_benefits_facility,43.531236,,"Sioux Falls, SD",,,Sioux Falls,SD,,US,current_record,record_field,,https://discover.va.gov/va-locator-facility-list/
vba_438a,Rapid City Veteran Readiness and Employment Office,discoverva_va_locator_facility_list,438a,va_benefits_facility,44.0759592,,"Rapid City, SD",,,Rapid City,SD,,US,current_record,record_field,,https://discover.va.gov/va-locator-facility-list/
vba_438b,Pre-Discharge Site at Fort Meade VA Medical Center,discoverva_va_locator_facility_list,438b,va_benefits_facility,44.41252355,,"Fort Meade, SD",,,Fort Meade,SD,,US,current_record,record_field,,https://discover.va.gov/va-locator-facility-list/
vba_438c,Pre-Discharge Site at Ellsworth Air Force Base,discoverva_va_locator_facility_list,438c,va_benefits_facility,44.1473989,,"Ellsworth Air Force Base, SD",,,Ellsworth Air Force Base,SD,,US,current_record,record_field,,https://discover.va.gov/va-locator-facility-list/
vba_442,Cheyenne VA Regional Benefit Office,discoverva_va_locator_facility_list,442,va_benefits_facility,41.148027,,"Cheyenne, WY",,,Cheyenne,WY,,US,current_record,record_field,,https://discover.va.gov/va-locator-facility-list/
vba_442a,VA Regional Benefit Satellite Office at Sheridan VA Medical Center,discoverva_va_locator_facility_list,442a,va_benefits_facility,44.82696789,,"Sheridan, WY",,,Sheridan,WY,,US,current_record,record_field,,https://discover.va.gov/va-locator-facility-list/
vba_452,Wichita VA Regional Benefit Office,discoverva_va_locator_facility_list,452,va_benefits_facility,37.681686,,"Wichita, KS",,,Wichita,KS,,US,current_record,record_field,,https://discover.va.gov/va-locator-facility-list/
vba_452a,Pre-Discharge Site at Fort Leavenworth,discoverva_va_locator_facility_list,452a,va_benefits_facility,39.3553971,,"Fort Leavenworth, KS",,,Fort Leavenworth,KS,,US,current_record,record_field,,https://discover.va.gov/va-locator-facility-list/
vba_452b,Pre-Discharge Site at Fort Riley,discoverva_va_locator_facility_list,452b,va_benefits_facility,39.0830322,,"Fort Riley, KS",,,Fort Riley,KS,,US,current_record,record_field,,https://discover.va.gov/va-locator-facility-list/
vba_459,Honolulu VA Regional Benefit Office at Spark M. Matsunaga Department of Veterans Affairs Medical Center,discoverva_va_locator_facility_list,459,va_benefits_facility,21.36125048,,"Honolulu, HI",,,Honolulu,HI,,US,current_record,record_field,,https://discover.va.gov/va-locator-facility-list/
vba_459d,VA Regional Benefit Satellite Office at Maui Vet Center,discoverva_va_locator_facility_list,459d,va_benefits_facility,20.86712966,,"Kahului, HI",,,Kahului,HI,,US,current_record,record_field,,https://discover.va.gov/va-locator-facility-list/
vba_459h,VA Regional Benefit Satellite Office at Guam,discoverva_va_locator_facility_list,459h,va_benefits_facility,13.4875163,,"Tamuning, GU",,,Tamuning,GU,,US,current_record,record_field,,https://discover.va.gov/va-locator-facility-list/
vba_459i,VA Regional Benefit Satellite Office at Hilo Federal Building,discoverva_va_locator_facility_list,459i,va_benefits_facility,19.7257906,,"Hilo, HI",,,Hilo,HI,,US,current_record,record_field,,https://discover.va.gov/va-locator-facility-list/
vba_460,Wilmington VA Regional Benefit Office,discoverva_va_locator_facility_list,460,va_benefits_facility,39.738793,,"Wilmington, DE",,,Wilmington,DE,,US,current_record,record_field,,https://discover.va.gov/va-locator-facility-list/
vba_463,Anchorage VA Regional Benefit Office at Colonel Mary Louise Rasmuson Campus of the Alaska VA Healthcare System,discoverva_va_locator_facility_list,463,va_benefits_facility,61.23134107,,"Anchorage, AK",,,Anchorage,AK,,US,current_record,record_field,,https://discover.va.gov/va-locator-facility-list/
vc_0101V,Boston Vet Center,discoverva_va_locator_facility_list,0101V,vet_center,42.34459497,,"Boston, MA",,,Boston,MA,,US,current_record,record_field,,https://discover.va.gov/va-locator-facility-list/
vc_0102V,Secaucus Vet Center,discoverva_va_locator_facility_list,0102V,vet_center,40.78911661,,"Secaucus, NJ",,,Secaucus,NJ,,US,current_record,record_field,,https://discover.va.gov/va-locator-facility-list/
vc_0103V,"Springfield, MA Vet Center",discoverva_va_locator_facility_list,0103V,vet_center,42.13908173,,"West Springfield, MA",,,West Springfield,MA,,US,current_record,record_field,,https://discover.va.gov/va-locator-facility-list/
vc_0104V,Brockton Vet Center,discoverva_va_locator_facility_list,0104V,vet_center,42.088743,,"Brockton, MA",,,Brockton,MA,,US,current_record,record_field,,https://discover.va.gov/va-locator-facility-list/
vc_0105V,Brooklyn Vet Center,discoverva_va_locator_facility_list,0105V,vet_center,40.69725545,,"Brooklyn, NY",,,Brooklyn,NY,,US,current_record,record_field,,https://discover.va.gov/va-locator-facility-list/
vc_0106V,"Manhattan, NY Vet Center",discoverva_va_locator_facility_list,0106V,vet_center,40.75335,,"New York, NY",,,New York,NY,,US,current_record,record_field,,https://discover.va.gov/va-locator-facility-list/
vc_0107V,Buffalo Vet Center,discoverva_va_locator_facility_list,0107V,vet_center,42.89227211,,"Cheektowaga, NY",,,Cheektowaga,NY,,US,current_record,record_field,,https://discover.va.gov/va-locator-facility-list/
vc_0108V,Manchester Vet Center,discoverva_va_locator_facility_list,0108V,vet_center,43.07012233,,"Hooksett, NH",,,Hooksett,NH,,US,current_record,record_field,,https://discover.va.gov/va-locator-facility-list/
vc_0109V,Queens Vet Center,discoverva_va_locator_facility_list,0109V,vet_center,40.71361361,,"Ridgewood, NY",,,Ridgewood,NY,,US,current_record,record_field,,https://discover.va.gov/va-locator-facility-list/
vc_0110V,Bronx Vet Center,discoverva_va_locator_facility_list,0110V,vet_center,40.86263115,,"Bronx, NY",,,Bronx,NY,,US,current_record,record_field,,https://discover.va.gov/va-locator-facility-list/
vc_0111V,Albany Vet Center,discoverva_va_locator_facility_list,0111V,vet_center,42.72148909,,"Albany, NY",,,Albany,NY,,US,current_record,record_field,,https://discover.va.gov/va-locator-facility-list/
vc_0112V,Bloomfield Vet Center,discoverva_va_locator_facility_list,0112V,vet_center,40.793913,,"Bloomfield, NJ",,,Bloomfield,NJ,,US,current_record,record_field,,https://discover.va.gov/va-locator-facility-list/
vc_0113V,Providence Vet Center,discoverva_va_locator_facility_list,0113V,vet_center,41.72092282,,"Warwick, RI",,,Warwick,RI,,US,current_record,record_field,,https://discover.va.gov/va-locator-facility-list/
vc_0114V,Trenton Vet Center,discoverva_va_locator_facility_list,0114V,vet_center,40.25514549,,"Ewing, NJ",,,Ewing,NJ,,US,current_record,record_field,,https://discover.va.gov/va-locator-facility-list/
vc_0115V,"Portland, ME Vet Center",discoverva_va_locator_facility_list,0115V,vet_center,43.642098,,"South Portland, ME",,,South Portland,ME,,US,current_record,record_field,,https://discover.va.gov/va-locator-facility-list/
vc_0116V,New Haven Vet Center,discoverva_va_locator_facility_list,0116V,vet_center,41.26234612,,"Orange, CT",,,Orange,CT,,US,current_record,record_field,,https://discover.va.gov/va-locator-facility-list/
vc_0117V,Hartford Vet Center,discoverva_va_locator_facility_list,0117V,vet_center,41.6648451,,"Rocky Hill, CT",,,Rocky Hill,CT,,US,current_record,record_field,,https://discover.va.gov/va-locator-facility-list/
vc_0118V,South Burlington Vet Center,discoverva_va_locator_facility_list,0118V,vet_center,44.45480058,,"South Burlington, VT",,,South Burlington,VT,,US,current_record,record_field,,https://discover.va.gov/va-locator-facility-list/
vc_0119V,Northern Maine Vet Center,discoverva_va_locator_facility_list,0119V,vet_center,46.84455171,,"Caribou, ME",,,Caribou,ME,,US,current_record,record_field,,https://discover.va.gov/va-locator-facility-list/
vc_0120V,Babylon Vet Center,discoverva_va_locator_facility_list,0120V,vet_center,40.69607288,,"Babylon, NY",,,Babylon,NY,,US,current_record,record_field,,https://discover.va.gov/va-locator-facility-list/
vc_0121V,Bangor Vet Center,discoverva_va_locator_facility_list,0121V,vet_center,44.78125494,,"Bangor, ME",,,Bangor,ME,,US,current_record,record_field,,https://discover.va.gov/va-locator-facility-list/
vc_0122V,White River Junction Vet Center,discoverva_va_locator_facility_list,0122V,vet_center,43.653906,,"White River Junction, VT",,,White River Junction,VT,,US,current_record,record_field,,https://discover.va.gov/va-locator-facility-list/
vc_0123V,Westchester Vet Center,discoverva_va_locator_facility_list,0123V,vet_center,41.097519,,"Valhalla, NY",,,Valhalla,NY,,US,current_record,record_field,,https://discover.va.gov/va-locator-facility-list/
vc_0124V,Rochester Vet Center,discoverva_va_locator_facility_list,0124V,vet_center,43.105689,,"Rochester, NY",,,Rochester,NY,,US,current_record,record_field,,https://discover.va.gov/va-locator-facility-list/
vc_0125V,Lowell Vet Center,discoverva_va_locator_facility_list,0125V,vet_center,42.64209,,"Lowell, MA",,,Lowell,MA,,US,current_record,record_field,,https://discover.va.gov/va-locator-facility-list/
vc_0126V,Worcester Vet Center,discoverva_va_locator_facility_list,0126V,vet_center,42.264909,,"Worcester, MA",,,Worcester,MA,,US,current_record,record_field,,https://discover.va.gov/va-locator-facility-list/
vc_0127V,Norwich Vet Center,discoverva_va_locator_facility_list,0127V,vet_center,41.52463613,,"Norwich, CT",,,Norwich,CT,,US,current_record,record_field,,https://discover.va.gov/va-locator-facility-list/
vc_0128V,New Bedford Vet Center,discoverva_va_locator_facility_list,0128V,vet_center,41.64406881,,"Fairhaven, MA",,,Fairhaven,MA,,US,current_record,record_field,,https://discover.va.gov/va-locator-facility-list/
vc_0129V,Lewiston Vet Center,discoverva_va_locator_facility_list,0129V,vet_center,44.075655,,"Lewiston, ME",,,Lewiston,ME,,US,current_record,record_field,,https://discover.va.gov/va-locator-facility-list/
vc_0130V,Sanford Vet Center,discoverva_va_locator_facility_list,0130V,vet_center,43.455546,,"Springvale, ME",,,Springvale,ME,,US,current_record,record_field,,https://discover.va.gov/va-locator-facility-list/
vc_0131V,Syracuse Vet Center,discoverva_va_locator_facility_list,0131V,vet_center,43.049529,,"Syracuse, NY",,,Syracuse,NY,,US,current_record,record_field,,https://discover.va.gov/va-locator-facility-list/
vc_0132V,Staten Island Vet Center,discoverva_va_locator_facility_list,0132V,vet_center,40.64054499,,"Staten Island, NY",,,Staten Island,NY,,US,current_record,record_field,,https://discover.va.gov/va-locator-facility-list/
vc_0133V,Harlem Vet Center,discoverva_va_locator_facility_list,0133V,vet_center,40.80719054,,"New York, NY",,,New York,NY,,US,current_record,record_field,,https://discover.va.gov/va-locator-facility-list/
vc_0134V,Berlin Vet Center,discoverva_va_locator_facility_list,0134V,vet_center,44.42086558,,"Gorham, NH",,,Gorham,NH,,US,current_record,record_field,,https://discover.va.gov/va-locator-facility-list/
vc_0135V,Watertown Vet Center,discoverva_va_locator_facility_list,0135V,vet_center,43.952526,,"Watertown, NY",,,Watertown,NY,,US,current_record,record_field,,https://discover.va.gov/va-locator-facility-list/
vc_0136V,Cape Cod Vet Center,discoverva_va_locator_facility_list,0136V,vet_center,41.65023265,,"Hyannis, MA",,,Hyannis,MA,,US,current_record,record_field,,https://discover.va.gov/va-locator-facility-list/
vc_0137V,Binghamton Vet Center,discoverva_va_locator_facility_list,0137V,vet_center,42.100434,,"Binghamton, NY",,,Binghamton,NY,,US,current_record,record_field,,https://discover.va.gov/va-locator-facility-list/
vc_0138V,Nassau Vet Center,discoverva_va_locator_facility_list,0138V,vet_center,40.744629,,"Hicksville, NY",,,Hicksville,NY,,US,current_record,record_field,,https://discover.va.gov/va-locator-facility-list/
vc_0139V,Middletown Vet Center,discoverva_va_locator_facility_list,0139V,vet_center,41.43996263,,"Middletown, NY",,,Middletown,NY,,US,current_record,record_field,,https://discover.va.gov/va-locator-facility-list/
vc_0140V,Danbury Vet Center,discoverva_va_locator_facility_list,0140V,vet_center,41.39312548,,"Danbury, CT",,,Danbury,CT,,US,current_record,record_field,,https://discover.va.gov/va-locator-facility-list/
vc_0141V,Lakewood Vet Center,discoverva_va_locator_facility_list,0141V,vet_center,40.05318462,,"Lakewood, NJ",,,Lakewood,NJ,,US,current_record,record_field,,https://discover.va.gov/va-locator-facility-list/
vc_0201V,Baltimore Vet Center,discoverva_va_locator_facility_list,0201V,vet_center,39.387411,,"Baltimore, MD",,,Baltimore,MD,,US,current_record,record_field,,https://discover.va.gov/va-locator-facility-list/
vc_0202V,Louisville Vet Center,discoverva_va_locator_facility_list,0202V,vet_center,38.2306535,,"Louisville, KY",,,Louisville,KY,,US,current_record,record_field,,https://discover.va.gov/va-locator-facility-list/
vc_0203V,Lexington Vet Center,discoverva_va_locator_facility_list,0203V,vet_center,38.06608098,,"Lexington, KY",,,Lexington,KY,,US,current_record,record_field,,https://discover.va.gov/va-locator-facility-list/
vc_0204V,Cincinnati Vet Center,discoverva_va_locator_facility_list,0204V,vet_center,39.11317482,,"Cincinnati, OH",,,Cincinnati,OH,,US,current_record,record_field,,https://discover.va.gov/va-locator-facility-list/
vc_0205V,Cleveland Vet Center,discoverva_va_locator_facility_list,0205V,vet_center,41.36439347,,"Oakwood Village, OH",,,Oakwood Village,OH,,US,current_record,record_field,,https://discover.va.gov/va-locator-facility-list/
vc_0206V,Parma Vet Center,discoverva_va_locator_facility_list,0206V,vet_center,41.38829457,,"Parma Heights, OH",,,Parma Heights,OH,,US,current_record,record_field,,https://discover.va.gov/va-locator-facility-list/
vc_0207V,Chesapeake Vet Center,discoverva_va_locator_facility_list,0207V,vet_center,36.85018091,,"Chesapeake, VA",,,Chesapeake,VA,,US,current_record,record_field,,https://discover.va.gov/va-locator-facility-list/
vc_0208V,Huntington Vet Center,discoverva_va_locator_facility_list,0208V,vet_center,38.39040752,,"Huntington, WV",,,Huntington,WV,,US,current_record,record_field,,https://discover.va.gov/va-locator-facility-list/
vc_0209V,Elkton Vet Center,discoverva_va_locator_facility_list,0209V,vet_center,39.60410246,,"Elkton, MD",,,Elkton,MD,,US,current_record,record_field,,https://discover.va.gov/va-locator-facility-list/
vc_0210V,Center City Philadelphia Vet Center,discoverva_va_locator_facility_list,0210V,vet_center,39.95326919,,"Philadelphia, PA",,,Philadelphia,PA,,US,current_record,record_field,,https://discover.va.gov/va-locator-facility-list/
vc_0211V,Pittsburgh Vet Center,discoverva_va_locator_facility_list,0211V,vet_center,40.42665609,,"Pittsburgh, PA",,,Pittsburgh,PA,,US,current_record,record_field,,https://discover.va.gov/va-locator-facility-list/
vc_0212V,Williamsport Vet Center,discoverva_va_locator_facility_list,0212V,vet_center,41.2427566,,"Williamsport, PA",,,Williamsport,PA,,US,current_record,record_field,,https://discover.va.gov/va-locator-facility-list/
vc_0213V,Silver Spring Vet Center,discoverva_va_locator_facility_list,0213V,vet_center,39.014919,,"Silver Spring, MD",,,Silver Spring,MD,,US,current_record,record_field,,https://discover.va.gov/va-locator-facility-list/
vc_0214V,"Washington, D.C. Vet Center",discoverva_va_locator_facility_list,0214V,vet_center,38.94165,,"Washington, DC",,,Washington,DC,,US,current_record,record_field,,https://discover.va.gov/va-locator-facility-list/
vc_0215V,Wilmington Vet Center,discoverva_va_locator_facility_list,0215V,vet_center,39.75435,,"Wilmington, DE",,,Wilmington,DE,,US,current_record,record_field,,https://discover.va.gov/va-locator-facility-list/
vc_0216V,Morgantown Vet Center,discoverva_va_locator_facility_list,0216V,vet_center,39.62861959,,"Morgantown, WV",,,Morgantown,WV,,US,current_record,record_field,,https://discover.va.gov/va-locator-facility-list/
vc_0217V,Richmond Vet Center,discoverva_va_locator_facility_list,0217V,vet_center,37.57987937,,"Richmond, VA",,,Richmond,VA,,US,current_record,record_field,,https://discover.va.gov/va-locator-facility-list/
vc_0218V,Harrisburg Vet Center,discoverva_va_locator_facility_list,0218V,vet_center,40.270662,,"Harrisburg, PA",,,Harrisburg,PA,,US,current_record,record_field,,https://discover.va.gov/va-locator-facility-list/
vc_0219V,Northeast Philadelphia Vet Center,discoverva_va_locator_facility_list,0219V,vet_center,40.03534103,,"Philadelphia, PA",,,Philadelphia,PA,,US,current_record,record_field,,https://discover.va.gov/va-locator-facility-list/
vc_0220V,White Oak Vet Center,discoverva_va_locator_facility_list,0220V,vet_center,40.335507,,"White Oak, PA",,,White Oak,PA,,US,current_record,record_field,,https://discover.va.gov/va-locator-facility-list/
vc_0221V,"Columbus, OH Vet Center",discoverva_va_locator_facility_list,0221V,vet_center,40.061097,,"Columbus, OH",,,Columbus,OH,,US,current_record,record_field,,https://discover.va.gov/va-locator-facility-list/
vc_0222V,Erie Vet Center,discoverva_va_locator_facility_list,0222V,vet_center,42.1226053,,"Erie, PA",,,Erie,PA,,US,current_record,record_field,,https://discover.va.gov/va-locator-facility-list/
vc_0223V,"Charleston, WV Vet Center",discoverva_va_locator_facility_list,0223V,vet_center,38.35797974,,"Charleston, WV",,,Charleston,WV,,US,current_record,record_field,,https://discover.va.gov/va-locator-facility-list/
vc_0224V,Martinsburg Vet Center,discoverva_va_locator_facility_list,0224V,vet_center,39.5457863,,"Falling Waters, WV",,,Falling Waters,WV,,US,current_record,record_field,,https://discover.va.gov/va-locator-facility-list/
vc_0225V,Dayton Vet Center,discoverva_va_locator_facility_list,0225V,vet_center,39.69934183,,"Kettering, OH",,,Kettering,OH,,US,current_record,record_field,,https://discover.va.gov/va-locator-facility-list/
vc_0226V,Roanoke Vet Center,discoverva_va_locator_facility_list,0226V,vet_center,37.26102671,,"Roanoke, VA",,,Roanoke,VA,,US,current_record,record_field,,https://discover.va.gov/va-locator-facility-list/
vc_0227V,DuBois Vet Center,discoverva_va_locator_facility_list,0227V,vet_center,41.12581383,,"DuBois, PA",,,DuBois,PA,,US,current_record,record_field,,https://discover.va.gov/va-locator-facility-list/
vc_0228V,"Alexandria, VA Vet Center",discoverva_va_locator_facility_list,0228V,vet_center,38.76787876,,"Alexandria, VA",,,Alexandria,VA,,US,current_record,record_field,,https://discover.va.gov/va-locator-facility-list/
vc_0229V,Scranton Vet Center,discoverva_va_locator_facility_list,0229V,vet_center,41.39584833,,"Scranton, PA",,,Scranton,PA,,US,current_record,record_field,,https://discover.va.gov/va-locator-facility-list/
vc_0230V,South Jersey Vet Center,discoverva_va_locator_facility_list,0230V,vet_center,39.39867382,,"Egg Harbor Township, NJ",,,Egg Harbor Township,NJ,,US,current_record,record_field,,https://discover.va.gov/va-locator-facility-list/
vc_0231V,Beckley Vet Center,discoverva_va_locator_facility_list,0231V,vet_center,37.77891746,,"Beckley, WV",,,Beckley,WV,,US,current_record,record_field,,https://discover.va.gov/va-locator-facility-list/
vc_0232V,Princeton Vet Center,discoverva_va_locator_facility_list,0232V,vet_center,37.36787675,,"Princeton, WV",,,Princeton,WV,,US,current_record,record_field,,https://discover.va.gov/va-locator-facility-list/
vc_0233V,Wheeling Vet Center,discoverva_va_locator_facility_list,0233V,vet_center,40.04014399,,"Wheeling, WV",,,Wheeling,WV,,US,current_record,record_field,,https://discover.va.gov/va-locator-facility-list/
vc_0234V,Toledo Vet Center,discoverva_va_locator_facility_list,0234V,vet_center,41.610231,,"Toledo, OH",,,Toledo,OH,,US,current_record,record_field,,https://discover.va.gov/va-locator-facility-list/
vc_0235V,Annapolis Vet Center,discoverva_va_locator_facility_list,0235V,vet_center,38.99017644,,"Annapolis, MD",,,Annapolis,MD,,US,current_record,record_field,,https://discover.va.gov/va-locator-facility-list/
vc_0236V,Dundalk Vet Center,discoverva_va_locator_facility_list,0236V,vet_center,39.27375672,,"Dundalk, MD",,,Dundalk,MD,,US,current_record,record_field,,https://discover.va.gov/va-locator-facility-list/
vc_0237V,Prince George's County Vet Center,discoverva_va_locator_facility_list,0237V,vet_center,38.780937,,"Clinton, MD",,,Clinton,MD,,US,current_record,record_field,,https://discover.va.gov/va-locator-facility-list/
vc_0238V,Bucks County Vet Center,discoverva_va_locator_facility_list,0238V,vet_center,40.096296,,"Bristol, PA",,,Bristol,PA,,US,current_record,record_field,,https://discover.va.gov/va-locator-facility-list/
vc_0239V,Norristown Vet Center,discoverva_va_locator_facility_list,0239V,vet_center,40.12764648,,"Norristown, PA",,,Norristown,PA,,US,current_record,record_field,,https://discover.va.gov/va-locator-facility-list/
vc_0240V,Virginia Beach Vet Center,discoverva_va_locator_facility_list,0240V,vet_center,36.83133,,"Virginia Beach, VA",,,Virginia Beach,VA,,US,current_record,record_field,,https://discover.va.gov/va-locator-facility-list/
vc_0241V,Stark County Vet Center,discoverva_va_locator_facility_list,0241V,vet_center,40.802598,,"Canton, OH",,,Canton,OH,,US,current_record,record_field,,https://discover.va.gov/va-locator-facility-list/
vc_0242V,Lancaster Vet Center,discoverva_va_locator_facility_list,0242V,vet_center,40.05068935,,"Lancaster, PA",,,Lancaster,PA,,US,current_record,record_field,,https://discover.va.gov/va-locator-facility-list/
vc_0243V,Sussex County Vet Center,discoverva_va_locator_facility_list,0243V,vet_center,38.69682818,,"Georgetown, DE",,,Georgetown,DE,,US,current_record,record_field,,https://discover.va.gov/va-locator-facility-list/
vc_0301V,St. Petersburg Vet Center,discoverva_va_locator_facility_list,0301V,vet_center,27.79043606,,"St. Petersburg, FL",,,St. Petersburg,FL,,US,current_record,record_field,,https://discover.va.gov/va-locator-facility-list/
vc_0303V,"Charleston, SC Vet Center",discoverva_va_locator_facility_list,0303V,vet_center,32.860836,,"North Charleston, SC",,,North Charleston,SC,,US,current_record,record_field,,https://discover.va.gov/va-locator-facility-list/
vc_0304V,Atlanta Vet Center,discoverva_va_locator_facility_list,0304V,vet_center,33.6132,,"College Park, GA",,,College Park,GA,,US,current_record,record_field,,https://discover.va.gov/va-locator-facility-list/
vc_0305V,"Jacksonville, FL Vet Center",discoverva_va_locator_facility_list,0305V,vet_center,30.28624952,,"Jacksonville, FL",,,Jacksonville,FL,,US,current_record,record_field,,https://discover.va.gov/va-locator-facility-list/
vc_0307V,San Juan Vet Center,discoverva_va_locator_facility_list,0307V,vet_center,18.40541959,,"Guaynabo, PR",,,Guaynabo,PR,,US,current_record,record_field,,https://discover.va.gov/va-locator-facility-list/
vc_0308V,U.S. Virgin Islands Vet Center,discoverva_va_locator_facility_list,0308V,vet_center,18.341275,,"St Thomas, VI",,,St Thomas,VI,,US,current_record,record_field,,https://discover.va.gov/va-locator-facility-list/
vc_0309V,Hatillo Vet Center,discoverva_va_locator_facility_list,0309V,vet_center,18.48742363,,"Hatillo, PR",,,Hatillo,PR,,US,current_record,record_field,,https://discover.va.gov/va-locator-facility-list/
vc_0310V,Miami Vet Center,discoverva_va_locator_facility_list,0310V,vet_center,25.79839483,,"Miami, FL",,,Miami,FL,,US,current_record,record_field,,https://discover.va.gov/va-locator-facility-list/
vc_0311V,Fort Lauderdale Vet Center,discoverva_va_locator_facility_list,0311V,vet_center,26.164908,,"Lauderdale Lakes, FL",,,Lauderdale Lakes,FL,,US,current_record,record_field,,https://discover.va.gov/va-locator-facility-list/
vc_0312V,Ponce Vet Center,discoverva_va_locator_facility_list,0312V,vet_center,17.99525637,,"Ponce, PR",,,Ponce,PR,,US,current_record,record_field,,https://discover.va.gov/va-locator-facility-list/
vc_0314V,Orlando Vet Center,discoverva_va_locator_facility_list,0314V,vet_center,28.482174,,"Orlando, FL",,,Orlando,FL,,US,current_record,record_field,,https://discover.va.gov/va-locator-facility-list/
vc_0315V,"Fayetteville, NC Vet Center",discoverva_va_locator_facility_list,0315V,vet_center,35.04327073,,"Fayetteville, NC",,,Fayetteville,NC,,US,current_record,record_field,,https://discover.va.gov/va-locator-facility-list/
vc_0316V,"Greenville, SC Vet Center",discoverva_va_locator_facility_list,0316V,vet_center,34.86209454,,"Greenville, SC",,,Greenville,SC,,US,current_record,record_field,,https://discover.va.gov/va-locator-facility-list/
vc_0317V,Charlotte Vet Center,discoverva_va_locator_facility_list,0317V,vet_center,35.32190126,,"Charlotte, NC",,,Charlotte,NC,,US,current_record,record_field,,https://discover.va.gov/va-locator-facility-list/
vc_0318V,Tampa Vet Center,discoverva_va_locator_facility_list,0318V,vet_center,27.9767283,,"Tampa, FL",,,Tampa,FL,,US,current_record,record_field,,https://discover.va.gov/va-locator-facility-list/
vc_0319V,"Greenville, NC Vet Center",discoverva_va_locator_facility_list,0319V,vet_center,35.59745672,,"Greenville, NC",,,Greenville,NC,,US,current_record,record_field,,https://discover.va.gov/va-locator-facility-list/
vc_0320V,Sarasota Vet Center,discoverva_va_locator_facility_list,0320V,vet_center,27.283473,,"Sarasota, FL",,,Sarasota,FL,,US,current_record,record_field,,https://discover.va.gov/va-locator-facility-list/
vc_0323V,Savannah Vet Center,discoverva_va_locator_facility_list,0323V,vet_center,32.00460292,,"Savannah, GA",,,Savannah,GA,,US,current_record,record_field,,https://discover.va.gov/va-locator-facility-list/
vc_0324V,"Columbia, SC Vet Center",discoverva_va_locator_facility_list,0324V,vet_center,34.01310862,,"Columbia, SC",,,Columbia,SC,,US,current_record,record_field,,https://discover.va.gov/va-locator-facility-list/
vc_0325V,Tallahassee Vet Center,discoverva_va_locator_facility_list,0325V,vet_center,30.42618064,,"Tallahassee, FL",,,Tallahassee,FL,,US,current_record,record_field,,https://discover.va.gov/va-locator-facility-list/
vc_0326V,Palm Beach Vet Center,discoverva_va_locator_facility_list,0326V,vet_center,26.630361,,"Greenacres, FL",,,Greenacres,FL,,US,current_record,record_field,,https://discover.va.gov/va-locator-facility-list/
vc_0327V,Greensboro Vet Center,discoverva_va_locator_facility_list,0327V,vet_center,36.07370247,,"Greensboro, NC",,,Greensboro,NC,,US,current_record,record_field,,https://discover.va.gov/va-locator-facility-list/
vc_0328V,Raleigh Vet Center,discoverva_va_locator_facility_list,0328V,vet_center,35.8990456,,"Raleigh, NC",,,Raleigh,NC,,US,current_record,record_field,,https://discover.va.gov/va-locator-facility-list/
vc_0329V,Lawrenceville Vet Center,discoverva_va_locator_facility_list,0329V,vet_center,33.96991568,,"Lawrenceville, GA",,,Lawrenceville,GA,,US,current_record,record_field,,https://discover.va.gov/va-locator-facility-list/
vc_0330V,Fort Myers Vet Center,discoverva_va_locator_facility_list,0330V,vet_center,26.603478,,"Fort Myers, FL",,,Fort Myers,FL,,US,current_record,record_field,,https://discover.va.gov/va-locator-facility-list/
vc_0331V,Gainesville Vet Center,discoverva_va_locator_facility_list,0331V,vet_center,29.65388509,,"Gainesville, FL",,,Gainesville,FL,,US,current_record,record_field,,https://discover.va.gov/va-locator-facility-list/
vc_0332V,Melbourne Vet Center,discoverva_va_locator_facility_list,0332V,vet_center,28.12172596,,"Melbourne, FL",,,Melbourne,FL,,US,current_record,record_field,,https://discover.va.gov/va-locator-facility-list/
vc_0333V,Macon Vet Center,discoverva_va_locator_facility_list,0333V,vet_center,32.8418953,,"Macon, GA",,,Macon,GA,,US,current_record,record_field,,https://discover.va.gov/va-locator-facility-list/
vc_0334V,Montgomery Vet Center,discoverva_va_locator_facility_list,0334V,vet_center,32.38184549,,"Montgomery, AL",,,Montgomery,AL,,US,current_record,record_field,,https://discover.va.gov/va-locator-facility-list/
vc_0336V,Pompano Beach Vet Center,discoverva_va_locator_facility_list,0336V,vet_center,26.27432049,,"Pompano Beach, FL",,,Pompano Beach,FL,,US,current_record,record_field,,https://discover.va.gov/va-locator-facility-list/
vc_0337V,Jupiter Vet Center,discoverva_va_locator_facility_list,0337V,vet_center,26.933859,,"Jupiter, FL",,,Jupiter,FL,,US,current_record,record_field,,https://discover.va.gov/va-locator-facility-list/
vc_0338V,Pasco County Vet Center,discoverva_va_locator_facility_list,0338V,vet_center,28.23402381,,"New Port Richey, FL",,,New Port Richey,FL,,US,current_record,record_field,,https://discover.va.gov/va-locator-facility-list/
vc_0339V,Clearwater Vet Center,discoverva_va_locator_facility_list,0339V,vet_center,28.038699,,"Clearwater, FL",,,Clearwater,FL,,US,current_record,record_field,,https://discover.va.gov/va-locator-facility-list/
vc_0340V,Lakeland Vet Center,discoverva_va_locator_facility_list,0340V,vet_center,28.0258226,,"Lakeland, FL",,,Lakeland,FL,,US,current_record,record_field,,https://discover.va.gov/va-locator-facility-list/
vc_0341V,Daytona Beach Vet Center,discoverva_va_locator_facility_list,0341V,vet_center,29.21220491,,"Daytona Beach, FL",,,Daytona Beach,FL,,US,current_record,record_field,,https://discover.va.gov/va-locator-facility-list/
vc_0342V,Marietta Vet Center,discoverva_va_locator_facility_list,0342V,vet_center,33.92764344,,"Marietta, GA",,,Marietta,GA,,US,current_record,record_field,,https://discover.va.gov/va-locator-facility-list/
vc_0343V,"Jacksonville, NC Vet Center",discoverva_va_locator_facility_list,0343V,vet_center,34.76538638,,"Jacksonville, NC",,,Jacksonville,NC,,US,current_record,record_field,,https://discover.va.gov/va-locator-facility-list/
vc_0344V,Ocala Vet Center,discoverva_va_locator_facility_list,0344V,vet_center,29.15253073,,"Ocala, FL",,,Ocala,FL,,US,current_record,record_field,,https://discover.va.gov/va-locator-facility-list/
vc_0345V,Clermont Vet Center,discoverva_va_locator_facility_list,0345V,vet_center,28.545174,,"Clermont, FL",,,Clermont,FL,,US,current_record,record_field,,https://discover.va.gov/va-locator-facility-list/
vc_0346V,Augusta Vet Center,discoverva_va_locator_facility_list,0346V,vet_center,33.475455,,"Augusta, GA",,,Augusta,GA,,US,current_record,record_field,,https://discover.va.gov/va-locator-facility-list/
vc_0347V,Myrtle Beach Vet Center,discoverva_va_locator_facility_list,0347V,vet_center,33.66833144,,"Myrtle Beach, SC",,,Myrtle Beach,SC,,US,current_record,record_field,,https://discover.va.gov/va-locator-facility-list/
vc_0348V,Naples Vet Center,discoverva_va_locator_facility_list,0348V,vet_center,26.15886534,,"Naples, FL",,,Naples,FL,,US,current_record,record_field,,https://discover.va.gov/va-locator-facility-list/
vc_0349V,"Columbus, GA Vet Center",discoverva_va_locator_facility_list,0349V,vet_center,32.48421845,,"Columbus, GA",,,Columbus,GA,,US,current_record,record_field,,https://discover.va.gov/va-locator-facility-list/
vc_0350V,Clarksville Vet Center,discoverva_va_locator_facility_list,0350V,vet_center,36.57919422,,"Clarksville, TN",,,Clarksville,TN,,US,current_record,record_field,,https://discover.va.gov/va-locator-facility-list/
vc_0401V,Dearborn Vet Center,discoverva_va_locator_facility_list,0401V,vet_center,42.303807,,"Dearborn, MI",,,Dearborn,MI,,US,current_record,record_field,,https://discover.va.gov/va-locator-facility-list/
vc_0402V,Detroit Vet Center,discoverva_va_locator_facility_list,0402V,vet_center,42.36636099,,"Detroit, MI",,,Detroit,MI,,US,current_record,record_field,,https://discover.va.gov/va-locator-facility-list/
vc_0403V,Grand Rapids Vet Center,discoverva_va_locator_facility_list,0403V,vet_center,42.9257471,,"Grand Rapids, MI",,,Grand Rapids,MI,,US,current_record,record_field,,https://discover.va.gov/va-locator-facility-list/
vc_0404V,Minot Vet Center,discoverva_va_locator_facility_list,0404V,vet_center,48.2003427,,"Minot, ND",,,Minot,ND,,US,current_record,record_field,,https://discover.va.gov/va-locator-facility-list/
vc_0405V,Des Moines Vet Center,discoverva_va_locator_facility_list,0405V,vet_center,41.600144,,"West Des Moines, IA",,,West Des Moines,IA,,US,current_record,record_field,,https://discover.va.gov/va-locator-facility-list/
vc_0406V,Fargo Vet Center,discoverva_va_locator_facility_list,0406V,vet_center,46.827342,,"Fargo, ND",,,Fargo,ND,,US,current_record,record_field,,https://discover.va.gov/va-locator-facility-list/
vc_0407V,Chicago Heights Vet Center,discoverva_va_locator_facility_list,0407V,vet_center,41.512788,,"Chicago Heights, IL",,,Chicago Heights,IL,,US,current_record,record_field,,https://discover.va.gov/va-locator-facility-list/
vc_0408V,Kansas City Vet Center,discoverva_va_locator_facility_list,0408V,vet_center,39.038958,,"Kansas City, MO",,,Kansas City,MO,,US,current_record,record_field,,https://discover.va.gov/va-locator-facility-list/
vc_0409V,Fort Wayne Vet Center,discoverva_va_locator_facility_list,0409V,vet_center,41.11208611,,"Fort Wayne, IN",,,Fort Wayne,IN,,US,current_record,record_field,,https://discover.va.gov/va-locator-facility-list/
vc_0410V,Chicago Vet Center,discoverva_va_locator_facility_list,0410V,vet_center,41.7352909,,"Chicago, IL",,,Chicago,IL,,US,current_record,record_field,,https://discover.va.gov/va-locator-facility-list/
vc_0411V,Forest Park Vet Center,discoverva_va_locator_facility_list,0411V,vet_center,41.85897298,,"Forest Park, IL",,,Forest Park,IL,,US,current_record,record_field,,https://discover.va.gov/va-locator-facility-list/
vc_0412V,Gary Area Vet Center,discoverva_va_locator_facility_list,0412V,vet_center,41.4491857,,"Crown Point, IN",,,Crown Point,IN,,US,current_record,record_field,,https://discover.va.gov/va-locator-facility-list/
vc_0413V,Indianapolis Vet Center,discoverva_va_locator_facility_list,0413V,vet_center,39.88155747,,"Indianapolis, IN",,,Indianapolis,IN,,US,current_record,record_field,,https://discover.va.gov/va-locator-facility-list/
vc_0414V,St. Louis Vet Center,discoverva_va_locator_facility_list,0414V,vet_center,38.659842,,"Creve Coeur, MO",,,Creve Coeur,MO,,US,current_record,record_field,,https://discover.va.gov/va-locator-facility-list/
vc_0416V,St. Paul Vet Center,discoverva_va_locator_facility_list,0416V,vet_center,44.88225012,,"Richfield, MN",,,Richfield,MN,,US,current_record,record_field,,https://discover.va.gov/va-locator-facility-list/
vc_0417V,Peoria Vet Center,discoverva_va_locator_facility_list,0417V,vet_center,40.78265391,,"Peoria, IL",,,Peoria,IL,,US,current_record,record_field,,https://discover.va.gov/va-locator-facility-list/
vc_0418V,Evansville Vet Center,discoverva_va_locator_facility_list,0418V,vet_center,37.98666,,"Evansville, IN",,,Evansville,IN,,US,current_record,record_field,,https://discover.va.gov/va-locator-facility-list/
vc_0419V,Madison Vet Center,discoverva_va_locator_facility_list,0419V,vet_center,43.113879,,"Madison, WI",,,Madison,WI,,US,current_record,record_field,,https://discover.va.gov/va-locator-facility-list/
vc_0420V,Evanston Vet Center,discoverva_va_locator_facility_list,0420V,vet_center,42.01940261,,"Evanston, IL",,,Evanston,IL,,US,current_record,record_field,,https://discover.va.gov/va-locator-facility-list/
vc_0421V,"Springfield, IL Vet Center",discoverva_va_locator_facility_list,0421V,vet_center,39.7621658,,"Springfield, IL",,,Springfield,IL,,US,current_record,record_field,,https://discover.va.gov/va-locator-facility-list/
vc_0422V,Metro East Vet Center,discoverva_va_locator_facility_list,0422V,vet_center,38.56490872,,"Swansea, IL",,,Swansea,IL,,US,current_record,record_field,,https://discover.va.gov/va-locator-facility-list/
vc_0423V,Rapid City Vet Center,discoverva_va_locator_facility_list,0423V,vet_center,44.08140054,,"Rapid City, SD",,,Rapid City,SD,,US,current_record,record_field,,https://discover.va.gov/va-locator-facility-list/
vc_0424V,Omaha Vet Center,discoverva_va_locator_facility_list,0424V,vet_center,41.238666,,"Omaha, NE",,,Omaha,NE,,US,current_record,record_field,,https://discover.va.gov/va-locator-facility-list/
vc_0425V,Sioux Falls Vet Center,discoverva_va_locator_facility_list,0425V,vet_center,43.49835,,"Sioux Falls, SD",,,Sioux Falls,SD,,US,current_record,record_field,,https://discover.va.gov/va-locator-facility-list/
vc_0426V,Wichita Vet Center,discoverva_va_locator_facility_list,0426V,vet_center,37.69056293,,"Wichita, KS",,,Wichita,KS,,US,current_record,record_field,,https://discover.va.gov/va-locator-facility-list/
vc_0427V,Lincoln Vet Center,discoverva_va_locator_facility_list,0427V,vet_center,40.81219143,,"Lincoln, NE",,,Lincoln,NE,,US,current_record,record_field,,https://discover.va.gov/va-locator-facility-list/
vc_0428V,Sioux City Vet Center,discoverva_va_locator_facility_list,0428V,vet_center,42.44978618,,"Sioux City, IA",,,Sioux City,IA,,US,current_record,record_field,,https://discover.va.gov/va-locator-facility-list/
vc_0429V,Duluth Vet Center,discoverva_va_locator_facility_list,0429V,vet_center,46.829637,,"Duluth, MN",,,Duluth,MN,,US,current_record,record_field,,https://discover.va.gov/va-locator-facility-list/
vc_0430V,Quad Cities Vet Center,discoverva_va_locator_facility_list,0430V,vet_center,41.48999871,,"East Moline, IL",,,East Moline,IL,,US,current_record,record_field,,https://discover.va.gov/va-locator-facility-list/
vc_0431V,Cedar Rapids Vet Center,discoverva_va_locator_facility_list,0431V,vet_center,42.01951431,,"Cedar Rapids, IA",,,Cedar Rapids,IA,,US,current_record,record_field,,https://discover.va.gov/va-locator-facility-list/
vc_0432V,"Manhattan, KS Vet Center",discoverva_va_locator_facility_list,0432V,vet_center,39.192381,,"Manhattan, KS",,,Manhattan,KS,,US,current_record,record_field,,https://discover.va.gov/va-locator-facility-list/
vc_0433V,Saginaw Vet Center,discoverva_va_locator_facility_list,0433V,vet_center,43.48489709,,"Saginaw, MI",,,Saginaw,MI,,US,current_record,record_field,,https://discover.va.gov/va-locator-facility-list/
vc_0434V,Escanaba Vet Center,discoverva_va_locator_facility_list,0434V,vet_center,45.74768789,,"Escanaba, MI",,,Escanaba,MI,,US,current_record,record_field,,https://discover.va.gov/va-locator-facility-list/
vc_0435V,Orland Park Vet Center,discoverva_va_locator_facility_list,0435V,vet_center,41.601141,,"Orland Park, IL",,,Orland Park,IL,,US,current_record,record_field,,https://discover.va.gov/va-locator-facility-list/
vc_0436V,Aurora Vet Center,discoverva_va_locator_facility_list,0436V,vet_center,41.74420079,,"Aurora, IL",,,Aurora,IL,,US,current_record,record_field,,https://discover.va.gov/va-locator-facility-list/
vc_0437V,Macomb County Vet Center,discoverva_va_locator_facility_list,0437V,vet_center,42.61018043,,"Clinton Township, MI",,,Clinton Township,MI,,US,current_record,record_field,,https://discover.va.gov/va-locator-facility-list/
vc_0438V,Pontiac Vet Center,discoverva_va_locator_facility_list,0438V,vet_center,42.614451,,"Pontiac, MI",,,Pontiac,MI,,US,current_record,record_field,,https://discover.va.gov/va-locator-facility-list/
vc_04391OS,St. Cloud Vet Center Outstation,discoverva_va_locator_facility_list,04391OS,vet_center,45.552115,,"St. Cloud, MN",,,St. Cloud,MN,,US,current_record,record_field,,https://discover.va.gov/va-locator-facility-list/
vc_0439V,Anoka Vet Center,discoverva_va_locator_facility_list,0439V,vet_center,45.19768453,,"Anoka, MN",,,Anoka,MN,,US,current_record,record_field,,https://discover.va.gov/va-locator-facility-list/
vc_0441V,Green Bay Vet Center,discoverva_va_locator_facility_list,0441V,vet_center,44.500671,,"Green Bay, WI",,,Green Bay,WI,,US,current_record,record_field,,https://discover.va.gov/va-locator-facility-list/
vc_0442V,La Crosse Vet Center,discoverva_va_locator_facility_list,0442V,vet_center,43.89512789,,"Onalaska, WI",,,Onalaska,WI,,US,current_record,record_field,,https://discover.va.gov/va-locator-facility-list/
vc_0443V,"Columbia, MO Vet Center",discoverva_va_locator_facility_list,0443V,vet_center,38.94752081,,"Columbia, MO",,,Columbia,MO,,US,current_record,record_field,,https://discover.va.gov/va-locator-facility-list/
vc_0444V,South Bend Vet Center,discoverva_va_locator_facility_list,0444V,vet_center,41.626206,,"South Bend, IN",,,South Bend,IN,,US,current_record,record_field,,https://discover.va.gov/va-locator-facility-list/
vc_0445V,Traverse City Vet Center,discoverva_va_locator_facility_list,0445V,vet_center,44.76051274,,"Traverse City, MI",,,Traverse City,MI,,US,current_record,record_field,,https://discover.va.gov/va-locator-facility-list/
vc_0446V,Bismarck Vet Center,discoverva_va_locator_facility_list,0446V,vet_center,46.79433,,"Bismarck, ND",,,Bismarck,ND,,US,current_record,record_field,,https://discover.va.gov/va-locator-facility-list/
vc_0447V,Rockford Vet Center,discoverva_va_locator_facility_list,0447V,vet_center,42.2904123,,"Rockford, IL",,,Rockford,IL,,US,current_record,record_field,,https://discover.va.gov/va-locator-facility-list/
vc_0501V,Cheyenne Vet Center,discoverva_va_locator_facility_list,0501V,vet_center,41.13838712,,"Cheyenne, WY",,,Cheyenne,WY,,US,current_record,record_field,,https://discover.va.gov/va-locator-facility-list/
vc_0502V,Anchorage Vet Center,discoverva_va_locator_facility_list,0502V,vet_center,61.179786,,"Anchorage, AK",,,Anchorage,AK,,US,current_record,record_field,,https://discover.va.gov/va-locator-facility-list/
vc_0503V,Boise Vet Center,discoverva_va_locator_facility_list,0503V,vet_center,43.591374,,"Boise, ID",,,Boise,ID,,US,current_record,record_field,,https://discover.va.gov/va-locator-facility-list/
vc_0504V,Denver Vet Center,discoverva_va_locator_facility_list,0504V,vet_center,39.71925316,,"Denver, CO",,,Denver,CO,,US,current_record,record_field,,https://discover.va.gov/va-locator-facility-list/
vc_0505V,Las Vegas Vet Center,discoverva_va_locator_facility_list,0505V,vet_center,36.1791,,"Las Vegas, NV",,,Las Vegas,NV,,US,current_record,record_field,,https://discover.va.gov/va-locator-facility-list/
vc_0506V,Reno Vet Center,discoverva_va_locator_facility_list,0506V,vet_center,39.51178031,,"Reno, NV",,,Reno,NV,,US,current_record,record_field,,https://discover.va.gov/va-locator-facility-list/
vc_0507V,Seattle Vet Center,discoverva_va_locator_facility_list,0507V,vet_center,47.55336678,,"Seattle, WA",,,Seattle,WA,,US,current_record,record_field,,https://discover.va.gov/va-locator-facility-list/
vc_0508V,Tacoma Vet Center,discoverva_va_locator_facility_list,0508V,vet_center,47.233485,,"Tacoma, WA",,,Tacoma,WA,,US,current_record,record_field,,https://discover.va.gov/va-locator-facility-list/
vc_0509V,Billings Vet Center,discoverva_va_locator_facility_list,0509V,vet_center,45.75022718,,"Billings, MT",,,Billings,MT,,US,current_record,record_field,,https://discover.va.gov/va-locator-facility-list/
vc_0510V,Spokane Vet Center,discoverva_va_locator_facility_list,0510V,vet_center,47.686707,,"Spokane, WA",,,Spokane,WA,,US,current_record,record_field,,https://discover.va.gov/va-locator-facility-list/
vc_0511V,Fairbanks Vet Center,discoverva_va_locator_facility_list,0511V,vet_center,64.81886076,,"Fairbanks, AK",,,Fairbanks,AK,,US,current_record,record_field,,https://discover.va.gov/va-locator-facility-list/
vc_0512V,Wasilla Vet Center,discoverva_va_locator_facility_list,0512V,vet_center,61.58918543,,"Wasilla, AK",,,Wasilla,AK,,US,current_record,record_field,,https://discover.va.gov/va-locator-facility-list/
vc_0514V,Salt Lake City Vet Center,discoverva_va_locator_facility_list,0514V,vet_center,40.667235,,"Murray, UT",,,Murray,UT,,US,current_record,record_field,,https://discover.va.gov/va-locator-facility-list/
vc_0515V,Albuquerque Vet Center,discoverva_va_locator_facility_list,0515V,vet_center,35.09843298,,"Albuquerque, NM",,,Albuquerque,NM,,US,current_record,record_field,,https://discover.va.gov/va-locator-facility-list/
vc_0516V,Farmington Vet Center,discoverva_va_locator_facility_list,0516V,vet_center,36.76046462,,"Farmington, NM",,,Farmington,NM,,US,current_record,record_field,,https://discover.va.gov/va-locator-facility-list/
vc_0517V,Phoenix Vet Center,discoverva_va_locator_facility_list,0517V,vet_center,33.493689,,"Phoenix, AZ",,,Phoenix,AZ,,US,current_record,record_field,,https://discover.va.gov/va-locator-facility-list/
vc_0518V,Dr. Cameron McKinley Department of Veterans Affairs Veterans Center,discoverva_va_locator_facility_list,0518V,vet_center,34.59873002,,"Prescott, AZ",,,Prescott,AZ,,US,current_record,record_field,,https://discover.va.gov/va-locator-facility-list/
vc_0519V,Casper Vet Center,discoverva_va_locator_facility_list,0519V,vet_center,42.86152988,,"Casper, WY",,,Casper,WY,,US,current_record,record_field,,https://discover.va.gov/va-locator-facility-list/
vc_0520V,Santa Fe Vet Center,discoverva_va_locator_facility_list,0520V,vet_center,35.6506367,,"Sante Fe, NM",,,Sante Fe,NM,,US,current_record,record_field,,https://discover.va.gov/va-locator-facility-list/
vc_0521V,Tucson Vet Center,discoverva_va_locator_facility_list,0521V,vet_center,32.222232,,"Tucson, AZ",,,Tucson,AZ,,US,current_record,record_field,,https://discover.va.gov/va-locator-facility-list/
vc_0522V,Bellingham Vet Center,discoverva_va_locator_facility_list,0522V,vet_center,48.73361047,,"Bellingham, WA",,,Bellingham,WA,,US,current_record,record_field,,https://discover.va.gov/va-locator-facility-list/
vc_0523V,Yakima Valley Vet Center,discoverva_va_locator_facility_list,0523V,vet_center,46.6035576,,"Yakima, WA",,,Yakima,WA,,US,current_record,record_field,,https://discover.va.gov/va-locator-facility-list/
vc_0524V,Mesa Vet Center,discoverva_va_locator_facility_list,0524V,vet_center,33.391242,,"Mesa, AZ",,,Mesa,AZ,,US,current_record,record_field,,https://discover.va.gov/va-locator-facility-list/
vc_0525V,Colorado Springs Vet Center,discoverva_va_locator_facility_list,0525V,vet_center,38.88713958,,"Colorado Springs, CO",,,Colorado Springs,CO,,US,current_record,record_field,,https://discover.va.gov/va-locator-facility-list/
vc_0526V,Grand Junction Vet Center,discoverva_va_locator_facility_list,0526V,vet_center,39.08598836,,"Grand Junction, CO",,,Grand Junction,CO,,US,current_record,record_field,,https://discover.va.gov/va-locator-facility-list/
vc_0527V,Boulder Vet Center,discoverva_va_locator_facility_list,0527V,vet_center,40.02112664,,"Boulder, CO",,,Boulder,CO,,US,current_record,record_field,,https://discover.va.gov/va-locator-facility-list/
vc_0528V,Missoula Vet Center,discoverva_va_locator_facility_list,0528V,vet_center,46.85553,,"Missoula, MT",,,Missoula,MT,,US,current_record,record_field,,https://discover.va.gov/va-locator-facility-list/
vc_0529V,Everett Vet Center,discoverva_va_locator_facility_list,0529V,vet_center,47.908818,,"Everett, WA",,,Everett,WA,,US,current_record,record_field,,https://discover.va.gov/va-locator-facility-list/
vc_0530V,Las Cruces Vet Center,discoverva_va_locator_facility_list,0530V,vet_center,32.34704499,,"Las Cruces, NM",,,Las Cruces,NM,,US,current_record,record_field,,https://discover.va.gov/va-locator-facility-list/
vc_0531V,East Idaho Vet Center,discoverva_va_locator_facility_list,0531V,vet_center,43.48892664,,"Idaho Falls, ID",,,Idaho Falls,ID,,US,current_record,record_field,,https://discover.va.gov/va-locator-facility-list/
vc_0532V,Col. Gail S. Halvorsen 'Candy Bomber' Veterans Center,discoverva_va_locator_facility_list,0532V,vet_center,40.29122876,,"Orem, UT",,,Orem,UT,,US,current_record,record_field,,https://discover.va.gov/va-locator-facility-list/
vc_0533V,West Valley Vet Center,discoverva_va_locator_facility_list,0533V,vet_center,33.612795,,"Peoria, AZ",,,Peoria,AZ,,US,current_record,record_field,,https://discover.va.gov/va-locator-facility-list/
vc_0534V,Henderson Vet Center,discoverva_va_locator_facility_list,0534V,vet_center,36.057393,,"Henderson, NV",,,Henderson,NV,,US,current_record,record_field,,https://discover.va.gov/va-locator-facility-list/
vc_0535V,Federal Way Vet Center,discoverva_va_locator_facility_list,0535V,vet_center,47.314377,,"Federal Way, WA",,,Federal Way,WA,,US,current_record,record_field,,https://discover.va.gov/va-locator-facility-list/
vc_0536V,Lake Havasu Vet Center,discoverva_va_locator_facility_list,0536V,vet_center,34.478397,,"Lake Havasu, AZ",,,Lake Havasu,AZ,,US,current_record,record_field,,https://discover.va.gov/va-locator-facility-list/
vc_0537V,Yuma Vet Center,discoverva_va_locator_facility_list,0537V,vet_center,32.699115,,"Yuma, AZ",,,Yuma,AZ,,US,current_record,record_field,,https://discover.va.gov/va-locator-facility-list/
vc_0538V,Great Falls Vet Center,discoverva_va_locator_facility_list,0538V,vet_center,47.50751851,,"Great Falls, MT",,,Great Falls,MT,,US,current_record,record_field,,https://discover.va.gov/va-locator-facility-list/
vc_0539V,Kalispell Vet Center,discoverva_va_locator_facility_list,0539V,vet_center,48.20589841,,"Kalispell, MT",,,Kalispell,MT,,US,current_record,record_field,,https://discover.va.gov/va-locator-facility-list/
vc_0540V,Saint George Vet Center,discoverva_va_locator_facility_list,0540V,vet_center,37.080009,,"Saint George, UT",,,Saint George,UT,,US,current_record,record_field,,https://discover.va.gov/va-locator-facility-list/
vc_0541V,Walla Walla Vet Center,discoverva_va_locator_facility_list,0541V,vet_center,46.05923917,,"Walla Walla, WA",,,Walla Walla,WA,,US,current_record,record_field,,https://discover.va.gov/va-locator-facility-list/
vc_0542V,Pueblo Vet Center,discoverva_va_locator_facility_list,0542V,vet_center,38.313036,,"Pueblo, CO",,,Pueblo,CO,,US,current_record,record_field,,https://discover.va.gov/va-locator-facility-list/
vc_0543V,Fort Collins Vet Center,discoverva_va_locator_facility_list,0543V,vet_center,40.553109,,"Fort Collins, CO",,,Fort Collins,CO,,US,current_record,record_field,,https://discover.va.gov/va-locator-facility-list/
vc_0601V,Bakersfield Vet Center,discoverva_va_locator_facility_list,0601V,vet_center,35.3841847,,"Bakersfield, CA",,,Bakersfield,CA,,US,current_record,record_field,,https://discover.va.gov/va-locator-facility-list/
vc_0602V,Concord Vet Center,discoverva_va_locator_facility_list,0602V,vet_center,37.969614,,"Concord, CA",,,Concord,CA,,US,current_record,record_field,,https://discover.va.gov/va-locator-facility-list/
vc_0603V,Antelope Valley Vet Center,discoverva_va_locator_facility_list,0603V,vet_center,34.590222,,"Palmdale, CA",,,Palmdale,CA,,US,current_record,record_field,,https://discover.va.gov/va-locator-facility-list/
vc_0604V,South Orange County Vet Center,discoverva_va_locator_facility_list,0604V,vet_center,33.564924,,"Mission Viejo, CA",,,Mission Viejo,CA,,US,current_record,record_field,,https://discover.va.gov/va-locator-facility-list/
vc_0605V,Chatsworth Vet Center,discoverva_va_locator_facility_list,0605V,vet_center,34.256952,,"Chatsworth, CA",,,Chatsworth,CA,,US,current_record,record_field,,https://discover.va.gov/va-locator-facility-list/
vc_0606V,Los Angeles Vet Center,discoverva_va_locator_facility_list,0606V,vet_center,33.89301,,"Gardena, CA",,,Gardena,CA,,US,current_record,record_field,,https://discover.va.gov/va-locator-facility-list/
vc_0607V,West Los Angeles Vet Center,discoverva_va_locator_facility_list,0607V,vet_center,33.98604774,,"Culver City, CA",,,Culver City,CA,,US,current_record,record_field,,https://discover.va.gov/va-locator-facility-list/
vc_0608V,Temecula Vet Center,discoverva_va_locator_facility_list,0608V,vet_center,33.52843747,,"Temecula, CA",,,Temecula,CA,,US,current_record,record_field,,https://discover.va.gov/va-locator-facility-list/
vc_0609V,Honolulu Vet Center,discoverva_va_locator_facility_list,0609V,vet_center,21.29133992,,"Honolulu, HI",,,Honolulu,HI,,US,current_record,record_field,,https://discover.va.gov/va-locator-facility-list/
vc_0610V,Citrus Heights Vet Center,discoverva_va_locator_facility_list,0610V,vet_center,38.669265,,"Citrus Heights, CA",,,Citrus Heights,CA,,US,current_record,record_field,,https://discover.va.gov/va-locator-facility-list/
vc_0611V,Corona Vet Center,discoverva_va_locator_facility_list,0611V,vet_center,33.85976421,,"Corona, CA",,,Corona,CA,,US,current_record,record_field,,https://discover.va.gov/va-locator-facility-list/
vc_0612V,Oakland Vet Center,discoverva_va_locator_facility_list,0612V,vet_center,37.768221,,"Oakland, CA",,,Oakland,CA,,US,current_record,record_field,,https://discover.va.gov/va-locator-facility-list/
vc_0613V,High Desert Vet Center,discoverva_va_locator_facility_list,0613V,vet_center,34.52481,,"Victorville, CA",,,Victorville,CA,,US,current_record,record_field,,https://discover.va.gov/va-locator-facility-list/
vc_0614V,Chula Vista Vet Center,discoverva_va_locator_facility_list,0614V,vet_center,32.65933895,,"Bonita, CA",,,Bonita,CA,,US,current_record,record_field,,https://discover.va.gov/va-locator-facility-list/
vc_0615V,San Jose Vet Center,discoverva_va_locator_facility_list,0615V,vet_center,37.26833126,,"San Jose, CA",,,San Jose,CA,,US,current_record,record_field,,https://discover.va.gov/va-locator-facility-list/
vc_0616V,American Samoa Vet Center,discoverva_va_locator_facility_list,0616V,vet_center,-14.33224007,,"Pago Pago, AS",,,Pago Pago,AS,,US,current_record,record_field,,https://discover.va.gov/va-locator-facility-list/
vc_0617V,"Portland, OR Vet Center",discoverva_va_locator_facility_list,0617V,vet_center,45.534159,,"Portland, OR",,,Portland,OR,,US,current_record,record_field,,https://discover.va.gov/va-locator-facility-list/
vc_0618V,San Diego Vet Center,discoverva_va_locator_facility_list,0618V,vet_center,32.740776,,"San Diego, CA",,,San Diego,CA,,US,current_record,record_field,,https://discover.va.gov/va-locator-facility-list/
vc_0619V,San Luis Obispo Vet Center,discoverva_va_locator_facility_list,0619V,vet_center,35.26607501,,"San Luis Obispo, CA",,,San Luis Obispo,CA,,US,current_record,record_field,,https://discover.va.gov/va-locator-facility-list/
vc_0620V,San Francisco Vet Center,discoverva_va_locator_facility_list,0620V,vet_center,37.79935812,,"San Francisco, CA",,,San Francisco,CA,,US,current_record,record_field,,https://discover.va.gov/va-locator-facility-list/
vc_0621V,West Oahu Vet Center,discoverva_va_locator_facility_list,0621V,vet_center,21.32623542,,"Kapolei, HI",,,Kapolei,HI,,US,current_record,record_field,,https://discover.va.gov/va-locator-facility-list/
vc_0622V,Central Oregon Vet Center,discoverva_va_locator_facility_list,0622V,vet_center,44.05608555,,"Bend, OR",,,Bend,OR,,US,current_record,record_field,,https://discover.va.gov/va-locator-facility-list/
vc_0623V,East Los Angeles Vet Center,discoverva_va_locator_facility_list,0623V,vet_center,34.05133194,,"Monterey Park, CA",,,Monterey Park,CA,,US,current_record,record_field,,https://discover.va.gov/va-locator-facility-list/
vc_0624V,North Orange County Vet Center,discoverva_va_locator_facility_list,0624V,vet_center,33.78216007,,"Garden Grove, CA",,,Garden Grove,CA,,US,current_record,record_field,,https://discover.va.gov/va-locator-facility-list/
vc_0626V,Eugene Vet Center,discoverva_va_locator_facility_list,0626V,vet_center,44.047521,,"Eugene, OR",,,Eugene,OR,,US,current_record,record_field,,https://discover.va.gov/va-locator-facility-list/
vc_0628V,Fresno Vet Center,discoverva_va_locator_facility_list,0628V,vet_center,36.811494,,"Fresno, CA",,,Fresno,CA,,US,current_record,record_field,,https://discover.va.gov/va-locator-facility-list/
vc_0633V,Kauai Vet Center,discoverva_va_locator_facility_list,0633V,vet_center,21.97028419,,"Lihue, HI",,,Lihue,HI,,US,current_record,record_field,,https://discover.va.gov/va-locator-facility-list/
vc_0634V,Maui Vet Center,discoverva_va_locator_facility_list,0634V,vet_center,20.86712966,,"Kahului, HI",,,Kahului,HI,,US,current_record,record_field,,https://discover.va.gov/va-locator-facility-list/
vc_0635V,Hilo Vet Center,discoverva_va_locator_facility_list,0635V,vet_center,19.71101494,,"Hilo, HI",,,Hilo,HI,,US,current_record,record_field,,https://discover.va.gov/va-locator-facility-list/
vc_0636V,Kona Vet Center,discoverva_va_locator_facility_list,0636V,vet_center,19.69112242,,"Kailua-Kona, HI",,,Kailua-Kona,HI,,US,current_record,record_field,,https://discover.va.gov/va-locator-facility-list/
vc_0637V,San Bernardino Vet Center,discoverva_va_locator_facility_list,0637V,vet_center,34.06876656,,"San Bernardino, CA",,,San Bernardino,CA,,US,current_record,record_field,,https://discover.va.gov/va-locator-facility-list/
vc_0638V,Sacramento Vet Center,discoverva_va_locator_facility_list,0638V,vet_center,38.586177,,"Sacramento, CA",,,Sacramento,CA,,US,current_record,record_field,,https://discover.va.gov/va-locator-facility-list/
vc_0639V,Santa Cruz County Vet Center,discoverva_va_locator_facility_list,0639V,vet_center,36.970596,,"Capitola, CA",,,Capitola,CA,,US,current_record,record_field,,https://discover.va.gov/va-locator-facility-list/
vc_0640V,Salem Vet Center,discoverva_va_locator_facility_list,0640V,vet_center,44.96139,,"Salem, OR",,,Salem,OR,,US,current_record,record_field,,https://discover.va.gov/va-locator-facility-list/
vc_0642V,San Marcos Vet Center,discoverva_va_locator_facility_list,0642V,vet_center,33.14090659,,"San Marcos, CA",,,San Marcos,CA,,US,current_record,record_field,,https://discover.va.gov/va-locator-facility-list/
vc_0643V,Ventura Vet Center,discoverva_va_locator_facility_list,0643V,vet_center,34.27951861,,"Ventura, CA",,,Ventura,CA,,US,current_record,record_field,,https://discover.va.gov/va-locator-facility-list/
vc_0644V,Eureka Vet Center,discoverva_va_locator_facility_list,0644V,vet_center,40.78227558,,"Eureka, CA",,,Eureka,CA,,US,current_record,record_field,,https://discover.va.gov/va-locator-facility-list/
vc_0645V,Grants Pass Vet Center,discoverva_va_locator_facility_list,0645V,vet_center,42.452532,,"Grants Pass, OR",,,Grants Pass,OR,,US,current_record,record_field,,https://discover.va.gov/va-locator-facility-list/
vc_0646V,North Bay Vet Center,discoverva_va_locator_facility_list,0646V,vet_center,38.352825,,"Rohnert Park, CA",,,Rohnert Park,CA,,US,current_record,record_field,,https://discover.va.gov/va-locator-facility-list/
vc_0647V,Peninsula Vet Center,discoverva_va_locator_facility_list,0647V,vet_center,37.466676,,"Menlo Park, CA",,,Menlo Park,CA,,US,current_record,record_field,,https://discover.va.gov/va-locator-facility-list/
vc_0648V,Guam Vet Center,discoverva_va_locator_facility_list,0648V,vet_center,13.47619586,,"Maite, GU",,,Maite,GU,,US,current_record,record_field,,https://discover.va.gov/va-locator-facility-list/
vc_0649V,Chico Vet Center,discoverva_va_locator_facility_list,0649V,vet_center,39.75190264,,"Chico, CA",,,Chico,CA,,US,current_record,record_field,,https://discover.va.gov/va-locator-facility-list/
vc_0650V,Delta Vet Center,discoverva_va_locator_facility_list,0650V,vet_center,37.79638396,,"Manteca, CA",,,Manteca,CA,,US,current_record,record_field,,https://discover.va.gov/va-locator-facility-list/
vc_0701V,Johnson City Vet Center,discoverva_va_locator_facility_list,0701V,vet_center,36.350271,,"Johnson City, TN",,,Johnson City,TN,,US,current_record,record_field,,https://discover.va.gov/va-locator-facility-list/
vc_0702V,Amarillo Vet Center,discoverva_va_locator_facility_list,0702V,vet_center,35.18498425,,"Amarillo, TX",,,Amarillo,TX,,US,current_record,record_field,,https://discover.va.gov/va-locator-facility-list/
vc_0703V,Austin Vet Center,discoverva_va_locator_facility_list,0703V,vet_center,30.243105,,"Austin, TX",,,Austin,TX,,US,current_record,record_field,,https://discover.va.gov/va-locator-facility-list/
vc_0704V,Shreveport Vet Center,discoverva_va_locator_facility_list,0704V,vet_center,32.48747943,,"Shreveport, LA",,,Shreveport,LA,,US,current_record,record_field,,https://discover.va.gov/va-locator-facility-list/
vc_0705V,Corpus Christi Vet Center,discoverva_va_locator_facility_list,0705V,vet_center,27.71326676,,"Corpus Christi, TX",,,Corpus Christi,TX,,US,current_record,record_field,,https://discover.va.gov/va-locator-facility-list/
vc_0706V,Dallas Vet Center,discoverva_va_locator_facility_list,0706V,vet_center,32.89477224,,"Dallas, TX",,,Dallas,TX,,US,current_record,record_field,,https://discover.va.gov/va-locator-facility-list/
vc_0707V,El Paso Vet Center,discoverva_va_locator_facility_list,0707V,vet_center,31.77943133,,"El Paso, TX",,,El Paso,TX,,US,current_record,record_field,,https://discover.va.gov/va-locator-facility-list/
vc_0708V,Fort Worth Vet Center,discoverva_va_locator_facility_list,0708V,vet_center,32.75694533,,"Westworth Village, TX",,,Westworth Village,TX,,US,current_record,record_field,,https://discover.va.gov/va-locator-facility-list/
vc_0709V,Jackson Vet Center,discoverva_va_locator_facility_list,0709V,vet_center,32.32730976,,"Flowood, MS",,,Flowood,MS,,US,current_record,record_field,,https://discover.va.gov/va-locator-facility-list/
vc_0710V,Houston Southwest Vet Center,discoverva_va_locator_facility_list,0710V,vet_center,29.6689836,,"Houston, TX",,,Houston,TX,,US,current_record,record_field,,https://discover.va.gov/va-locator-facility-list/
vc_0711V,Houston West Vet Center,discoverva_va_locator_facility_list,0711V,vet_center,29.77958969,,"Houston, TX",,,Houston,TX,,US,current_record,record_field,,https://discover.va.gov/va-locator-facility-list/
vc_0712V,Laredo Vet Center,discoverva_va_locator_facility_list,0712V,vet_center,27.56646136,,"Laredo, TX",,,Laredo,TX,,US,current_record,record_field,,https://discover.va.gov/va-locator-facility-list/
vc_0713V,Little Rock Vet Center,discoverva_va_locator_facility_list,0713V,vet_center,34.749171,,"North Little Rock, AR",,,North Little Rock,AR,,US,current_record,record_field,,https://discover.va.gov/va-locator-facility-list/
vc_0714V,Lubbock Vet Center,discoverva_va_locator_facility_list,0714V,vet_center,33.549066,,"Lubbock, TX",,,Lubbock,TX,,US,current_record,record_field,,https://discover.va.gov/va-locator-facility-list/
vc_0715V,McAllen Vet Center,discoverva_va_locator_facility_list,0715V,vet_center,26.1838524,,"McAllen, TX",,,McAllen,TX,,US,current_record,record_field,,https://discover.va.gov/va-locator-facility-list/
vc_0716V,Midland Vet Center,discoverva_va_locator_facility_list,0716V,vet_center,31.98916638,,"Midland, TX",,,Midland,TX,,US,current_record,record_field,,https://discover.va.gov/va-locator-facility-list/
vc_0717V,New Orleans Vet Center,discoverva_va_locator_facility_list,0717V,vet_center,29.95098126,,"New Orleans, LA",,,New Orleans,LA,,US,current_record,record_field,,https://discover.va.gov/va-locator-facility-list/
vc_0718V,Oklahoma City Vet Center,discoverva_va_locator_facility_list,0718V,vet_center,35.54114811,,"Oklahoma City, OK",,,Oklahoma City,OK,,US,current_record,record_field,,https://discover.va.gov/va-locator-facility-list/
vc_0719V,Memphis Vet Center,discoverva_va_locator_facility_list,0719V,vet_center,35.07347969,,"Memphis, TN",,,Memphis,TN,,US,current_record,record_field,,https://discover.va.gov/va-locator-facility-list/
vc_0720V,Knoxville Vet Center,discoverva_va_locator_facility_list,0720V,vet_center,35.92173479,,"Knoxville, TN",,,Knoxville,TN,,US,current_record,record_field,,https://discover.va.gov/va-locator-facility-list/
vc_0721V,San Antonio Northeast Vet Center,discoverva_va_locator_facility_list,0721V,vet_center,29.525391,,"San Antonio, TX",,,San Antonio,TX,,US,current_record,record_field,,https://discover.va.gov/va-locator-facility-list/
vc_0722V,Chattanooga Vet Center,discoverva_va_locator_facility_list,0722V,vet_center,35.01568331,,"Chattanooga, TN",,,Chattanooga,TN,,US,current_record,record_field,,https://discover.va.gov/va-locator-facility-list/
vc_0723V,Tulsa Vet Center,discoverva_va_locator_facility_list,0723V,vet_center,36.04633049,,"Tulsa, OK",,,Tulsa,OK,,US,current_record,record_field,,https://discover.va.gov/va-locator-facility-list/
vc_0724V,Nashville Vet Center,discoverva_va_locator_facility_list,0724V,vet_center,36.222921,,"Nashville, TN",,,Nashville,TN,,US,current_record,record_field,,https://discover.va.gov/va-locator-facility-list/
vc_0725V,Baton Rouge Vet Center,discoverva_va_locator_facility_list,0725V,vet_center,30.405555,,"Baton Rouge, LA",,,Baton Rouge,LA,,US,current_record,record_field,,https://discover.va.gov/va-locator-facility-list/
vc_0726V,Killeen Heights Vet Center,discoverva_va_locator_facility_list,0726V,vet_center,31.06608631,,"Harker Heights, TX",,,Harker Heights,TX,,US,current_record,record_field,,https://discover.va.gov/va-locator-facility-list/
vc_0727V,"Fayetteville, AR Vet Center",discoverva_va_locator_facility_list,0727V,vet_center,36.086535,,"Fayetteville, AR",,,Fayetteville,AR,,US,current_record,record_field,,https://discover.va.gov/va-locator-facility-list/
vc_0728V,Lawton Vet Center,discoverva_va_locator_facility_list,0728V,vet_center,34.60520101,,"Lawton, OK",,,Lawton,OK,,US,current_record,record_field,,https://discover.va.gov/va-locator-facility-list/
vc_0729V,San Antonio Northwest Vet Center,discoverva_va_locator_facility_list,0729V,vet_center,29.53419424,,"San Antonio, TX",,,San Antonio,TX,,US,current_record,record_field,,https://discover.va.gov/va-locator-facility-list/
vc_0730V,Mesquite Vet Center,discoverva_va_locator_facility_list,0730V,vet_center,32.77071147,,"Mesquite, TX",,,Mesquite,TX,,US,current_record,record_field,,https://discover.va.gov/va-locator-facility-list/
vc_0731V,Spring Vet Center,discoverva_va_locator_facility_list,0731V,vet_center,29.98852089,,"Houston, TX",,,Houston,TX,,US,current_record,record_field,,https://discover.va.gov/va-locator-facility-list/
vc_0732V,Arlington Vet Center,discoverva_va_locator_facility_list,0732V,vet_center,32.71152423,,"Pantego, TX",,,Pantego,TX,,US,current_record,record_field,,https://discover.va.gov/va-locator-facility-list/
vc_0733V,Abilene Vet Center,discoverva_va_locator_facility_list,0733V,vet_center,32.45531709,,"Abilene, TX",,,Abilene,TX,,US,current_record,record_field,,https://discover.va.gov/va-locator-facility-list/
vc_0734V,"Alexandria, LA Vet Center",discoverva_va_locator_facility_list,0734V,vet_center,31.29530455,,"Alexandria, LA",,,Alexandria,LA,,US,current_record,record_field,,https://discover.va.gov/va-locator-facility-list/
vc_0735V,Beaumont Vet Center,discoverva_va_locator_facility_list,0735V,vet_center,30.03327953,,"Beaumont, TX",,,Beaumont,TX,,US,current_record,record_field,,https://discover.va.gov/va-locator-facility-list/
vc_0736V,"Springfield, MO Vet Center",discoverva_va_locator_facility_list,0736V,vet_center,37.16004125,,"Springfield, MO",,,Springfield,MO,,US,current_record,record_field,,https://discover.va.gov/va-locator-facility-list/
vc_0737V,Biloxi Vet Center,discoverva_va_locator_facility_list,0737V,vet_center,30.402405,,"Biloxi, MS",,,Biloxi,MS,,US,current_record,record_field,,https://discover.va.gov/va-locator-facility-list/
vc_0738V,Huntsville Vet Center,discoverva_va_locator_facility_list,0738V,vet_center,34.734384,,"Huntsville, AL",,,Huntsville,AL,,US,current_record,record_field,,https://discover.va.gov/va-locator-facility-list/
vc_0739V,Birmingham Vet Center,discoverva_va_locator_facility_list,0739V,vet_center,33.350859,,"Hoover, AL",,,Hoover,AL,,US,current_record,record_field,,https://discover.va.gov/va-locator-facility-list/
vc_0741V,Mobile Vet Center,discoverva_va_locator_facility_list,0741V,vet_center,30.70173636,,"Mobile, AL",,,Mobile,AL,,US,current_record,record_field,,https://discover.va.gov/va-locator-facility-list/
vc_0742V,Pensacola Vet Center,discoverva_va_locator_facility_list,0742V,vet_center,30.44262349,,"Pensacola, FL",,,Pensacola,FL,,US,current_record,record_field,,https://discover.va.gov/va-locator-facility-list/
vc_0743V,Okaloosa County Vet Center,discoverva_va_locator_facility_list,0743V,vet_center,30.44713611,,"Shalimar, FL",,,Shalimar,FL,,US,current_record,record_field,,https://discover.va.gov/va-locator-facility-list/
vc_0744V,Bay County Vet Center,discoverva_va_locator_facility_list,0744V,vet_center,30.20449101,,"Panama City, FL",,,Panama City,FL,,US,current_record,record_field,,https://discover.va.gov/va-locator-facility-list/
vc_0801MVC,Hartford Mobile Vet Center,discoverva_va_locator_facility_list,0801MVC,vet_center,41.6648451,,"Rocky Hill, CT",,,Rocky Hill,CT,,US,current_record,record_field,,https://discover.va.gov/va-locator-facility-list/
vc_0802MVC,San Juan Mobile Vet Center,discoverva_va_locator_facility_list,0802MVC,vet_center,18.40541959,,"Guaynabo, PR",,,Guaynabo,PR,,US,current_record,record_field,,https://discover.va.gov/va-locator-facility-list/
vc_0803MVC,White River Junction Mobile Vet Center,discoverva_va_locator_facility_list,0803MVC,vet_center,43.65232439,,"White River Junction, VT",,,White River Junction,VT,,US,current_record,record_field,,https://discover.va.gov/va-locator-facility-list/
vc_0804MVC,Lewiston Mobile Vet Center,discoverva_va_locator_facility_list,0804MVC,vet_center,44.075655,,"Lewiston, ME",,,Lewiston,ME,,US,current_record,record_field,,https://discover.va.gov/va-locator-facility-list/
vc_0805MVC,Watertown Mobile Vet Center,discoverva_va_locator_facility_list,0805MVC,vet_center,43.952526,,"Watertown, NY",,,Watertown,NY,,US,current_record,record_field,,https://discover.va.gov/va-locator-facility-list/
vc_0806MVC,Lexington Mobile Vet Center,discoverva_va_locator_facility_list,0806MVC,vet_center,38.06608098,,"Lexington, KY",,,Lexington,KY,,US,current_record,record_field,,https://discover.va.gov/va-locator-facility-list/
vc_0807MVC,Huntington Mobile Vet Center,discoverva_va_locator_facility_list,0807MVC,vet_center,38.39050121,,"Huntington, WV",,,Huntington,WV,,US,current_record,record_field,,https://discover.va.gov/va-locator-facility-list/
vc_0808MVC,Richmond Mobile Vet Center,discoverva_va_locator_facility_list,0808MVC,vet_center,37.57987937,,"Richmond, VA",,,Richmond,VA,,US,current_record,record_field,,https://discover.va.gov/va-locator-facility-list/
vc_0809MVC,Erie Mobile Vet Center,discoverva_va_locator_facility_list,0809MVC,vet_center,42.1226053,,"Erie, PA",,,Erie,PA,,US,current_record,record_field,,https://discover.va.gov/va-locator-facility-list/
vc_0810MVC,Dayton Mobile Vet Center,discoverva_va_locator_facility_list,0810MVC,vet_center,39.69934183,,"Kettering, OH",,,Kettering,OH,,US,current_record,record_field,,https://discover.va.gov/va-locator-facility-list/
vc_0811MVC,Scranton Mobile Vet Center,discoverva_va_locator_facility_list,0811MVC,vet_center,41.39584833,,"Scranton, PA",,,Scranton,PA,,US,current_record,record_field,,https://discover.va.gov/va-locator-facility-list/
vc_0812MVC,Beckley Mobile Vet Center,discoverva_va_locator_facility_list,0812MVC,vet_center,37.77891746,,"Beckley, WV",,,Beckley,WV,,US,current_record,record_field,,https://discover.va.gov/va-locator-facility-list/
vc_0813MVC,Jacksonville Mobile Vet Center,discoverva_va_locator_facility_list,0813MVC,vet_center,30.28550048,,"Jacksonville, FL",,,Jacksonville,FL,,US,current_record,record_field,,https://discover.va.gov/va-locator-facility-list/
vc_0814MVC,Greenville Mobile Vet Center,discoverva_va_locator_facility_list,0814MVC,vet_center,35.6013945,,"Greenville, NC",,,Greenville,NC,,US,current_record,record_field,,https://discover.va.gov/va-locator-facility-list/
vc_0815MVC,Pensacola Mobile Vet Center,discoverva_va_locator_facility_list,0815MVC,vet_center,30.44264445,,"Pensacola, FL",,,Pensacola,FL,,US,current_record,record_field,,https://discover.va.gov/va-locator-facility-list/
vc_0816MVC,Clearwater Mobile Vet Center,discoverva_va_locator_facility_list,0816MVC,vet_center,28.038699,,"Clearwater, FL",,,Clearwater,FL,,US,current_record,record_field,,https://discover.va.gov/va-locator-facility-list/
vc_0817MVC,Columbia Mobile Vet Center,discoverva_va_locator_facility_list,0817MVC,vet_center,34.01310862,,"Columbia, SC",,,Columbia,SC,,US,current_record,record_field,,https://discover.va.gov/va-locator-facility-list/
vc_0818MVC,Macon Mobile Vet Center,discoverva_va_locator_facility_list,0818MVC,vet_center,32.8418953,,"Macon, GA",,,Macon,GA,,US,current_record,record_field,,https://discover.va.gov/va-locator-facility-list/
vc_0819MVC,Bismarck Mobile Vet Center,discoverva_va_locator_facility_list,0819MVC,vet_center,46.79433,,"Bismarck, ND",,,Bismarck,ND,,US,current_record,record_field,,https://discover.va.gov/va-locator-facility-list/
vc_0820MVC,Fargo Mobile Vet Center,discoverva_va_locator_facility_list,0820MVC,vet_center,46.827342,,"Fargo, ND",,,Fargo,ND,,US,current_record,record_field,,https://discover.va.gov/va-locator-facility-list/
vc_0821MVC,Duluth Mobile Vet Center,discoverva_va_locator_facility_list,0821MVC,vet_center,46.82964454,,"Duluth, MN",,,Duluth,MN,,US,current_record,record_field,,https://discover.va.gov/va-locator-facility-list/
vc_0822MVC,Springfield Mobile Vet Center,discoverva_va_locator_facility_list,0822MVC,vet_center,39.7621658,,"Springfield, IL",,,Springfield,IL,,US,current_record,record_field,,https://discover.va.gov/va-locator-facility-list/
vc_0823MVC,Rapid City Mobile Vet Center,discoverva_va_locator_facility_list,0823MVC,vet_center,44.08140054,,"Rapid City, SD",,,Rapid City,SD,,US,current_record,record_field,,https://discover.va.gov/va-locator-facility-list/
vc_0824MVC,Wichita Mobile Vet Center,discoverva_va_locator_facility_list,0824MVC,vet_center,37.67883653,,"Wichita, KS",,,Wichita,KS,,US,current_record,record_field,,https://discover.va.gov/va-locator-facility-list/
vc_0825MVC,Lincoln Mobile Vet Center,discoverva_va_locator_facility_list,0825MVC,vet_center,40.81219143,,"Lincoln, NE",,,Lincoln,NE,,US,current_record,record_field,,https://discover.va.gov/va-locator-facility-list/
vc_0826MVC,Escanaba Mobile Vet Center,discoverva_va_locator_facility_list,0826MVC,vet_center,45.74767297,,"Escanaba, MI",,,Escanaba,MI,,US,current_record,record_field,,https://discover.va.gov/va-locator-facility-list/
vc_0827MVC,Boise Mobile Vet Center,discoverva_va_locator_facility_list,0827MVC,vet_center,43.591374,,"Boise, ID",,,Boise,ID,,US,current_record,record_field,,https://discover.va.gov/va-locator-facility-list/
vc_0828MVC,Tacoma Mobile Vet Center,discoverva_va_locator_facility_list,0828MVC,vet_center,47.233485,,"Tacoma, WA",,,Tacoma,WA,,US,current_record,record_field,,https://discover.va.gov/va-locator-facility-list/
vc_0829MVC,Billings Mobile Vet Center,discoverva_va_locator_facility_list,0829MVC,vet_center,45.75022718,,"Billings, MT",,,Billings,MT,,US,current_record,record_field,,https://discover.va.gov/va-locator-facility-list/
vc_0830MVC,Spokane Mobile Vet Center,discoverva_va_locator_facility_list,0830MVC,vet_center,47.686707,,"Spokane Valley, WA",,,Spokane Valley,WA,,US,current_record,record_field,,https://discover.va.gov/va-locator-facility-list/
vc_0831MVC,Salt Lake City Mobile Vet Center,discoverva_va_locator_facility_list,0831MVC,vet_center,30.24280855,,"Austin, TX",,,Austin,TX,,US,current_record,record_field,,https://discover.va.gov/va-locator-facility-list/
vc_0832MVC,Hopi Mobile Vet Center,discoverva_va_locator_facility_list,0832MVC,vet_center,36.16030057,,"Hotevilla, AZ",,,Hotevilla,AZ,,US,current_record,record_field,,https://discover.va.gov/va-locator-facility-list/
vc_0833MVC,Prescott Mobile Vet Center,discoverva_va_locator_facility_list,0833MVC,vet_center,34.47864535,,"Lake Havasu, AZ",,,Lake Havasu,AZ,,US,current_record,record_field,,https://discover.va.gov/va-locator-facility-list/
vc_0834MVC,Casper Mobile Vet Center,discoverva_va_locator_facility_list,0834MVC,vet_center,42.86152988,,"Casper, WY",,,Casper,WY,,US,current_record,record_field,,https://discover.va.gov/va-locator-facility-list/
vc_0835MVC,Santa Fe Mobile Vet Center,discoverva_va_locator_facility_list,0835MVC,vet_center,35.6506367,,"Santa Fe, NM",,,Santa Fe,NM,,US,current_record,record_field,,https://discover.va.gov/va-locator-facility-list/
vc_0836MVC,Pueblo Mobile Vet Center,discoverva_va_locator_facility_list,0836MVC,vet_center,38.313036,,"Pueblo, CO",,,Pueblo,CO,,US,current_record,record_field,,https://discover.va.gov/va-locator-facility-list/
vc_0837MVC,Missoula Mobile Vet Center,discoverva_va_locator_facility_list,0837MVC,vet_center,46.85553,,"Missoula, MT",,,Missoula,MT,,US,current_record,record_field,,https://discover.va.gov/va-locator-facility-list/
vc_0838MVC,Las Cruces Mobile Vet Center,discoverva_va_locator_facility_list,0838MVC,vet_center,32.34704499,,"Las Cruces, NM",,,Las Cruces,NM,,US,current_record,record_field,,https://discover.va.gov/va-locator-facility-list/
vc_0839MVC,Corona Mobile Vet Center,discoverva_va_locator_facility_list,0839MVC,vet_center,33.85976421,,"Corona, CA",,,Corona,CA,,US,current_record,record_field,,https://discover.va.gov/va-locator-facility-list/
vc_0840MVC,Salem Mobile Vet Center,discoverva_va_locator_facility_list,0840MVC,vet_center,44.96139,,"Salem, OR",,,Salem,OR,,US,current_record,record_field,,https://discover.va.gov/va-locator-facility-list/
vc_0841MVC,Bakersfield Mobile Vet Center,discoverva_va_locator_facility_list,0841MVC,vet_center,35.3841847,,"Bakersfield, CA",,,Bakersfield,CA,,US,current_record,record_field,,https://discover.va.gov/va-locator-facility-list/
vc_0842MVC,Santa Cruz County Mobile Vet Center,discoverva_va_locator_facility_list,0842MVC,vet_center,36.970596,,"Capitola, CA",,,Capitola,CA,,US,current_record,record_field,,https://discover.va.gov/va-locator-facility-list/
vc_0844MVC,Knoxville Mobile Vet Center,discoverva_va_locator_facility_list,0844MVC,vet_center,35.92173479,,"Knoxville, TN",,,Knoxville,TN,,US,current_record,record_field,,https://discover.va.gov/va-locator-facility-list/
vc_0845MVC,Amarillo Mobile Vet Center,discoverva_va_locator_facility_list,0845MVC,vet_center,35.18498425,,"Amarillo, TX",,,Amarillo,TX,,US,current_record,record_field,,https://discover.va.gov/va-locator-facility-list/
vc_0846MVC,Abilene Mobile Vet Center,discoverva_va_locator_facility_list,0846MVC,vet_center,32.45531709,,"Abilene, TX",,,Abilene,TX,,US,current_record,record_field,,https://discover.va.gov/va-locator-facility-list/
vc_0847MVC,New Orleans Mobile Vet Center,discoverva_va_locator_facility_list,0847MVC,vet_center,29.95098126,,"New Orleans, LA",,,New Orleans,LA,,US,current_record,record_field,,https://discover.va.gov/va-locator-facility-list/
vc_0848MVC,Memphis Mobile Vet Center,discoverva_va_locator_facility_list,0848MVC,vet_center,35.07347969,,"Memphis, TN",,,Memphis,TN,,US,current_record,record_field,,https://discover.va.gov/va-locator-facility-list/
vc_0849MVC,San Antonio Northwest Mobile Vet Center,discoverva_va_locator_facility_list,0849MVC,vet_center,29.53419424,,"San Antonio, TX",,,San Antonio,TX,,US,current_record,record_field,,https://discover.va.gov/va-locator-facility-list/
vc_0850MVC,Little Rock Mobile Vet Center,discoverva_va_locator_facility_list,0850MVC,vet_center,34.749171,,"Little Rock, AR",,,Little Rock,AR,,US,current_record,record_field,,https://discover.va.gov/va-locator-facility-list/
vc_0851MVC,Kansas City Mobile Vet Center,discoverva_va_locator_facility_list,0851MVC,vet_center,39.038958,,"Kansas City, MO",,,Kansas City,MO,,US,current_record,record_field,,https://discover.va.gov/va-locator-facility-list/
vc_0852MVC,Indianapolis Mobile Vet Center,discoverva_va_locator_facility_list,0852MVC,vet_center,39.8987366,,"Indianapolis, IN",,,Indianapolis,IN,,US,current_record,record_field,,https://discover.va.gov/va-locator-facility-list/
vc_0853MVC,Evanston Mobile Vet Center,discoverva_va_locator_facility_list,0853MVC,vet_center,42.01940261,,"Evanston, IL",,,Evanston,IL,,US,current_record,record_field,,https://discover.va.gov/va-locator-facility-list/
vc_0854MVC,Cedar Rapids Mobile Vet Center,discoverva_va_locator_facility_list,0854MVC,vet_center,41.48991248,,"East Moline, IL",,,East Moline,IL,,US,current_record,record_field,,https://discover.va.gov/va-locator-facility-list/
vc_0855MVC,Pontiac Mobile Vet Center,discoverva_va_locator_facility_list,0855MVC,vet_center,42.614451,,"Pontiac, MI",,,Pontiac,MI,,US,current_record,record_field,,https://discover.va.gov/va-locator-facility-list/
vc_0856MVC,Green Bay Mobile Vet Center,discoverva_va_locator_facility_list,0856MVC,vet_center,44.500671,,"Green Bay, WI",,,Green Bay,WI,,US,current_record,record_field,,https://discover.va.gov/va-locator-facility-list/
vc_0857MVC,Secaucus Mobile Vet Center,discoverva_va_locator_facility_list,0857MVC,vet_center,40.91131465,,"Teaneck, NJ",,,Teaneck,NJ,,US,current_record,record_field,,https://discover.va.gov/va-locator-facility-list/
vc_0858MVC,Baltimore Mobile Vet Center,discoverva_va_locator_facility_list,0858MVC,vet_center,34.76528855,,"Jacksonville, NC",,,Jacksonville,NC,,US,current_record,record_field,,https://discover.va.gov/va-locator-facility-list/
vc_0859MVC,Stark County Mobile Vet Center,discoverva_va_locator_facility_list,0859MVC,vet_center,40.793053,,"Canton, OH",,,Canton,OH,,US,current_record,record_field,,https://discover.va.gov/va-locator-facility-list/
vc_0860MVC,Lawrenceville Mobile Vet Center,discoverva_va_locator_facility_list,0860MVC,vet_center,33.96987722,,"Lawrenceville, GA",,,Lawrenceville,GA,,US,current_record,record_field,,https://discover.va.gov/va-locator-facility-list/
vc_0861MVC,Greensboro Mobile Vet Center,discoverva_va_locator_facility_list,0861MVC,vet_center,36.07370203,,"Greensboro, NC",,,Greensboro,NC,,US,current_record,record_field,,https://discover.va.gov/va-locator-facility-list/
vc_0862MVC,Savannah Mobile Vet Center,discoverva_va_locator_facility_list,0862MVC,vet_center,32.004603,,"Savannah, GA",,,Savannah,GA,,US,current_record,record_field,,https://discover.va.gov/va-locator-facility-list/
vc_0863MVC,Jackson Mobile Vet Center,discoverva_va_locator_facility_list,0863MVC,vet_center,32.332608,,"Jackson, MS",,,Jackson,MS,,US,current_record,record_field,,https://discover.va.gov/va-locator-facility-list/
vc_0864MVC,Clermont Mobile Vet Center,discoverva_va_locator_facility_list,0864MVC,vet_center,28.545174,,"Clermont, FL",,,Clermont,FL,,US,current_record,record_field,,https://discover.va.gov/va-locator-facility-list/
vc_0865MVC,Lawton Mobile Vet Center,discoverva_va_locator_facility_list,0865MVC,vet_center,34.60520149,,"Lawton, OK",,,Lawton,OK,,US,current_record,record_field,,https://discover.va.gov/va-locator-facility-list/
vc_0866MVC,Birmingham Mobile Vet Center,discoverva_va_locator_facility_list,0866MVC,vet_center,33.350859,,"Hoover, AL",,,Hoover,AL,,US,current_record,record_field,,https://discover.va.gov/va-locator-facility-list/
vc_0867MVC,Reno Mobile Vet Center,discoverva_va_locator_facility_list,0867MVC,vet_center,39.51178031,,"Reno, NV",,,Reno,NV,,US,current_record,record_field,,https://discover.va.gov/va-locator-facility-list/
vc_0868MVC,Saint George Mobile Vet Center,discoverva_va_locator_facility_list,0868MVC,vet_center,37.080009,,"Saint George, UT",,,Saint George,UT,,US,current_record,record_field,,https://discover.va.gov/va-locator-facility-list/
vc_0869MVC,South Orange County Mobile Vet Center,discoverva_va_locator_facility_list,0869MVC,vet_center,33.564924,,"Mission Viejo, CA",,,Mission Viejo,CA,,US,current_record,record_field,,https://discover.va.gov/va-locator-facility-list/
vc_0870MVC,Western Oahu Mobile Vet Center,discoverva_va_locator_facility_list,0870MVC,vet_center,21.3327,,"Kapolei, HI",,,Kapolei,HI,,US,current_record,record_field,,https://discover.va.gov/va-locator-facility-list/
vc_0871MVC,Grants Pass Mobile Vet Center,discoverva_va_locator_facility_list,0871MVC,vet_center,42.452532,,"Grants Pass, OR",,,Grants Pass,OR,,US,current_record,record_field,,https://discover.va.gov/va-locator-facility-list/
vc_0872MVC,Evansville Mobile Vet Center,discoverva_va_locator_facility_list,0872MVC,vet_center,37.98667498,,"Evansville, IN",,,Evansville,IN,,US,current_record,record_field,,https://discover.va.gov/va-locator-facility-list/
vc_0873MVC,Rochester Mobile Vet Center,discoverva_va_locator_facility_list,0873MVC,vet_center,43.105689,,"Rochester, NY",,,Rochester,NY,,US,current_record,record_field,,https://discover.va.gov/va-locator-facility-list/
vc_0874MVC,Sussex County Mobile Vet Center,discoverva_va_locator_facility_list,0874MVC,vet_center,38.68955,,"Millsboro, DE",,,Millsboro,DE,,US,current_record,record_field,,https://discover.va.gov/va-locator-facility-list/
vc_0875MVC,Columbia Mobile Vet Center,discoverva_va_locator_facility_list,0875MVC,vet_center,38.94752081,,"Columbia, MO",,,Columbia,MO,,US,current_record,record_field,,https://discover.va.gov/va-locator-facility-list/
vc_0876MVC,Roanoke Mobile Vet Center,discoverva_va_locator_facility_list,0876MVC,vet_center,37.26102671,,"Roanoke, VA",,,Roanoke,VA,,US,current_record,record_field,,https://discover.va.gov/va-locator-facility-list/
vc_0877MVC,Shreveport Mobile Vet Center,discoverva_va_locator_facility_list,0877MVC,vet_center,32.48747943,,"Shreveport, LA",,,Shreveport,LA,,US,current_record,record_field,,https://discover.va.gov/va-locator-facility-list/
vc_0879MVC,McAllen Mobile Vet Center,discoverva_va_locator_facility_list,0879MVC,vet_center,26.1838524,,"McAllen, TX",,,McAllen,TX,,US,current_record,record_field,,https://discover.va.gov/va-locator-facility-list/
vc_0880MVC,Sacramento Mobile Vet Center,discoverva_va_locator_facility_list,0880MVC,vet_center,38.586177,,"Sacramento, CA",,,Sacramento,CA,,US,current_record,record_field,,https://discover.va.gov/va-locator-facility-list/
vc_0881MVC,Fort Collins Mobile Vet Center,discoverva_va_locator_facility_list,0881MVC,vet_center,40.553109,,"Fort Collins, CO",,,Fort Collins,CO,,US,current_record,record_field,,https://discover.va.gov/va-locator-facility-list/
vc_0882MVC,Chinle Mobile Vet Center,discoverva_va_locator_facility_list,0882MVC,vet_center,36.2865819,,"Chinle, AZ",,,Chinle,AZ,,US,current_record,record_field,,https://discover.va.gov/va-locator-facility-list/
vc_0883MVC,San Marcos Mobile Vet Center,discoverva_va_locator_facility_list,0883MVC,vet_center,33.14086804,,"San Marcos, CA",,,San Marcos,CA,,US,current_record,record_field,,https://discover.va.gov/va-locator-facility-list/
vc_0885MVC,Tucson Mobile Vet Center,discoverva_va_locator_facility_list,0885MVC,vet_center,32.22169651,,"Tucson, AZ",,,Tucson,AZ,,US,current_record,record_field,,https://discover.va.gov/va-locator-facility-list/
vc_0886MVC,Henderson Mobile Vet Center,discoverva_va_locator_facility_list,0886MVC,vet_center,36.057393,,"Henderson, NV",,,Henderson,NV,,US,current_record,record_field,,https://discover.va.gov/va-locator-facility-list/
vc_1081OS,Newington Vet Center Outstation,discoverva_va_locator_facility_list,1081OS,vet_center,43.08378043,,"Portsmouth, NH",,,Portsmouth,NH,,US,current_record,record_field,,https://discover.va.gov/va-locator-facility-list/
vc_1221OS,Keene Vet Center Outstation,discoverva_va_locator_facility_list,1221OS,vet_center,42.91535485,,"Keene, NH",,,Keene,NH,,US,current_record,record_field,,https://discover.va.gov/va-locator-facility-list/
vc_2081OS,Parkersburg Vet Center Outstation,discoverva_va_locator_facility_list,2081OS,vet_center,39.28193568,,"Parkersburg, WV",,,Parkersburg,WV,,US,current_record,record_field,,https://discover.va.gov/va-locator-facility-list/
vc_2091OS,Salisbury Vet Center Outstation,discoverva_va_locator_facility_list,2091OS,vet_center,38.34733239,,"Salisbury, MD",,,Salisbury,MD,,US,current_record,record_field,,https://discover.va.gov/va-locator-facility-list/
vc_2092OS,Aberdeen Vet Center Outstation,discoverva_va_locator_facility_list,2092OS,vet_center,39.51098605,,"Aberdeen, MD",,,Aberdeen,MD,,US,current_record,record_field,,https://discover.va.gov/va-locator-facility-list/
vc_2241OS,Leesburg Vet Center Outstation,discoverva_va_locator_facility_list,2241OS,vet_center,39.08277,,"Leesburg, VA",,,Leesburg,VA,,US,current_record,record_field,,https://discover.va.gov/va-locator-facility-list/
vc_3081OS,St. Croix Vet Center Outstation,discoverva_va_locator_facility_list,3081OS,vet_center,17.724854,,"Kingshill, VI",,,Kingshill,VI,,US,current_record,record_field,,https://discover.va.gov/va-locator-facility-list/
vc_3271OS,Spindale Vet Center Outstation,discoverva_va_locator_facility_list,3271OS,vet_center,35.34864091,,"Spindale, NC",,,Spindale,NC,,US,current_record,record_field,,https://discover.va.gov/va-locator-facility-list/
vc_4061OS,Grand Forks Vet Center Outstation,discoverva_va_locator_facility_list,4061OS,vet_center,47.88943178,,"Grand Forks, ND",,,Grand Forks,ND,,US,current_record,record_field,,https://discover.va.gov/va-locator-facility-list/
vc_4421OS,Wausau Vet Center Outstation,discoverva_va_locator_facility_list,4421OS,vet_center,44.956647,,"Wausau, WI",,,Wausau,WI,,US,current_record,record_field,,https://discover.va.gov/va-locator-facility-list/
vc_5021OS,Kenai Vet Center Outstation,discoverva_va_locator_facility_list,5021OS,vet_center,60.49406363,,"Soldotna, AK",,,Soldotna,AK,,US,current_record,record_field,,https://discover.va.gov/va-locator-facility-list/
vc_5081OS,Lacey Vet Center Outstation,discoverva_va_locator_facility_list,5081OS,vet_center,47.04333553,,"Lacey, WA",,,Lacey,WA,,US,current_record,record_field,,https://discover.va.gov/va-locator-facility-list/
vc_5141OS,Major Brent Taylor Vet Center Outstation,discoverva_va_locator_facility_list,5141OS,vet_center,41.1548537,,"South Ogden, UT",,,South Ogden,UT,,US,current_record,record_field,,https://discover.va.gov/va-locator-facility-list/
vc_5161OS,Navajo Vet Center Outstation,discoverva_va_locator_facility_list,5161OS,vet_center,35.65962958,,"Tse Bonito, NM",,,Tse Bonito,NM,,US,current_record,record_field,,https://discover.va.gov/va-locator-facility-list/
vc_5162OS,Hopi Vet Center Outstation,discoverva_va_locator_facility_list,5162OS,vet_center,35.65962958,,"Tse Bonito, NM",,,Tse Bonito,NM,,US,current_record,record_field,,https://discover.va.gov/va-locator-facility-list/
vc_5381OS,Helena Vet Center Outstation,discoverva_va_locator_facility_list,5381OS,vet_center,46.607454,,"Helena, MT",,,Helena,MT,,US,current_record,record_field,,https://discover.va.gov/va-locator-facility-list/
vc_6021OS,Solano County Vet Center Outstation,discoverva_va_locator_facility_list,6021OS,vet_center,38.230442,,"Fairfield, CA",,,Fairfield,CA,,US,current_record,record_field,,https://discover.va.gov/va-locator-facility-list/
vha_402,Togus VA Medical Center,discoverva_va_locator_facility_list,402,va_health_facility,44.28015112,,"Augusta, ME",,,Augusta,ME,,US,current_record,record_field,,https://discover.va.gov/va-locator-facility-list/
vha_402GA,Presque Isle VA Clinic,discoverva_va_locator_facility_list,402GA,va_health_facility,46.69351674,,"Presque Isle, ME",,,Presque Isle,ME,,US,current_record,record_field,,https://discover.va.gov/va-locator-facility-list/
vha_402GB,Calais VA Clinic,discoverva_va_locator_facility_list,402GB,va_health_facility,45.18945455,,"Calais, ME",,,Calais,ME,,US,current_record,record_field,,https://discover.va.gov/va-locator-facility-list/
vha_402GC,Rumford VA Clinic,discoverva_va_locator_facility_list,402GC,va_health_facility,44.54592751,,"Rumford, ME",,,Rumford,ME,,US,current_record,record_field,,https://discover.va.gov/va-locator-facility-list/
vha_402GE,Lewiston VA Clinic,discoverva_va_locator_facility_list,402GE,va_health_facility,44.07025478,,"Lewiston, ME",,,Lewiston,ME,,US,current_record,record_field,,https://discover.va.gov/va-locator-facility-list/
vha_402GF,Lincoln VA Clinic,discoverva_va_locator_facility_list,402GF,va_health_facility,45.35716924,,"Lincoln, ME",,,Lincoln,ME,,US,current_record,record_field,,https://discover.va.gov/va-locator-facility-list/
vha_402HB,Bangor VA Clinic,discoverva_va_locator_facility_list,402HB,va_health_facility,44.81340143,,"Bangor, ME",,,Bangor,ME,,US,current_record,record_field,,https://discover.va.gov/va-locator-facility-list/
vha_402HC,Portland VA Clinic,discoverva_va_locator_facility_list,402HC,va_health_facility,43.64398058,,"Portland, ME",,,Portland,ME,,US,current_record,record_field,,https://discover.va.gov/va-locator-facility-list/
vha_402QA,Fort Kent VA Clinic,discoverva_va_locator_facility_list,402QA,va_health_facility,47.26561322,,"Fort Kent, ME",,,Fort Kent,ME,,US,current_record,record_field,,https://discover.va.gov/va-locator-facility-list/
vha_402QB,Houlton VA Clinic,discoverva_va_locator_facility_list,402QB,va_health_facility,46.13316994,,"Houlton, ME",,,Houlton,ME,,US,current_record,record_field,,https://discover.va.gov/va-locator-facility-list/
vha_405,White River Junction VA Medical Center,discoverva_va_locator_facility_list,405,va_health_facility,43.64790103,,"White River Junction, VT",,,White River Junction,VT,,US,current_record,record_field,,https://discover.va.gov/va-locator-facility-list/
vha_405GA,Bennington VA Clinic,discoverva_va_locator_facility_list,405GA,va_health_facility,42.88040153,,"Bennington, VT",,,Bennington,VT,,US,current_record,record_field,,https://discover.va.gov/va-locator-facility-list/
vha_405GC,Brattleboro VA Clinic,discoverva_va_locator_facility_list,405GC,va_health_facility,42.83032368,,"Brattleboro, VT",,,Brattleboro,VT,,US,current_record,record_field,,https://discover.va.gov/va-locator-facility-list/
vha_405HA,Burlington Lakeside VA Clinic,discoverva_va_locator_facility_list,405HA,va_health_facility,44.46153,,"Burlington, VT",,,Burlington,VT,,US,current_record,record_field,,https://discover.va.gov/va-locator-facility-list/
vha_405HC,Littleton VA Clinic,discoverva_va_locator_facility_list,405HC,va_health_facility,44.2990238,,"Littleton, NH",,,Littleton,NH,,US,current_record,record_field,,https://discover.va.gov/va-locator-facility-list/
vha_405HE,Keene VA Clinic,discoverva_va_locator_facility_list,405HE,va_health_facility,42.91532514,,"Keene, NH",,,Keene,NH,,US,current_record,record_field,,https://discover.va.gov/va-locator-facility-list/
vha_405HF,Rutland VA Clinic,discoverva_va_locator_facility_list,405HF,va_health_facility,43.60711681,,"Rutland, VT",,,Rutland,VT,,US,current_record,record_field,,https://discover.va.gov/va-locator-facility-list/
vha_405QB,Newport VA Clinic,discoverva_va_locator_facility_list,405QB,va_health_facility,44.93220871,,"Newport, VT",,,Newport,VT,,US,current_record,record_field,,https://discover.va.gov/va-locator-facility-list/
vha_436,Fort Harrison VA Medical Center,discoverva_va_locator_facility_list,436,va_health_facility,46.61764177,,"Fort Harrison, MT",,,Fort Harrison,MT,,US,current_record,record_field,,https://discover.va.gov/va-locator-facility-list/
vha_436A4,Miles City VA Community Living Center,discoverva_va_locator_facility_list,,va_health_facility,46.40603425,,"Miles City, MT",,,Miles City,MT,,US,current_record,record_field,,https://discover.va.gov/va-locator-facility-list/
vha_436GB,Great Falls VA Clinic,discoverva_va_locator_facility_list,436GB,va_health_facility,47.49046166,,"Great Falls, MT",,,Great Falls,MT,,US,current_record,record_field,,https://discover.va.gov/va-locator-facility-list/
vha_436GC,David J. Thatcher VA Clinic,discoverva_va_locator_facility_list,436GC,va_health_facility,46.9087426,,"Missoula, MT",,,Missoula,MT,,US,current_record,record_field,,https://discover.va.gov/va-locator-facility-list/
vha_436GD,Travis W. Atkins Department of Veterans Affairs Clinic,discoverva_va_locator_facility_list,436GD,va_health_facility,45.67909751,,"Bozeman, MT",,,Bozeman,MT,,US,current_record,record_field,,https://discover.va.gov/va-locator-facility-list/
vha_436GF,Kalispell VA Clinic,discoverva_va_locator_facility_list,436GF,va_health_facility,48.21143953,,"Kalispell, MT",,,Kalispell,MT,,US,current_record,record_field,,https://discover.va.gov/va-locator-facility-list/
vha_436GH,Benjamin Charles Steele VA Clinic,discoverva_va_locator_facility_list,436GH,va_health_facility,45.73690147,,"Billings, MT",,,Billings,MT,,US,current_record,record_field,,https://discover.va.gov/va-locator-facility-list/
vha_436GI,Glasgow VA Clinic,discoverva_va_locator_facility_list,436GI,va_health_facility,48.19486283,,"Glasgow, MT",,,Glasgow,MT,,US,current_record,record_field,,https://discover.va.gov/va-locator-facility-list/
vha_436GK,Glendive VA Clinic,discoverva_va_locator_facility_list,436GK,va_health_facility,47.12718984,,"Glendive, MT",,,Glendive,MT,,US,current_record,record_field,,https://discover.va.gov/va-locator-facility-list/
vha_436GL,Cut Bank VA Clinic,discoverva_va_locator_facility_list,436GL,va_health_facility,48.63472034,,"Cut Bank, MT",,,Cut Bank,MT,,US,current_record,record_field,,https://discover.va.gov/va-locator-facility-list/
vha_436GM,Lewistown VA Clinic,discoverva_va_locator_facility_list,436GM,va_health_facility,47.07012248,,"Lewistown, MT",,,Lewistown,MT,,US,current_record,record_field,,https://discover.va.gov/va-locator-facility-list/
vha_436GN,Dr. Joseph Medicine Crow VA Clinic,discoverva_va_locator_facility_list,436GN,va_health_facility,45.73739956,,"Billings, MT",,,Billings,MT,,US,current_record,record_field,,https://discover.va.gov/va-locator-facility-list/
vha_436GO,Charlie Dowd VA Clinic,discoverva_va_locator_facility_list,436GO,va_health_facility,45.96202922,,"Butte, MT",,,Butte,MT,,US,current_record,record_field,,https://discover.va.gov/va-locator-facility-list/
vha_436HC,Merril Lundman Department of Veterans Affairs Outpatient Clinic,discoverva_va_locator_facility_list,436HC,va_health_facility,48.55688507,,"Havre, MT",,,Havre,MT,,US,current_record,record_field,,https://discover.va.gov/va-locator-facility-list/
vha_436QA,Hamilton VA Clinic,discoverva_va_locator_facility_list,436QA,va_health_facility,46.25498454,,"Hamilton, MT",,,Hamilton,MT,,US,current_record,record_field,,https://discover.va.gov/va-locator-facility-list/
vha_436QB,Plentywood VA Clinic,discoverva_va_locator_facility_list,436QB,va_health_facility,48.7787115,,"Plentywood, MT",,,Plentywood,MT,,US,current_record,record_field,,https://discover.va.gov/va-locator-facility-list/
vha_436QC,Helena VA Clinic,discoverva_va_locator_facility_list,436QC,va_health_facility,46.56974275,,"Helena, MT",,,Helena,MT,,US,current_record,record_field,,https://discover.va.gov/va-locator-facility-list/
vha_436QD,Browning VA Clinic,discoverva_va_locator_facility_list,436QD,va_health_facility,48.57235992,,"Browning, MT",,,Browning,MT,,US,current_record,record_field,,https://discover.va.gov/va-locator-facility-list/
vha_436QE,Miles City VA Clinic,discoverva_va_locator_facility_list,436QE,va_health_facility,46.40498975,,"Miles City, MT",,,Miles City,MT,,US,current_record,record_field,,https://discover.va.gov/va-locator-facility-list/
vha_437,Fargo VA Medical Center,discoverva_va_locator_facility_list,437,va_health_facility,46.906092,,"Fargo, ND",,,Fargo,ND,,US,current_record,record_field,,https://discover.va.gov/va-locator-facility-list/
vha_437GA,Grafton VA Clinic,discoverva_va_locator_facility_list,437GA,va_health_facility,48.41349844,,"Grafton, ND",,,Grafton,ND,,US,current_record,record_field,,https://discover.va.gov/va-locator-facility-list/
vha_437GB,Bismarck VA Clinic,discoverva_va_locator_facility_list,437GB,va_health_facility,46.835343,,"Bismarck, ND",,,Bismarck,ND,,US,current_record,record_field,,https://discover.va.gov/va-locator-facility-list/
vha_437GC,Fergus Falls VA Clinic,discoverva_va_locator_facility_list,437GC,va_health_facility,46.302552,,"Fergus Falls, MN",,,Fergus Falls,MN,,US,current_record,record_field,,https://discover.va.gov/va-locator-facility-list/
vha_437GD,Minot VA Clinic,discoverva_va_locator_facility_list,437GD,va_health_facility,48.1991793,,"Minot, ND",,,Minot,ND,,US,current_record,record_field,,https://discover.va.gov/va-locator-facility-list/
vha_437GE,Bemidji VA Clinic,discoverva_va_locator_facility_list,437GE,va_health_facility,47.50505751,,"Bemidji, MN",,,Bemidji,MN,,US,current_record,record_field,,https://discover.va.gov/va-locator-facility-list/
vha_437GF,Williston VA Clinic,discoverva_va_locator_facility_list,437GF,va_health_facility,48.15973636,,"Williston, ND",,,Williston,ND,,US,current_record,record_field,,https://discover.va.gov/va-locator-facility-list/
vha_437GI,Grand Forks VA Clinic,discoverva_va_locator_facility_list,437GI,va_health_facility,47.88943882,,"Grand Forks, ND",,,Grand Forks,ND,,US,current_record,record_field,,https://discover.va.gov/va-locator-facility-list/
vha_437GJ,Dickinson VA Clinic,discoverva_va_locator_facility_list,437GJ,va_health_facility,46.89912043,,"Dickinson, ND",,,Dickinson,ND,,US,current_record,record_field,,https://discover.va.gov/va-locator-facility-list/
vha_437GK,Jamestown VA Clinic,discoverva_va_locator_facility_list,437GK,va_health_facility,46.88806539,,"Jamestown, ND",,,Jamestown,ND,,US,current_record,record_field,,https://discover.va.gov/va-locator-facility-list/
vha_437GL,Devils Lake VA Clinic,discoverva_va_locator_facility_list,437GL,va_health_facility,48.1148749,,"Devils Lake, ND",,,Devils Lake,ND,,US,current_record,record_field,,https://discover.va.gov/va-locator-facility-list/
vha_437QA,North Fargo VA Clinic,discoverva_va_locator_facility_list,437QA,va_health_facility,46.877562,,"Fargo, ND",,,Fargo,ND,,US,current_record,record_field,,https://discover.va.gov/va-locator-facility-list/
vha_438,Royal C. Johnson Veterans' Memorial Hospital,discoverva_va_locator_facility_list,438,va_health_facility,43.531236,,"Sioux Falls, SD",,,Sioux Falls,SD,,US,current_record,record_field,,https://discover.va.gov/va-locator-facility-list/
vha_438GA,Spirit Lake VA Clinic,discoverva_va_locator_facility_list,438GA,va_health_facility,43.422528,,"Spirit Lake, IA",,,Spirit Lake,IA,,US,current_record,record_field,,https://discover.va.gov/va-locator-facility-list/
vha_438GC,Sioux City VA Clinic,discoverva_va_locator_facility_list,438GC,va_health_facility,42.50511713,,"Dakota Dunes, SD",,,Dakota Dunes,SD,,US,current_record,record_field,,https://discover.va.gov/va-locator-facility-list/
vha_438GD,Aberdeen VA Clinic,discoverva_va_locator_facility_list,438GD,va_health_facility,45.45519877,,"Aberdeen, SD",,,Aberdeen,SD,,US,current_record,record_field,,https://discover.va.gov/va-locator-facility-list/
vha_438GE,Wagner VA Clinic,discoverva_va_locator_facility_list,438GE,va_health_facility,43.08175598,,"Wagner, SD",,,Wagner,SD,,US,current_record,record_field,,https://discover.va.gov/va-locator-facility-list/
vha_438GF,Watertown VA Clinic,discoverva_va_locator_facility_list,438GF,va_health_facility,44.89483836,,"Watertown, SD",,,Watertown,SD,,US,current_record,record_field,,https://discover.va.gov/va-locator-facility-list/
vha_442,Cheyenne VA Medical Center,discoverva_va_locator_facility_list,442,va_health_facility,41.148027,,"Cheyenne, WY",,,Cheyenne,WY,,US,current_record,record_field,,https://discover.va.gov/va-locator-facility-list/
vha_442GB,Sidney VA Clinic,discoverva_va_locator_facility_list,442GB,va_health_facility,41.14246447,,"Sidney, NE",,,Sidney,NE,,US,current_record,record_field,,https://discover.va.gov/va-locator-facility-list/
vha_442GC,Fort Collins VA Clinic,discoverva_va_locator_facility_list,442GC,va_health_facility,40.553874,,"Fort Collins, CO",,,Fort Collins,CO,,US,current_record,record_field,,https://discover.va.gov/va-locator-facility-list/
vha_442GD,Loveland VA Clinic,discoverva_va_locator_facility_list,442GD,va_health_facility,40.41264886,,"Loveland, CO",,,Loveland,CO,,US,current_record,record_field,,https://discover.va.gov/va-locator-facility-list/
vha_442GE,Northern Colorado VA Clinic,discoverva_va_locator_facility_list,442GE,va_health_facility,40.44221848,,"Loveland, CO",,,Loveland,CO,,US,current_record,record_field,,https://discover.va.gov/va-locator-facility-list/
vha_442HK,Wheatland VA Mobile Clinic,discoverva_va_locator_facility_list,442HK,va_health_facility,42.04504008,,"Wheatland, WY",,,Wheatland,WY,,US,current_record,record_field,,https://discover.va.gov/va-locator-facility-list/
vha_442QA,Rawlins VA Clinic,discoverva_va_locator_facility_list,442QA,va_health_facility,41.79619439,,"Rawlins, WY",,,Rawlins,WY,,US,current_record,record_field,,https://discover.va.gov/va-locator-facility-list/
vha_442QB,Torrington VA Mobile Clinic,discoverva_va_locator_facility_list,442QB,va_health_facility,42.06904995,,"Torrington, WY",,,Torrington,WY,,US,current_record,record_field,,https://discover.va.gov/va-locator-facility-list/
vha_442QD,Laramie VA Mobile Clinic,discoverva_va_locator_facility_list,442QD,va_health_facility,41.31565884,,"Laramie, WY",,,Laramie,WY,,US,current_record,record_field,,https://discover.va.gov/va-locator-facility-list/
vha_442QG,Sterling VA Clinic,discoverva_va_locator_facility_list,442QG,va_health_facility,40.63713848,,"Sterling, CO",,,Sterling,CO,,US,current_record,record_field,,https://discover.va.gov/va-locator-facility-list/
vha_459,Spark M. Matsunaga Department of Veterans Affairs Medical Center,discoverva_va_locator_facility_list,459,va_health_facility,21.36125048,,"Honolulu, HI",,,Honolulu,HI,,US,current_record,record_field,,https://discover.va.gov/va-locator-facility-list/
vha_459GA,Maui VA Clinic,discoverva_va_locator_facility_list,459GA,va_health_facility,20.88709675,,"Kahului, HI",,,Kahului,HI,,US,current_record,record_field,,https://discover.va.gov/va-locator-facility-list/
vha_459GB,Hilo VA Clinic,discoverva_va_locator_facility_list,459GB,va_health_facility,19.71301886,,"Hilo, HI",,,Hilo,HI,,US,current_record,record_field,,https://discover.va.gov/va-locator-facility-list/
vha_459GC,Kailua-Kona VA Clinic,discoverva_va_locator_facility_list,459GC,va_health_facility,19.68745386,,"Kailua-Kona, HI",,,Kailua-Kona,HI,,US,current_record,record_field,,https://discover.va.gov/va-locator-facility-list/
vha_459GD,Lihue VA Clinic,discoverva_va_locator_facility_list,459GD,va_health_facility,21.97028419,,"Lihue, HI",,,Lihue,HI,,US,current_record,record_field,,https://discover.va.gov/va-locator-facility-list/
vha_459GE,Guam VA Clinic,discoverva_va_locator_facility_list,459GE,va_health_facility,13.47187435,,"Agana Heights, GU",,,Agana Heights,GU,,US,current_record,record_field,,https://discover.va.gov/va-locator-facility-list/
vha_459GF,Faleomavaega Eni Fa'aua'a Hunkin VA Clinic,discoverva_va_locator_facility_list,459GF,va_health_facility,-14.32821,,"Pago Pago, AS",,,Pago Pago,AS,,US,current_record,record_field,,https://discover.va.gov/va-locator-facility-list/
vha_459GG,Daniel Kahikina Akaka VA Clinic,discoverva_va_locator_facility_list,459GG,va_health_facility,21.33157801,,"Kapolei, HI",,,Kapolei,HI,,US,current_record,record_field,,https://discover.va.gov/va-locator-facility-list/
vha_459GH,Saipan VA Clinic,discoverva_va_locator_facility_list,459GH,va_health_facility,15.216794,,"Saipan, MP",,,Saipan,MP,,US,current_record,record_field,,https://discover.va.gov/va-locator-facility-list/
vha_459QA,Lanai VA Clinic,discoverva_va_locator_facility_list,459QA,va_health_facility,20.82694254,,"Lanai City, HI",,,Lanai City,HI,,US,current_record,record_field,,https://discover.va.gov/va-locator-facility-list/
vha_459QB,Molokai VA Clinic,discoverva_va_locator_facility_list,459QB,va_health_facility,21.09624899,,"Kaunakakai, HI",,,Kaunakakai,HI,,US,current_record,record_field,,https://discover.va.gov/va-locator-facility-list/
vha_459QC,Windward VA Clinic,discoverva_va_locator_facility_list,459QC,va_health_facility,21.41867631,,"Kaneohe, HI",,,Kaneohe,HI,,US,current_record,record_field,,https://discover.va.gov/va-locator-facility-list/
vha_460,Wilmington VA Medical Center,discoverva_va_locator_facility_list,460,va_health_facility,39.73865046,,"Wilmington, DE",,,Wilmington,DE,,US,current_record,record_field,,https://discover.va.gov/va-locator-facility-list/
vha_460GA,Sussex County VA Clinic,discoverva_va_locator_facility_list,460GA,va_health_facility,38.69901093,,"Georgetown, DE",,,Georgetown,DE,,US,current_record,record_field,,https://discover.va.gov/va-locator-facility-list/
vha_460GC,Kent County VA Clinic,discoverva_va_locator_facility_list,460GC,va_health_facility,39.153636,,"Dover, DE",,,Dover,DE,,US,current_record,record_field,,https://discover.va.gov/va-locator-facility-list/
vha_460GD,Cape May County VA Clinic,discoverva_va_locator_facility_list,460GD,va_health_facility,39.01282241,,"Rio Grande, NJ",,,Rio Grande,NJ,,US,current_record,record_field,,https://discover.va.gov/va-locator-facility-list/
vha_460HE,Atlantic County VA Clinic,discoverva_va_locator_facility_list,460HE,va_health_facility,39.36866039,,"Northfield, NJ",,,Northfield,NJ,,US,current_record,record_field,,https://discover.va.gov/va-locator-facility-list/
vha_460HG,Cumberland County VA Clinic,discoverva_va_locator_facility_list,460HG,va_health_facility,39.48663051,,"Vineland, NJ",,,Vineland,NJ,,US,current_record,record_field,,https://discover.va.gov/va-locator-facility-list/
vha_460HK,Wilmington VA Mobile Clinic,discoverva_va_locator_facility_list,460HK,va_health_facility,39.73865046,,"Wilmington, DE",,,Wilmington,DE,,US,current_record,record_field,,https://discover.va.gov/va-locator-facility-list/
vha_463,Colonel Mary Louise Rasmuson Campus of the Alaska VA Healthcare System,discoverva_va_locator_facility_list,463,va_health_facility,61.23134107,,"Anchorage, AK",,,Anchorage,AK,,US,current_record,record_field,,https://discover.va.gov/va-locator-facility-list/
vha_463A4,Joint Base Elmendorf-Richardson VA Medical Center,discoverva_va_locator_facility_list,,va_health_facility,61.23713285,,"Joint Base Elmendorf-Richardson, AK",,,Joint Base Elmendorf-Richardson,AK,,US,current_record,record_field,,https://discover.va.gov/va-locator-facility-list/
vha_463GA,Fairbanks VA Clinic,discoverva_va_locator_facility_list,463GA,va_health_facility,64.84722884,,"Fairbanks, AK",,,Fairbanks,AK,,US,current_record,record_field,,https://discover.va.gov/va-locator-facility-list/
vha_463GB,Soldotna VA Clinic,discoverva_va_locator_facility_list,463GB,va_health_facility,60.49317164,,"Soldotna, AK",,,Soldotna,AK,,US,current_record,record_field,,https://discover.va.gov/va-locator-facility-list/
vha_463GC,Mat-Su VA Clinic,discoverva_va_locator_facility_list,463GC,va_health_facility,61.58997377,,"Wasilla, AK",,,Wasilla,AK,,US,current_record,record_field,,https://discover.va.gov/va-locator-facility-list/
vha_463GD,Homer VA Clinic,discoverva_va_locator_facility_list,463GD,va_health_facility,59.65013535,,"Homer, AK",,,Homer,AK,,US,current_record,record_field,,https://discover.va.gov/va-locator-facility-list/
vha_463GE,Juneau VA Clinic,discoverva_va_locator_facility_list,463GE,va_health_facility,58.30170195,,"Juneau, AK",,,Juneau,AK,,US,current_record,record_field,,https://discover.va.gov/va-locator-facility-list/
vha_501,Raymond G. Murphy Department of Veterans Affairs Medical Center,discoverva_va_locator_facility_list,501,va_health_facility,35.051742,,"Albuquerque, NM",,,Albuquerque,NM,,US,current_record,record_field,,https://discover.va.gov/va-locator-facility-list/
vha_501G2,Las Vegas VA Clinic,discoverva_va_locator_facility_list,,va_health_facility,35.59560681,,"Las Vegas, NM",,,Las Vegas,NM,,US,current_record,record_field,,https://discover.va.gov/va-locator-facility-list/
vha_501GA,Artesia VA Clinic,discoverva_va_locator_facility_list,501GA,va_health_facility,32.84265046,,"Artesia, NM",,,Artesia,NM,,US,current_record,record_field,,https://discover.va.gov/va-locator-facility-list/
vha_501GB,Farmington VA Clinic,discoverva_va_locator_facility_list,501GB,va_health_facility,36.76235599,,"Farmington, NM",,,Farmington,NM,,US,current_record,record_field,,https://discover.va.gov/va-locator-facility-list/
vha_501GC,Silver City VA Clinic,discoverva_va_locator_facility_list,501GC,va_health_facility,32.79401395,,"Silver City, NM",,,Silver City,NM,,US,current_record,record_field,,https://discover.va.gov/va-locator-facility-list/
vha_501GD,"Hiroshi ""Hershey"" Miyamura VA Clinic",discoverva_va_locator_facility_list,501GD,va_health_facility,35.52634433,,"Gallup, NM",,,Gallup,NM,,US,current_record,record_field,,https://discover.va.gov/va-locator-facility-list/
vha_501GE,Espanola VA Clinic,discoverva_va_locator_facility_list,501GE,va_health_facility,35.98974441,,"Espanola, NM",,,Espanola,NM,,US,current_record,record_field,,https://discover.va.gov/va-locator-facility-list/
vha_501GH,Truth or Consequences VA Clinic,discoverva_va_locator_facility_list,501GH,va_health_facility,33.15171684,,"Truth or Consequences, NM",,,Truth or Consequences,NM,,US,current_record,record_field,,https://discover.va.gov/va-locator-facility-list/
vha_501GI,Alamogordo VA Clinic,discoverva_va_locator_facility_list,501GI,va_health_facility,32.92999852,,"Alamogordo, NM",,,Alamogordo,NM,,US,current_record,record_field,,https://discover.va.gov/va-locator-facility-list/
vha_501GJ,Durango VA Clinic,discoverva_va_locator_facility_list,501GJ,va_health_facility,37.28403,,"Durango, CO",,,Durango,CO,,US,current_record,record_field,,https://discover.va.gov/va-locator-facility-list/
vha_501GK,Santa Fe VA Clinic,discoverva_va_locator_facility_list,501GK,va_health_facility,35.61439556,,"Sante Fe, NM",,,Sante Fe,NM,,US,current_record,record_field,,https://discover.va.gov/va-locator-facility-list/
vha_501GM,Northwest Metro VA Clinic,discoverva_va_locator_facility_list,501GM,va_health_facility,35.227386,,"Rio Rancho, NM",,,Rio Rancho,NM,,US,current_record,record_field,,https://discover.va.gov/va-locator-facility-list/
vha_501GN,Taos VA Clinic,discoverva_va_locator_facility_list,501GN,va_health_facility,36.3741591,,"Taos, NM",,,Taos,NM,,US,current_record,record_field,,https://discover.va.gov/va-locator-facility-list/
vha_501HB,Raton VA Clinic,discoverva_va_locator_facility_list,501HB,va_health_facility,36.87188676,,"Raton, NM",,,Raton,NM,,US,current_record,record_field,,https://discover.va.gov/va-locator-facility-list/
vha_502,Alexandria VA Medical Center,discoverva_va_locator_facility_list,502,va_health_facility,31.35522426,,"Pineville, LA",,,Pineville,LA,,US,current_record,record_field,,https://discover.va.gov/va-locator-facility-list/
vha_502GA,Jennings VA Clinic,discoverva_va_locator_facility_list,502GA,va_health_facility,30.23827527,,"Jennings, LA",,,Jennings,LA,,US,current_record,record_field,,https://discover.va.gov/va-locator-facility-list/
vha_502GB,Lafayette VA Clinic,discoverva_va_locator_facility_list,502GB,va_health_facility,30.18732984,,"Lafayette, LA",,,Lafayette,LA,,US,current_record,record_field,,https://discover.va.gov/va-locator-facility-list/
vha_502GE,Douglas Fournet Department of Veterans Affairs Clinic,discoverva_va_locator_facility_list,502GE,va_health_facility,30.19183434,,"Lake Charles, LA",,,Lake Charles,LA,,US,current_record,record_field,,https://discover.va.gov/va-locator-facility-list/
vha_502GF,Fort Johnson VA Clinic,discoverva_va_locator_facility_list,502GF,va_health_facility,31.12013137,,"Leesville, LA",,,Leesville,LA,,US,current_record,record_field,,https://discover.va.gov/va-locator-facility-list/
vha_502GG,Natchitoches VA Clinic,discoverva_va_locator_facility_list,502GG,va_health_facility,31.75299346,,"Natchitoches, LA",,,Natchitoches,LA,,US,current_record,record_field,,https://discover.va.gov/va-locator-facility-list/
vha_502QB,Lafayette Campus B VA Clinic,discoverva_va_locator_facility_list,502QB,va_health_facility,30.21364875,,"Lafayette, LA",,,Lafayette,LA,,US,current_record,record_field,,https://discover.va.gov/va-locator-facility-list/
vha_503,James E. Van Zandt Veterans' Administration Medical Center,discoverva_va_locator_facility_list,503,va_health_facility,40.4884295,,"Altoona, PA",,,Altoona,PA,,US,current_record,record_field,,https://discover.va.gov/va-locator-facility-list/
vha_503GA,Johnstown VA Clinic,discoverva_va_locator_facility_list,503GA,va_health_facility,40.299948,,"Johnstown, PA",,,Johnstown,PA,,US,current_record,record_field,,https://discover.va.gov/va-locator-facility-list/
vha_503GB,DuBois VA Clinic,discoverva_va_locator_facility_list,503GB,va_health_facility,41.1236784,,"DuBois, PA",,,DuBois,PA,,US,current_record,record_field,,https://discover.va.gov/va-locator-facility-list/
vha_503GC,State College VA Clinic,discoverva_va_locator_facility_list,503GC,va_health_facility,40.827492,,"State College, PA",,,State College,PA,,US,current_record,record_field,,https://discover.va.gov/va-locator-facility-list/
vha_503GD,Huntingdon County VA Clinic,discoverva_va_locator_facility_list,503GD,va_health_facility,40.40077289,,"Mapleton Depot, PA",,,Mapleton Depot,PA,,US,current_record,record_field,,https://discover.va.gov/va-locator-facility-list/
vha_503GE,Indiana County VA Clinic,discoverva_va_locator_facility_list,503GE,va_health_facility,40.61489073,,"Indiana, PA",,,Indiana,PA,,US,current_record,record_field,,https://discover.va.gov/va-locator-facility-list/
vha_504,Thomas E. Creek Department of Veterans Affairs Medical Center,discoverva_va_locator_facility_list,504,va_health_facility,35.204049,,"Amarillo, TX",,,Amarillo,TX,,US,current_record,record_field,,https://discover.va.gov/va-locator-facility-list/
vha_504BY,Lubbock VA Clinic,discoverva_va_locator_facility_list,504BY,va_health_facility,33.59240678,,"Lubbock, TX",,,Lubbock,TX,,US,current_record,record_field,,https://discover.va.gov/va-locator-facility-list/
vha_504BZ,Clovis VA Clinic,discoverva_va_locator_facility_list,504BZ,va_health_facility,34.43346,,"Clovis, NM",,,Clovis,NM,,US,current_record,record_field,,https://discover.va.gov/va-locator-facility-list/
vha_504GA,Childress VA Clinic,discoverva_va_locator_facility_list,504GA,va_health_facility,34.43641305,,"Childress, TX",,,Childress,TX,,US,current_record,record_field,,https://discover.va.gov/va-locator-facility-list/
vha_504HB,Dalhart VA Clinic,discoverva_va_locator_facility_list,504HB,va_health_facility,36.06255895,,"Dalhart, TX",,,Dalhart,TX,,US,current_record,record_field,,https://discover.va.gov/va-locator-facility-list/
vha_506,Lieutenant Colonel Charles S. Kettles VA Medical Center,discoverva_va_locator_facility_list,506,va_health_facility,42.28478444,,"Ann Arbor, MI",,,Ann Arbor,MI,,US,current_record,record_field,,https://discover.va.gov/va-locator-facility-list/
vha_506GA,Toledo VA Clinic,discoverva_va_locator_facility_list,506GA,va_health_facility,41.618907,,"Toledo, OH",,,Toledo,OH,,US,current_record,record_field,,https://discover.va.gov/va-locator-facility-list/
vha_506GB,Flint VA Clinic,discoverva_va_locator_facility_list,506GB,va_health_facility,42.992235,,"Flint, MI",,,Flint,MI,,US,current_record,record_field,,https://discover.va.gov/va-locator-facility-list/
vha_506GC,Jackson VA Clinic,discoverva_va_locator_facility_list,506GC,va_health_facility,42.23519846,,"Michigan Center, MI",,,Michigan Center,MI,,US,current_record,record_field,,https://discover.va.gov/va-locator-facility-list/
vha_506GD,Major General Oliver W. Dillard VA Clinic,discoverva_va_locator_facility_list,506GD,va_health_facility,42.3264086,,"Canton, MI",,,Canton,MI,,US,current_record,record_field,,https://discover.va.gov/va-locator-facility-list/
vha_506GE,Howell VA Clinic,discoverva_va_locator_facility_list,506GE,va_health_facility,42.59145584,,"Howell, MI",,,Howell,MI,,US,current_record,record_field,,https://discover.va.gov/va-locator-facility-list/
vha_506GF,Adrian VA Clinic,discoverva_va_locator_facility_list,506GF,va_health_facility,41.9127527,,"Adrian, MI",,,Adrian,MI,,US,current_record,record_field,,https://discover.va.gov/va-locator-facility-list/
vha_506GG,Findlay VA Clinic,discoverva_va_locator_facility_list,506GG,va_health_facility,41.06576312,,"Findlay, OH",,,Findlay,OH,,US,current_record,record_field,,https://discover.va.gov/va-locator-facility-list/
vha_506QA,Packard Road VA Clinic,discoverva_va_locator_facility_list,506QA,va_health_facility,42.24533222,,"Ann Arbor, MI",,,Ann Arbor,MI,,US,current_record,record_field,,https://discover.va.gov/va-locator-facility-list/
vha_506QB,Green Road VA Clinic,discoverva_va_locator_facility_list,506QB,va_health_facility,42.31033722,,"Ann Arbor, MI",,,Ann Arbor,MI,,US,current_record,record_field,,https://discover.va.gov/va-locator-facility-list/
vha_508,Joseph Maxwell Cleland Atlanta VA Medical Center,discoverva_va_locator_facility_list,508,va_health_facility,33.801939,,"Decatur, GA",,,Decatur,GA,,US,current_record,record_field,,https://discover.va.gov/va-locator-facility-list/
vha_508GA,Fort McPherson VA Clinic,discoverva_va_locator_facility_list,508GA,va_health_facility,33.70639702,,"Atlanta, GA",,,Atlanta,GA,,US,current_record,record_field,,https://discover.va.gov/va-locator-facility-list/
vha_508GE,Oakwood VA Clinic,discoverva_va_locator_facility_list,508GE,va_health_facility,34.2075504,,"Flowery Branch, GA",,,Flowery Branch,GA,,US,current_record,record_field,,https://discover.va.gov/va-locator-facility-list/
vha_508GF,West Cobb County VA Clinic,discoverva_va_locator_facility_list,508GF,va_health_facility,33.94630601,,"Marietta, GA",,,Marietta,GA,,US,current_record,record_field,,https://discover.va.gov/va-locator-facility-list/
vha_508GG,Stockbridge VA Clinic,discoverva_va_locator_facility_list,508GG,va_health_facility,33.51200473,,"Stockbridge, GA",,,Stockbridge,GA,,US,current_record,record_field,,https://discover.va.gov/va-locator-facility-list/
vha_508GH,Lawrenceville VA Clinic,discoverva_va_locator_facility_list,508GH,va_health_facility,33.96821253,,"Lawrenceville, GA",,,Lawrenceville,GA,,US,current_record,record_field,,https://discover.va.gov/va-locator-facility-list/
vha_508GI,Newnan VA Clinic,discoverva_va_locator_facility_list,508GI,va_health_facility,33.40093446,,"Newnan, GA",,,Newnan,GA,,US,current_record,record_field,,https://discover.va.gov/va-locator-facility-list/
vha_508GJ,Blairsville VA Clinic,discoverva_va_locator_facility_list,508GJ,va_health_facility,34.88665254,,"Blairsville, GA",,,Blairsville,GA,,US,current_record,record_field,,https://discover.va.gov/va-locator-facility-list/
vha_508GK,Trinka Davis Veterans Village,discoverva_va_locator_facility_list,508GK,va_health_facility,33.58937018,,"Carrollton, GA",,,Carrollton,GA,,US,current_record,record_field,,https://discover.va.gov/va-locator-facility-list/
vha_508GL,Rome VA Clinic,discoverva_va_locator_facility_list,508GL,va_health_facility,34.22016896,,"Rome, GA",,,Rome,GA,,US,current_record,record_field,,https://discover.va.gov/va-locator-facility-list/
vha_508GM,Pickens County VA Clinic,discoverva_va_locator_facility_list,508GM,va_health_facility,34.46277308,,"Jasper, GA",,,Jasper,GA,,US,current_record,record_field,,https://discover.va.gov/va-locator-facility-list/
vha_508GN,Covington VA Clinic,discoverva_va_locator_facility_list,508GN,va_health_facility,33.57893605,,"Covington, GA",,,Covington,GA,,US,current_record,record_field,,https://discover.va.gov/va-locator-facility-list/
vha_508GO,Northeast Cobb County VA Clinic,discoverva_va_locator_facility_list,508GO,va_health_facility,33.97194,,"Marietta, GA",,,Marietta,GA,,US,current_record,record_field,,https://discover.va.gov/va-locator-facility-list/
vha_508GP,South Cobb County VA Clinic,discoverva_va_locator_facility_list,508GP,va_health_facility,33.89379506,,"Smyrna, GA",,,Smyrna,GA,,US,current_record,record_field,,https://discover.va.gov/va-locator-facility-list/
vha_508GQ,Cobb County VA Clinic,discoverva_va_locator_facility_list,508GQ,va_health_facility,33.98209773,,"Marietta, GA",,,Marietta,GA,,US,current_record,record_field,,https://discover.va.gov/va-locator-facility-list/
vha_508GS,Pike County VA Clinic,discoverva_va_locator_facility_list,508GS,va_health_facility,33.11780147,,"Zebulon, GA",,,Zebulon,GA,,US,current_record,record_field,,https://discover.va.gov/va-locator-facility-list/
vha_508QC,Henderson Mill VA Clinic,discoverva_va_locator_facility_list,508QC,va_health_facility,33.85242992,,"Atlanta, GA",,,Atlanta,GA,,US,current_record,record_field,,https://discover.va.gov/va-locator-facility-list/
vha_508QE,Gwinnett County VA Clinic,discoverva_va_locator_facility_list,508QE,va_health_facility,33.96962413,,"Lawrenceville, GA",,,Lawrenceville,GA,,US,current_record,record_field,,https://discover.va.gov/va-locator-facility-list/
vha_508QF,Atlanta VA Clinic,discoverva_va_locator_facility_list,508QF,va_health_facility,33.78142043,,"Decatur, GA",,,Decatur,GA,,US,current_record,record_field,,https://discover.va.gov/va-locator-facility-list/
vha_508QH,South Fulton County VA Clinic,discoverva_va_locator_facility_list,508QH,va_health_facility,33.6132,,"College Park, GA",,,College Park,GA,,US,current_record,record_field,,https://discover.va.gov/va-locator-facility-list/
vha_508QI,North DeKalb County VA Clinic,discoverva_va_locator_facility_list,508QI,va_health_facility,33.849333,,"Brookhaven, GA",,,Brookhaven,GA,,US,current_record,record_field,,https://discover.va.gov/va-locator-facility-list/
vha_508QJ,Tucker VA Clinic,discoverva_va_locator_facility_list,508QJ,va_health_facility,33.85370616,,"Atlanta, GA",,,Atlanta,GA,,US,current_record,record_field,,https://discover.va.gov/va-locator-facility-list/
vha_509,Charlie Norwood Department of Veterans Affairs Medical Center,discoverva_va_locator_facility_list,509,va_health_facility,33.4728,,"Augusta, GA",,,Augusta,GA,,US,current_record,record_field,,https://discover.va.gov/va-locator-facility-list/
vha_509A0,Augusta VA Medical Center-Uptown,discoverva_va_locator_facility_list,,va_health_facility,33.46768426,,"Augusta, GA",,,Augusta,GA,,US,current_record,record_field,,https://discover.va.gov/va-locator-facility-list/
vha_509GA,Athens VA Clinic,discoverva_va_locator_facility_list,509GA,va_health_facility,33.98818461,,"Athens, GA",,,Athens,GA,,US,current_record,record_field,,https://discover.va.gov/va-locator-facility-list/
vha_509GB,Aiken VA Clinic,discoverva_va_locator_facility_list,509GB,va_health_facility,33.52106695,,"Aiken, SC",,,Aiken,SC,,US,current_record,record_field,,https://discover.va.gov/va-locator-facility-list/
vha_509QA,Ray Hendrix Department Of Veterans Affairs Clinic,discoverva_va_locator_facility_list,509QA,va_health_facility,32.44099844,,"Statesboro, GA",,,Statesboro,GA,,US,current_record,record_field,,https://discover.va.gov/va-locator-facility-list/
vha_512,Baltimore VA Medical Center,discoverva_va_locator_facility_list,512,va_health_facility,39.289743,,"Baltimore, MD",,,Baltimore,MD,,US,current_record,record_field,,https://discover.va.gov/va-locator-facility-list/
vha_512A5,Perry Point VA Medical Center,discoverva_va_locator_facility_list,,va_health_facility,39.55124523,,"Perry Point, MD",,,Perry Point,MD,,US,current_record,record_field,,https://discover.va.gov/va-locator-facility-list/
vha_512GA,Cambridge VA Clinic,discoverva_va_locator_facility_list,512GA,va_health_facility,38.55080039,,"Cambridge, MD",,,Cambridge,MD,,US,current_record,record_field,,https://discover.va.gov/va-locator-facility-list/
vha_512GC,Glen Burnie VA Clinic,discoverva_va_locator_facility_list,512GC,va_health_facility,39.14822906,,"Glen Burnie, MD",,,Glen Burnie,MD,,US,current_record,record_field,,https://discover.va.gov/va-locator-facility-list/
vha_512GD,Loch Raven VA Medical Center,discoverva_va_locator_facility_list,512GD,va_health_facility,39.33617627,,"Baltimore, MD",,,Baltimore,MD,,US,current_record,record_field,,https://discover.va.gov/va-locator-facility-list/
vha_512GE,Pocomoke City VA Clinic,discoverva_va_locator_facility_list,512GE,va_health_facility,38.06169422,,"Pocomoke City, MD",,,Pocomoke City,MD,,US,current_record,record_field,,https://discover.va.gov/va-locator-facility-list/
vha_512GF,Eastern Baltimore County VA Clinic,discoverva_va_locator_facility_list,512GF,va_health_facility,39.35782227,,"Rosedale, MD",,,Rosedale,MD,,US,current_record,record_field,,https://discover.va.gov/va-locator-facility-list/
vha_512GG,Fort Meade VA Clinic,discoverva_va_locator_facility_list,512GG,va_health_facility,39.09661679,,"Fort Meade, MD",,,Fort Meade,MD,,US,current_record,record_field,,https://discover.va.gov/va-locator-facility-list/
vha_512QA,Baltimore VA Clinic,discoverva_va_locator_facility_list,512QA,va_health_facility,39.290193,,"Baltimore, MD",,,Baltimore,MD,,US,current_record,record_field,,https://discover.va.gov/va-locator-facility-list/
vha_515,Battle Creek VA Medical Center,discoverva_va_locator_facility_list,515,va_health_facility,42.3472323,,"Battle Creek, MI",,,Battle Creek,MI,,US,current_record,record_field,,https://discover.va.gov/va-locator-facility-list/
vha_515BY,Wyoming VA Clinic,discoverva_va_locator_facility_list,515BY,va_health_facility,42.85817905,,"Wyoming, MI",,,Wyoming,MI,,US,current_record,record_field,,https://discover.va.gov/va-locator-facility-list/
vha_515GA,Muskegon VA Clinic,discoverva_va_locator_facility_list,515GA,va_health_facility,43.2342933,,"Muskegon, MI",,,Muskegon,MI,,US,current_record,record_field,,https://discover.va.gov/va-locator-facility-list/
vha_515GB,Lansing VA Clinic,discoverva_va_locator_facility_list,515GB,va_health_facility,42.67517853,,"Lansing, MI",,,Lansing,MI,,US,current_record,record_field,,https://discover.va.gov/va-locator-facility-list/
vha_515GC,Benton Harbor VA Clinic,discoverva_va_locator_facility_list,515GC,va_health_facility,42.08192662,,"Benton Harbor, MI",,,Benton Harbor,MI,,US,current_record,record_field,,https://discover.va.gov/va-locator-facility-list/
vha_515QB,Century Avenue VA Clinic,discoverva_va_locator_facility_list,515QB,va_health_facility,42.95174401,,"Grand Rapids, MI",,,Grand Rapids,MI,,US,current_record,record_field,,https://discover.va.gov/va-locator-facility-list/
vha_516,C.W. Bill Young Department of Veterans Affairs Medical Center,discoverva_va_locator_facility_list,516,va_health_facility,27.81385653,,"Bay Pines, FL",,,Bay Pines,FL,,US,current_record,record_field,,https://discover.va.gov/va-locator-facility-list/
vha_516BZ,Lee County VA Clinic,discoverva_va_locator_facility_list,516BZ,va_health_facility,26.685315,,"Cape Coral, FL",,,Cape Coral,FL,,US,current_record,record_field,,https://discover.va.gov/va-locator-facility-list/
vha_516GA,Sarasota VA Clinic,discoverva_va_locator_facility_list,516GA,va_health_facility,27.29876551,,"Sarasota, FL",,,Sarasota,FL,,US,current_record,record_field,,https://discover.va.gov/va-locator-facility-list/
vha_516GB,St. Petersburg VA Clinic,discoverva_va_locator_facility_list,516GB,va_health_facility,27.78066,,"St. Petersburg, FL",,,St. Petersburg,FL,,US,current_record,record_field,,https://discover.va.gov/va-locator-facility-list/
vha_516GC,North Pinellas VA Clinic,discoverva_va_locator_facility_list,516GC,va_health_facility,28.01247995,,"Clearwater, FL",,,Clearwater,FL,,US,current_record,record_field,,https://discover.va.gov/va-locator-facility-list/
vha_516GD,Bradenton VA Clinic,discoverva_va_locator_facility_list,516GD,va_health_facility,27.492975,,"Bradenton, FL",,,Bradenton,FL,,US,current_record,record_field,,https://discover.va.gov/va-locator-facility-list/
vha_516GE,Port Charlotte VA Clinic,discoverva_va_locator_facility_list,516GE,va_health_facility,26.966556,,"Port Charlotte, FL",,,Port Charlotte,FL,,US,current_record,record_field,,https://discover.va.gov/va-locator-facility-list/
vha_516GF,Naples VA Clinic,discoverva_va_locator_facility_list,516GF,va_health_facility,26.15943177,,"Naples, FL",,,Naples,FL,,US,current_record,record_field,,https://discover.va.gov/va-locator-facility-list/
vha_516GH,Sebring VA Clinic,discoverva_va_locator_facility_list,516GH,va_health_facility,27.44478901,,"Sebring, FL",,,Sebring,FL,,US,current_record,record_field,,https://discover.va.gov/va-locator-facility-list/
vha_517,Beckley VA Medical Center,discoverva_va_locator_facility_list,517,va_health_facility,37.76603684,,"Beckley, WV",,,Beckley,WV,,US,current_record,record_field,,https://discover.va.gov/va-locator-facility-list/
vha_517GB,Greenbrier County VA Clinic,discoverva_va_locator_facility_list,517GB,va_health_facility,37.76977742,,"Ronceverte, WV",,,Ronceverte,WV,,US,current_record,record_field,,https://discover.va.gov/va-locator-facility-list/
vha_517HK,Beckley VA Mobile Clinic,discoverva_va_locator_facility_list,517HK,va_health_facility,37.76511805,,"Beckley, WV",,,Beckley,WV,,US,current_record,record_field,,https://discover.va.gov/va-locator-facility-list/
vha_517QA,Princeton VA Clinic,discoverva_va_locator_facility_list,517QA,va_health_facility,37.35941427,,"Princeton, WV",,,Princeton,WV,,US,current_record,record_field,,https://discover.va.gov/va-locator-facility-list/
vha_518,Edith Nourse Rogers Memorial Veterans' Hospital,discoverva_va_locator_facility_list,518,va_health_facility,42.50367478,,"Bedford, MA",,,Bedford,MA,,US,current_record,record_field,,https://discover.va.gov/va-locator-facility-list/
vha_518GA,Lynn VA Clinic,discoverva_va_locator_facility_list,518GA,va_health_facility,42.470514,,"Lynn, MA",,,Lynn,MA,,US,current_record,record_field,,https://discover.va.gov/va-locator-facility-list/
vha_518GB,Haverhill VA Clinic,discoverva_va_locator_facility_list,518GB,va_health_facility,42.776001,,"Haverhill, MA",,,Haverhill,MA,,US,current_record,record_field,,https://discover.va.gov/va-locator-facility-list/
vha_518GE,Gloucester VA Clinic,discoverva_va_locator_facility_list,518GE,va_health_facility,42.61311041,,"Gloucester, MA",,,Gloucester,MA,,US,current_record,record_field,,https://discover.va.gov/va-locator-facility-list/
vha_519,"George H. O'Brien, Jr., Department of Veterans Affairs Medical Center",discoverva_va_locator_facility_list,519,va_health_facility,32.23192581,,"Big Spring, TX",,,Big Spring,TX,,US,current_record,record_field,,https://discover.va.gov/va-locator-facility-list/
vha_519GA,Wilson and Young Medal of Honor VA Clinic,discoverva_va_locator_facility_list,519GA,va_health_facility,31.92102,,"Odessa, TX",,,Odessa,TX,,US,current_record,record_field,,https://discover.va.gov/va-locator-facility-list/
vha_519GB,Hobbs VA Clinic,discoverva_va_locator_facility_list,519GB,va_health_facility,32.71213758,,"Hobbs, NM",,,Hobbs,NM,,US,current_record,record_field,,https://discover.va.gov/va-locator-facility-list/
vha_519GD,Fort Stockton VA Clinic,discoverva_va_locator_facility_list,519GD,va_health_facility,30.89597115,,"Fort Stockton, TX",,,Fort Stockton,TX,,US,current_record,record_field,,https://discover.va.gov/va-locator-facility-list/
vha_519HC,Abilene VA Clinic,discoverva_va_locator_facility_list,519HC,va_health_facility,32.404671,,"Abilene, TX",,,Abilene,TX,,US,current_record,record_field,,https://discover.va.gov/va-locator-facility-list/
vha_519HF,Colonel Charles and JoAnne Powell VA Clinic,discoverva_va_locator_facility_list,519HF,va_health_facility,31.4251648,,"San Angelo, TX",,,San Angelo,TX,,US,current_record,record_field,,https://discover.va.gov/va-locator-facility-list/
vha_520,Biloxi VA Medical Center,discoverva_va_locator_facility_list,520,va_health_facility,30.40904262,,"Biloxi, MS",,,Biloxi,MS,,US,current_record,record_field,,https://discover.va.gov/va-locator-facility-list/
vha_520BZ,Pensacola VA Clinic,discoverva_va_locator_facility_list,520BZ,va_health_facility,30.40046729,,"Pensacola, FL",,,Pensacola,FL,,US,current_record,record_field,,https://discover.va.gov/va-locator-facility-list/
vha_520GA,Mobile VA Clinic,discoverva_va_locator_facility_list,520GA,va_health_facility,30.59883444,,"Mobile, AL",,,Mobile,AL,,US,current_record,record_field,,https://discover.va.gov/va-locator-facility-list/
vha_520GB,Panama City Beach VA Clinic,discoverva_va_locator_facility_list,520GB,va_health_facility,30.159828,,"Panama City Beach, FL",,,Panama City Beach,FL,,US,current_record,record_field,,https://discover.va.gov/va-locator-facility-list/
vha_520GC,Eglin Air Force Base VA Clinic,discoverva_va_locator_facility_list,520GC,va_health_facility,30.46216553,,"Eglin Air Force Base, FL",,,Eglin Air Force Base,FL,,US,current_record,record_field,,https://discover.va.gov/va-locator-facility-list/
vha_520QA,Panama City Beach West VA Clinic,discoverva_va_locator_facility_list,520QA,va_health_facility,30.19395626,,"Panama City Beach, FL",,,Panama City Beach,FL,,US,current_record,record_field,,https://discover.va.gov/va-locator-facility-list/
vha_520QC,Naval Hospital Pensacola VA Clinic,discoverva_va_locator_facility_list,520QC,va_health_facility,30.39690083,,"Pensacola, FL",,,Pensacola,FL,,US,current_record,record_field,,https://discover.va.gov/va-locator-facility-list/
vha_521,Birmingham VA Medical Center,discoverva_va_locator_facility_list,521,va_health_facility,33.504219,,"Birmingham, AL",,,Birmingham,AL,,US,current_record,record_field,,https://discover.va.gov/va-locator-facility-list/
vha_521GA,Huntsville VA Clinic,discoverva_va_locator_facility_list,521GA,va_health_facility,34.726446,,"Huntsville, AL",,,Huntsville,AL,,US,current_record,record_field,,https://discover.va.gov/va-locator-facility-list/
vha_521GC,Florence VA Clinic,discoverva_va_locator_facility_list,521GC,va_health_facility,34.74919803,,"Sheffield, AL",,,Sheffield,AL,,US,current_record,record_field,,https://discover.va.gov/va-locator-facility-list/
vha_521GD,Rainbow City VA Clinic,discoverva_va_locator_facility_list,521GD,va_health_facility,33.96324949,,"Gadsden, AL",,,Gadsden,AL,,US,current_record,record_field,,https://discover.va.gov/va-locator-facility-list/
vha_521GE,Oxford VA Clinic,discoverva_va_locator_facility_list,521GE,va_health_facility,33.61274559,,"Oxford, AL",,,Oxford,AL,,US,current_record,record_field,,https://discover.va.gov/va-locator-facility-list/
vha_521GF,Jasper VA Clinic,discoverva_va_locator_facility_list,521GF,va_health_facility,33.83910677,,"Jasper, AL",,,Jasper,AL,,US,current_record,record_field,,https://discover.va.gov/va-locator-facility-list/
vha_521GG,Bessemer VA Clinic,discoverva_va_locator_facility_list,521GG,va_health_facility,33.37497391,,"Bessemer, AL",,,Bessemer,AL,,US,current_record,record_field,,https://discover.va.gov/va-locator-facility-list/
vha_521GH,Childersburg VA Clinic,discoverva_va_locator_facility_list,521GH,va_health_facility,33.280588,,"Childersburg, AL",,,Childersburg,AL,,US,current_record,record_field,,https://discover.va.gov/va-locator-facility-list/
vha_521GI,Colonel Ola Lee Mize Department of Veterans Affairs Clinic,discoverva_va_locator_facility_list,521GI,va_health_facility,34.306403,,"Guntersville, AL",,,Guntersville,AL,,US,current_record,record_field,,https://discover.va.gov/va-locator-facility-list/
vha_521GJ,Birmingham VA Clinic,discoverva_va_locator_facility_list,521GJ,va_health_facility,33.50877404,,"Birmingham, AL",,,Birmingham,AL,,US,current_record,record_field,,https://discover.va.gov/va-locator-facility-list/
vha_521QB,Birmingham East VA Clinic,discoverva_va_locator_facility_list,521QB,va_health_facility,33.53081409,,"Irondale, AL",,,Irondale,AL,,US,current_record,record_field,,https://discover.va.gov/va-locator-facility-list/
vha_521QC,Birmingham VA Mobile Clinic,discoverva_va_locator_facility_list,521QC,va_health_facility,33.50468219,,"Birmingham, AL",,,Birmingham,AL,,US,current_record,record_field,,https://discover.va.gov/va-locator-facility-list/
vha_523,Jamaica Plain VA Medical Center,discoverva_va_locator_facility_list,523,va_health_facility,42.32714719,,"Boston, MA",,,Boston,MA,,US,current_record,record_field,,https://discover.va.gov/va-locator-facility-list/
vha_523A4,West Roxbury VA Medical Center,discoverva_va_locator_facility_list,,va_health_facility,42.274242,,"West Roxbury, MA",,,West Roxbury,MA,,US,current_record,record_field,,https://discover.va.gov/va-locator-facility-list/
vha_523A5,Brockton VA Medical Center,discoverva_va_locator_facility_list,,va_health_facility,42.060906,,"Brockton, MA",,,Brockton,MA,,US,current_record,record_field,,https://discover.va.gov/va-locator-facility-list/
vha_523BY,Lowell VA Clinic,discoverva_va_locator_facility_list,523BY,va_health_facility,42.61937432,,"Lowell, MA",,,Lowell,MA,,US,current_record,record_field,,https://discover.va.gov/va-locator-facility-list/
vha_523BZ,Causeway VA Clinic,discoverva_va_locator_facility_list,523BZ,va_health_facility,42.36659056,,"Boston, MA",,,Boston,MA,,US,current_record,record_field,,https://discover.va.gov/va-locator-facility-list/
vha_523GA,Framingham VA Clinic,discoverva_va_locator_facility_list,523GA,va_health_facility,42.28301175,,"Framingham, MA",,,Framingham,MA,,US,current_record,record_field,,https://discover.va.gov/va-locator-facility-list/
vha_523GC,Quincy VA Clinic,discoverva_va_locator_facility_list,523GC,va_health_facility,42.272541,,"Quincy, MA",,,Quincy,MA,,US,current_record,record_field,,https://discover.va.gov/va-locator-facility-list/
vha_523GD,Plymouth VA Clinic,discoverva_va_locator_facility_list,523GD,va_health_facility,41.923754,,"Plymouth, MA",,,Plymouth,MA,,US,current_record,record_field,,https://discover.va.gov/va-locator-facility-list/
vha_526,James J. Peters Department of Veterans Affairs Medical Center,discoverva_va_locator_facility_list,526,va_health_facility,40.868667,,"Bronx, NY",,,Bronx,NY,,US,current_record,record_field,,https://discover.va.gov/va-locator-facility-list/
vha_526GA,White Plains VA Clinic,discoverva_va_locator_facility_list,526GA,va_health_facility,41.03277655,,"White Plains, NY",,,White Plains,NY,,US,current_record,record_field,,https://discover.va.gov/va-locator-facility-list/
vha_526GB,Yonkers VA Clinic,discoverva_va_locator_facility_list,526GB,va_health_facility,40.93282471,,"Yonkers, NY",,,Yonkers,NY,,US,current_record,record_field,,https://discover.va.gov/va-locator-facility-list/
vha_526GD,Thomas P. Noonan Jr. Department of Veterans Affairs Outpatient Clinic,discoverva_va_locator_facility_list,526GD,va_health_facility,40.743333,,"Ridgewood, NY",,,Ridgewood,NY,,US,current_record,record_field,,https://discover.va.gov/va-locator-facility-list/
vha_528,Buffalo VA Medical Center,discoverva_va_locator_facility_list,528,va_health_facility,42.951213,,"Buffalo, NY",,,Buffalo,NY,,US,current_record,record_field,,https://discover.va.gov/va-locator-facility-list/
vha_528A4,Batavia VA Medical Center,discoverva_va_locator_facility_list,,va_health_facility,43.01068917,,"Batavia, NY",,,Batavia,NY,,US,current_record,record_field,,https://discover.va.gov/va-locator-facility-list/
vha_528A5,Canandaigua VA Medical Center,discoverva_va_locator_facility_list,,va_health_facility,42.9008251,,"Canandaigua, NY",,,Canandaigua,NY,,US,current_record,record_field,,https://discover.va.gov/va-locator-facility-list/
vha_528A6,Bath VA Medical Center,discoverva_va_locator_facility_list,,va_health_facility,42.3434334,,"Bath, NY",,,Bath,NY,,US,current_record,record_field,,https://discover.va.gov/va-locator-facility-list/
vha_528A7,Syracuse VA Medical Center,discoverva_va_locator_facility_list,,va_health_facility,43.03835653,,"Syracuse, NY",,,Syracuse,NY,,US,current_record,record_field,,https://discover.va.gov/va-locator-facility-list/
vha_528A8,Samuel S. Stratton Department of Veterans Affairs Medical Center,discoverva_va_locator_facility_list,,va_health_facility,42.65073,,"Albany, NY",,,Albany,NY,,US,current_record,record_field,,https://discover.va.gov/va-locator-facility-list/
vha_528G2,Westport VA Clinic,discoverva_va_locator_facility_list,,va_health_facility,44.20957345,,"Westport, NY",,,Westport,NY,,US,current_record,record_field,,https://discover.va.gov/va-locator-facility-list/
vha_528G3,Oneonta VA Clinic,discoverva_va_locator_facility_list,,va_health_facility,42.456267,,"Oneonta, NY",,,Oneonta,NY,,US,current_record,record_field,,https://discover.va.gov/va-locator-facility-list/
vha_528G4,Elmira VA Clinic,discoverva_va_locator_facility_list,,va_health_facility,42.11089857,,"Elmira, NY",,,Elmira,NY,,US,current_record,record_field,,https://discover.va.gov/va-locator-facility-list/
vha_528G5,Auburn VA Clinic,discoverva_va_locator_facility_list,,va_health_facility,42.9332785,,"Auburn, NY",,,Auburn,NY,,US,current_record,record_field,,https://discover.va.gov/va-locator-facility-list/
vha_528G6,Fonda VA Clinic,discoverva_va_locator_facility_list,,va_health_facility,42.96119436,,"Fonda, NY",,,Fonda,NY,,US,current_record,record_field,,https://discover.va.gov/va-locator-facility-list/
vha_528G7,Catskill VA Clinic,discoverva_va_locator_facility_list,,va_health_facility,42.23167556,,"Catskill, NY",,,Catskill,NY,,US,current_record,record_field,,https://discover.va.gov/va-locator-facility-list/
vha_528G8,Wellsville VA Clinic,discoverva_va_locator_facility_list,,va_health_facility,42.14903589,,"Wellsville, NY",,,Wellsville,NY,,US,current_record,record_field,,https://discover.va.gov/va-locator-facility-list/
vha_528G9,Tompkins County VA Clinic,discoverva_va_locator_facility_list,,va_health_facility,42.482925,,"Ithaca, NY",,,Ithaca,NY,,US,current_record,record_field,,https://discover.va.gov/va-locator-facility-list/
vha_528GB,Jamestown VA Clinic,discoverva_va_locator_facility_list,528GB,va_health_facility,42.082209,,"Jamestown, NY",,,Jamestown,NY,,US,current_record,record_field,,https://discover.va.gov/va-locator-facility-list/
vha_528GC,Dunkirk VA Clinic,discoverva_va_locator_facility_list,528GC,va_health_facility,42.457572,,"Dunkirk, NY",,,Dunkirk,NY,,US,current_record,record_field,,https://discover.va.gov/va-locator-facility-list/
vha_528GD,Niagara Falls VA Clinic,discoverva_va_locator_facility_list,528GD,va_health_facility,43.09491977,,"Niagara Falls, NY",,,Niagara Falls,NY,,US,current_record,record_field,,https://discover.va.gov/va-locator-facility-list/
vha_528GE,Rochester Clinton Crossings VA Clinic,discoverva_va_locator_facility_list,528GE,va_health_facility,43.11531416,,"Rochester, NY",,,Rochester,NY,,US,current_record,record_field,,https://discover.va.gov/va-locator-facility-list/
vha_528GK,Lockport VA Clinic,discoverva_va_locator_facility_list,528GK,va_health_facility,43.1476797,,"Lockport, NY",,,Lockport,NY,,US,current_record,record_field,,https://discover.va.gov/va-locator-facility-list/
vha_528GL,Potsdam VA Clinic,discoverva_va_locator_facility_list,528GL,va_health_facility,44.685747,,"Potsdam, NY",,,Potsdam,NY,,US,current_record,record_field,,https://discover.va.gov/va-locator-facility-list/
vha_528GM,Donald J. Mitchell Department of Veterans Affairs Outpatient Clinic,discoverva_va_locator_facility_list,528GM,va_health_facility,43.21306469,,"Rome, NY",,,Rome,NY,,US,current_record,record_field,,https://discover.va.gov/va-locator-facility-list/
vha_528GN,Binghamton VA Clinic,discoverva_va_locator_facility_list,528GN,va_health_facility,42.10073713,,"Binghamton, NY",,,Binghamton,NY,,US,current_record,record_field,,https://discover.va.gov/va-locator-facility-list/
vha_528GO,Watertown VA Clinic,discoverva_va_locator_facility_list,528GO,va_health_facility,43.982217,,"Watertown, NY",,,Watertown,NY,,US,current_record,record_field,,https://discover.va.gov/va-locator-facility-list/
vha_528GP,Oswego VA Clinic,discoverva_va_locator_facility_list,528GP,va_health_facility,43.46334,,"Oswego, NY",,,Oswego,NY,,US,current_record,record_field,,https://discover.va.gov/va-locator-facility-list/
vha_528GQ,West Seneca VA Clinic,discoverva_va_locator_facility_list,528GQ,va_health_facility,42.82662664,,"West Seneca, NY",,,West Seneca,NY,,US,current_record,record_field,,https://discover.va.gov/va-locator-facility-list/
vha_528GQ01,Springville VA Clinic,discoverva_va_locator_facility_list,,va_health_facility,42.50306138,,"Springville, NY",,,Springville,NY,,US,current_record,record_field,,https://discover.va.gov/va-locator-facility-list/
vha_528GR,Olean VA Clinic,discoverva_va_locator_facility_list,528GR,va_health_facility,42.084612,,"Olean, NY",,,Olean,NY,,US,current_record,record_field,,https://discover.va.gov/va-locator-facility-list/
vha_528GT,Glens Falls VA Clinic,discoverva_va_locator_facility_list,528GT,va_health_facility,43.31241827,,"Glens Falls, NY",,,Glens Falls,NY,,US,current_record,record_field,,https://discover.va.gov/va-locator-facility-list/
vha_528GV,Plattsburgh VA Clinic,discoverva_va_locator_facility_list,528GV,va_health_facility,44.700093,,"Plattsburgh, NY",,,Plattsburgh,NY,,US,current_record,record_field,,https://discover.va.gov/va-locator-facility-list/
vha_528GW,Schenectady VA Clinic,discoverva_va_locator_facility_list,528GW,va_health_facility,42.7852374,,"Schenectady, NY",,,Schenectady,NY,,US,current_record,record_field,,https://discover.va.gov/va-locator-facility-list/
vha_528GY,Clifton Park VA Clinic,discoverva_va_locator_facility_list,528GY,va_health_facility,42.869196,,"Clifton Park, NY",,,Clifton Park,NY,,US,current_record,record_field,,https://discover.va.gov/va-locator-facility-list/
vha_528GZ,Kingston VA Clinic,discoverva_va_locator_facility_list,528GZ,va_health_facility,41.97104714,,"Kingston, NY",,,Kingston,NY,,US,current_record,record_field,,https://discover.va.gov/va-locator-facility-list/
vha_528QA,Buffalo VA Clinic,discoverva_va_locator_facility_list,528QA,va_health_facility,42.945552,,"Buffalo, NY",,,Buffalo,NY,,US,current_record,record_field,,https://discover.va.gov/va-locator-facility-list/
vha_528QB,Packard VA Clinic,discoverva_va_locator_facility_list,528QB,va_health_facility,42.909705,,"Buffalo, NY",,,Buffalo,NY,,US,current_record,record_field,,https://discover.va.gov/va-locator-facility-list/
vha_528QC,Rochester Calkins VA Clinic,discoverva_va_locator_facility_list,528QC,va_health_facility,43.06828614,,"Rochester, NY",,,Rochester,NY,,US,current_record,record_field,,https://discover.va.gov/va-locator-facility-list/
vha_528QF,Wellsboro VA Clinic,discoverva_va_locator_facility_list,528QF,va_health_facility,41.74005031,,"Wellsboro, PA",,,Wellsboro,PA,,US,current_record,record_field,,https://discover.va.gov/va-locator-facility-list/
vha_528QG,Erie West VA Clinic,discoverva_va_locator_facility_list,528QG,va_health_facility,43.04915851,,"Syracuse, NY",,,Syracuse,NY,,US,current_record,record_field,,https://discover.va.gov/va-locator-facility-list/
vha_528QH,South Salina VA Clinic,discoverva_va_locator_facility_list,528QH,va_health_facility,43.04320573,,"Syracuse, NY",,,Syracuse,NY,,US,current_record,record_field,,https://discover.va.gov/va-locator-facility-list/
vha_528QI,Erie East VA Clinic,discoverva_va_locator_facility_list,528QI,va_health_facility,43.050501,,"Syracuse, NY",,,Syracuse,NY,,US,current_record,record_field,,https://discover.va.gov/va-locator-facility-list/
vha_528QK,Saranac Lake VA Clinic,discoverva_va_locator_facility_list,528QK,va_health_facility,44.33052462,,"Saranac Lake, NY",,,Saranac Lake,NY,,US,current_record,record_field,,https://discover.va.gov/va-locator-facility-list/
vha_528QN,Watertown 2 VA Clinic,discoverva_va_locator_facility_list,528QN,va_health_facility,43.948323,,"Watertown, NY",,,Watertown,NY,,US,current_record,record_field,,https://discover.va.gov/va-locator-facility-list/
vha_529,Abie Abraham VA Clinic,discoverva_va_locator_facility_list,529,va_health_facility,40.888683,,"Butler, PA",,,Butler,PA,,US,current_record,record_field,,https://discover.va.gov/va-locator-facility-list/
vha_529A4,Butler VA Medical Center,discoverva_va_locator_facility_list,,va_health_facility,40.87407595,,"Butler, PA",,,Butler,PA,,US,current_record,record_field,,https://discover.va.gov/va-locator-facility-list/
vha_529GA,Michael A. Marzano Department of Veterans Affairs Outpatient Clinic,discoverva_va_locator_facility_list,529GA,va_health_facility,41.236398,,"Hermitage, PA",,,Hermitage,PA,,US,current_record,record_field,,https://discover.va.gov/va-locator-facility-list/
vha_529GB,Lawrence County VA Clinic,discoverva_va_locator_facility_list,529GB,va_health_facility,40.983912,,"New Castle, PA",,,New Castle,PA,,US,current_record,record_field,,https://discover.va.gov/va-locator-facility-list/
vha_529GC,Armstrong County VA Clinic,discoverva_va_locator_facility_list,529GC,va_health_facility,40.81425093,,"Kittanning, PA",,,Kittanning,PA,,US,current_record,record_field,,https://discover.va.gov/va-locator-facility-list/
vha_529GD,Clarion County VA Clinic,discoverva_va_locator_facility_list,529GD,va_health_facility,41.192078,,"Monroe Township, PA",,,Monroe Township,PA,,US,current_record,record_field,,https://discover.va.gov/va-locator-facility-list/
vha_529GF,Cranberry Township VA Clinic,discoverva_va_locator_facility_list,529GF,va_health_facility,40.68352779,,"Cranberry Township, PA",,,Cranberry Township,PA,,US,current_record,record_field,,https://discover.va.gov/va-locator-facility-list/
vha_531,Boise VA Medical Center,discoverva_va_locator_facility_list,531,va_health_facility,43.621065,,"Boise, ID",,,Boise,ID,,US,current_record,record_field,,https://discover.va.gov/va-locator-facility-list/
vha_531GE,Twin Falls VA Clinic,discoverva_va_locator_facility_list,531GE,va_health_facility,42.55486677,,"Twin Falls, ID",,,Twin Falls,ID,,US,current_record,record_field,,https://discover.va.gov/va-locator-facility-list/
vha_531GG,Caldwell VA Clinic,discoverva_va_locator_facility_list,531GG,va_health_facility,43.66445021,,"Caldwell, ID",,,Caldwell,ID,,US,current_record,record_field,,https://discover.va.gov/va-locator-facility-list/
vha_531GH,Eastern Oregon VA Clinic,discoverva_va_locator_facility_list,531GH,va_health_facility,43.57331459,,"Hines, OR",,,Hines,OR,,US,current_record,record_field,,https://discover.va.gov/va-locator-facility-list/
vha_531GI,Mountain Home VA Clinic,discoverva_va_locator_facility_list,531GI,va_health_facility,43.13778295,,"Mountain Home, ID",,,Mountain Home,ID,,US,current_record,record_field,,https://discover.va.gov/va-locator-facility-list/
vha_531GJ,Salmon VA Clinic,discoverva_va_locator_facility_list,531GJ,va_health_facility,45.17309546,,"Salmon, ID",,,Salmon,ID,,US,current_record,record_field,,https://discover.va.gov/va-locator-facility-list/
vha_534,Ralph H. Johnson Department of Veterans Affairs Medical Center,discoverva_va_locator_facility_list,534,va_health_facility,32.784471,,"Charleston, SC",,,Charleston,SC,,US,current_record,record_field,,https://discover.va.gov/va-locator-facility-list/
vha_534BY,Savannah VA Clinic,discoverva_va_locator_facility_list,534BY,va_health_facility,31.98543511,,"Savannah, GA",,,Savannah,GA,,US,current_record,record_field,,https://discover.va.gov/va-locator-facility-list/
vha_534GB,Myrtle Beach VA Clinic,discoverva_va_locator_facility_list,534GB,va_health_facility,33.67741419,,"Myrtle Beach, SC",,,Myrtle Beach,SC,,US,current_record,record_field,,https://discover.va.gov/va-locator-facility-list/
vha_534GC,Beaufort VA Clinic,discoverva_va_locator_facility_list,534GC,va_health_facility,32.3919543,,"Beaufort, SC",,,Beaufort,SC,,US,current_record,record_field,,https://discover.va.gov/va-locator-facility-list/
vha_534GD,Goose Creek VA Clinic,discoverva_va_locator_facility_list,534GD,va_health_facility,32.96639857,,"Goose Creek, SC",,,Goose Creek,SC,,US,current_record,record_field,,https://discover.va.gov/va-locator-facility-list/
vha_534GE,"John Gibson, Dan James, William Sapp, and Frankie Smiley VA Clinic",discoverva_va_locator_facility_list,534GE,va_health_facility,31.84890928,,"Hinesville, GA",,,Hinesville,GA,,US,current_record,record_field,,https://discover.va.gov/va-locator-facility-list/
vha_534GF,North Charleston VA Clinic,discoverva_va_locator_facility_list,534GF,va_health_facility,32.913891,,"North Charleston, SC",,,North Charleston,SC,,US,current_record,record_field,,https://discover.va.gov/va-locator-facility-list/
vha_534GG,Brunswick VA Clinic,discoverva_va_locator_facility_list,534GG,va_health_facility,31.203927,,"Brunswick, GA",,,Brunswick,GA,,US,current_record,record_field,,https://discover.va.gov/va-locator-facility-list/
vha_534QB,Trident VA Clinic,discoverva_va_locator_facility_list,534QB,va_health_facility,32.977251,,"North Charleston, SC",,,North Charleston,SC,,US,current_record,record_field,,https://discover.va.gov/va-locator-facility-list/
vha_534QC,Charleston VA Clinic,discoverva_va_locator_facility_list,534QC,va_health_facility,32.875362,,"North Charleston, SC",,,North Charleston,SC,,US,current_record,record_field,,https://discover.va.gov/va-locator-facility-list/
vha_537,Jesse Brown Department of Veterans Affairs Medical Center,discoverva_va_locator_facility_list,537,va_health_facility,41.87078943,,"Chicago, IL",,,Chicago,IL,,US,current_record,record_field,,https://discover.va.gov/va-locator-facility-list/
vha_537BY,"Adam Benjamin Jr., Veterans' Administration Outpatient Clinic",discoverva_va_locator_facility_list,537BY,va_health_facility,41.44910292,,"Crown Point, IN",,,Crown Point,IN,,US,current_record,record_field,,https://discover.va.gov/va-locator-facility-list/
vha_537GA,Chicago Heights VA Clinic,discoverva_va_locator_facility_list,537GA,va_health_facility,41.52644624,,"Chicago Heights, IL",,,Chicago Heights,IL,,US,current_record,record_field,,https://discover.va.gov/va-locator-facility-list/
vha_537GD,Lakeside VA Clinic,discoverva_va_locator_facility_list,537GD,va_health_facility,41.8933409,,"Chicago, IL",,,Chicago,IL,,US,current_record,record_field,,https://discover.va.gov/va-locator-facility-list/
vha_537HA,Auburn Gresham VA Clinic,discoverva_va_locator_facility_list,537HA,va_health_facility,41.75326247,,"Chicago, IL",,,Chicago,IL,,US,current_record,record_field,,https://discover.va.gov/va-locator-facility-list/
vha_537QA,Chicago VA Clinic,discoverva_va_locator_facility_list,537QA,va_health_facility,41.86762574,,"Chicago, IL",,,Chicago,IL,,US,current_record,record_field,,https://discover.va.gov/va-locator-facility-list/
vha_538,Chillicothe VA Medical Center,discoverva_va_locator_facility_list,538,va_health_facility,39.39081338,,"Chillicothe, OH",,,Chillicothe,OH,,US,current_record,record_field,,https://discover.va.gov/va-locator-facility-list/
vha_538GA,Athens VA Clinic,discoverva_va_locator_facility_list,538GA,va_health_facility,39.37540732,,"The Plains, OH",,,The Plains,OH,,US,current_record,record_field,,https://discover.va.gov/va-locator-facility-list/
vha_538GB,Portsmouth VA Clinic,discoverva_va_locator_facility_list,538GB,va_health_facility,38.75331233,,"New Boston, OH",,,New Boston,OH,,US,current_record,record_field,,https://discover.va.gov/va-locator-facility-list/
vha_538GC,Marietta VA Clinic,discoverva_va_locator_facility_list,538GC,va_health_facility,39.36443904,,"Marietta, OH",,,Marietta,OH,,US,current_record,record_field,,https://discover.va.gov/va-locator-facility-list/
vha_538GD,Lancaster VA Clinic,discoverva_va_locator_facility_list,538GD,va_health_facility,39.7314101,,"Lancaster, OH",,,Lancaster,OH,,US,current_record,record_field,,https://discover.va.gov/va-locator-facility-list/
vha_538GE,Cambridge VA Clinic,discoverva_va_locator_facility_list,538GE,va_health_facility,40.00252672,,"Cambridge, OH",,,Cambridge,OH,,US,current_record,record_field,,https://discover.va.gov/va-locator-facility-list/
vha_538GF,Wilmington VA Clinic,discoverva_va_locator_facility_list,538GF,va_health_facility,39.44549149,,"Wilmington, OH",,,Wilmington,OH,,US,current_record,record_field,,https://discover.va.gov/va-locator-facility-list/
vha_539,Cincinnati VA Medical Center,discoverva_va_locator_facility_list,539,va_health_facility,39.13815487,,"Cincinnati, OH",,,Cincinnati,OH,,US,current_record,record_field,,https://discover.va.gov/va-locator-facility-list/
vha_539A4,Cincinnati VA Medical Center-Fort Thomas,discoverva_va_locator_facility_list,,va_health_facility,39.06459,,"Fort Thomas, KY",,,Fort Thomas,KY,,US,current_record,record_field,,https://discover.va.gov/va-locator-facility-list/
vha_539GA,Bellevue VA Clinic,discoverva_va_locator_facility_list,539GA,va_health_facility,39.100959,,"Bellevue, KY",,,Bellevue,KY,,US,current_record,record_field,,https://discover.va.gov/va-locator-facility-list/
vha_539GB,Clermont County VA Clinic,discoverva_va_locator_facility_list,539GB,va_health_facility,39.111678,,"Cincinnati, OH",,,Cincinnati,OH,,US,current_record,record_field,,https://discover.va.gov/va-locator-facility-list/
vha_539GC,Dearborn VA Clinic,discoverva_va_locator_facility_list,539GC,va_health_facility,39.11274703,,"Lawrenceburg, IN",,,Lawrenceburg,IN,,US,current_record,record_field,,https://discover.va.gov/va-locator-facility-list/
vha_539GD,Florence VA Clinic,discoverva_va_locator_facility_list,539GD,va_health_facility,39.013029,,"Florence, KY",,,Florence,KY,,US,current_record,record_field,,https://discover.va.gov/va-locator-facility-list/
vha_539GE,Hamilton VA Clinic,discoverva_va_locator_facility_list,539GE,va_health_facility,39.378879,,"Hamilton, OH",,,Hamilton,OH,,US,current_record,record_field,,https://discover.va.gov/va-locator-facility-list/
vha_539GF,Georgetown VA Clinic,discoverva_va_locator_facility_list,539GF,va_health_facility,38.85673704,,"Georgetown, OH",,,Georgetown,OH,,US,current_record,record_field,,https://discover.va.gov/va-locator-facility-list/
vha_539QB,Highland Avenue VA Clinic,discoverva_va_locator_facility_list,539QB,va_health_facility,39.13345555,,"Cincinnati, OH",,,Cincinnati,OH,,US,current_record,record_field,,https://discover.va.gov/va-locator-facility-list/
vha_539QC,Vine Street VA Clinic,discoverva_va_locator_facility_list,539QC,va_health_facility,39.10573105,,"Cincinnati, OH",,,Cincinnati,OH,,US,current_record,record_field,,https://discover.va.gov/va-locator-facility-list/
vha_539QD,Norwood VA Clinic,discoverva_va_locator_facility_list,539QD,va_health_facility,39.160143,,"Norwood, OH",,,Norwood,OH,,US,current_record,record_field,,https://discover.va.gov/va-locator-facility-list/
vha_540,Louis A. Johnson Veterans' Administration Medical Center,discoverva_va_locator_facility_list,540,va_health_facility,39.27033903,,"Clarksburg, WV",,,Clarksburg,WV,,US,current_record,record_field,,https://discover.va.gov/va-locator-facility-list/
vha_540GA,Tucker County VA Clinic,discoverva_va_locator_facility_list,540GA,va_health_facility,39.09723132,,"Parsons, WV",,,Parsons,WV,,US,current_record,record_field,,https://discover.va.gov/va-locator-facility-list/
vha_540GB,Wood County VA Clinic,discoverva_va_locator_facility_list,540GB,va_health_facility,39.28193568,,"Parkersburg, WV",,,Parkersburg,WV,,US,current_record,record_field,,https://discover.va.gov/va-locator-facility-list/
vha_540GC,Braxton County VA Clinic,discoverva_va_locator_facility_list,540GC,va_health_facility,38.65959485,,"Gassaway, WV",,,Gassaway,WV,,US,current_record,record_field,,https://discover.va.gov/va-locator-facility-list/
vha_540GD,Monongalia County VA Clinic,discoverva_va_locator_facility_list,540GD,va_health_facility,39.62830239,,"Westover, WV",,,Westover,WV,,US,current_record,record_field,,https://discover.va.gov/va-locator-facility-list/
vha_541,Louis Stokes Cleveland Department of Veterans Affairs Medical Center,discoverva_va_locator_facility_list,541,va_health_facility,41.51266301,,"Cleveland, OH",,,Cleveland,OH,,US,current_record,record_field,,https://discover.va.gov/va-locator-facility-list/
vha_541BY,Canton VA Clinic,discoverva_va_locator_facility_list,541BY,va_health_facility,40.793274,,"Canton, OH",,,Canton,OH,,US,current_record,record_field,,https://discover.va.gov/va-locator-facility-list/
vha_541BZ,Carl Nunziato VA Clinic,discoverva_va_locator_facility_list,541BZ,va_health_facility,41.12395341,,"Youngstown, OH",,,Youngstown,OH,,US,current_record,record_field,,https://discover.va.gov/va-locator-facility-list/
vha_541GB,Lorain VA Clinic,discoverva_va_locator_facility_list,541GB,va_health_facility,41.42105379,,"Sheffield Village, OH",,,Sheffield Village,OH,,US,current_record,record_field,,https://discover.va.gov/va-locator-facility-list/
vha_541GC,Sandusky VA Clinic,discoverva_va_locator_facility_list,541GC,va_health_facility,41.43744698,,"Sandusky, OH",,,Sandusky,OH,,US,current_record,record_field,,https://discover.va.gov/va-locator-facility-list/
vha_541GD,David F. Winder Department of Veterans Affairs Community Based Outpatient Clinic,discoverva_va_locator_facility_list,541GD,va_health_facility,40.73575161,,"Mansfield, OH",,,Mansfield,OH,,US,current_record,record_field,,https://discover.va.gov/va-locator-facility-list/
vha_541GF,Lake County VA Clinic,discoverva_va_locator_facility_list,541GF,va_health_facility,41.62321926,,"Willoughby, OH",,,Willoughby,OH,,US,current_record,record_field,,https://discover.va.gov/va-locator-facility-list/
vha_541GG,Akron VA Clinic,discoverva_va_locator_facility_list,541GG,va_health_facility,41.029128,,"Akron, OH",,,Akron,OH,,US,current_record,record_field,,https://discover.va.gov/va-locator-facility-list/
vha_541GH,East Liverpool VA Clinic,discoverva_va_locator_facility_list,541GH,va_health_facility,40.67315413,,"Calcutta, OH",,,Calcutta,OH,,US,current_record,record_field,,https://discover.va.gov/va-locator-facility-list/
vha_541GI,Warren VA Clinic,discoverva_va_locator_facility_list,541GI,va_health_facility,41.24652964,,"Warren, OH",,,Warren,OH,,US,current_record,record_field,,https://discover.va.gov/va-locator-facility-list/
vha_541GJ,New Philadelphia VA Clinic,discoverva_va_locator_facility_list,541GJ,va_health_facility,40.50639848,,"New Philadelphia, OH",,,New Philadelphia,OH,,US,current_record,record_field,,https://discover.va.gov/va-locator-facility-list/
vha_541GK,Ravenna VA Clinic,discoverva_va_locator_facility_list,541GK,va_health_facility,41.1734421,,"Ravenna, OH",,,Ravenna,OH,,US,current_record,record_field,,https://discover.va.gov/va-locator-facility-list/
vha_541GL,Parma VA Clinic,discoverva_va_locator_facility_list,541GL,va_health_facility,41.4184726,,"Parma, OH",,,Parma,OH,,US,current_record,record_field,,https://discover.va.gov/va-locator-facility-list/
vha_541GM,Cleveland VA Clinic-Superior,discoverva_va_locator_facility_list,541GM,va_health_facility,41.52075514,,"Cleveland, OH",,,Cleveland,OH,,US,current_record,record_field,,https://discover.va.gov/va-locator-facility-list/
vha_541QA,Summit County VA Clinic,discoverva_va_locator_facility_list,541QA,va_health_facility,41.064282,,"Akron, OH",,,Akron,OH,,US,current_record,record_field,,https://discover.va.gov/va-locator-facility-list/
vha_541QB,Cleveland VA Clinic-Euclid,discoverva_va_locator_facility_list,541QB,va_health_facility,41.503689,,"Cleveland, OH",,,Cleveland,OH,,US,current_record,record_field,,https://discover.va.gov/va-locator-facility-list/
vha_541QI,Akron West VA Clinic,discoverva_va_locator_facility_list,541QI,va_health_facility,41.02875665,,"Akron, OH",,,Akron,OH,,US,current_record,record_field,,https://discover.va.gov/va-locator-facility-list/
vha_542,Coatesville VA Medical Center,discoverva_va_locator_facility_list,542,va_health_facility,39.998097,,"Coatesville, PA",,,Coatesville,PA,,US,current_record,record_field,,https://discover.va.gov/va-locator-facility-list/
vha_542GA,Delaware County VA Clinic,discoverva_va_locator_facility_list,542GA,va_health_facility,39.97519719,,"Newtown Square, PA",,,Newtown Square,PA,,US,current_record,record_field,,https://discover.va.gov/va-locator-facility-list/
vha_542GE,West Norriton VA Clinic,discoverva_va_locator_facility_list,542GE,va_health_facility,40.12324715,,"Norristown, PA",,,Norristown,PA,,US,current_record,record_field,,https://discover.va.gov/va-locator-facility-list/
vha_544,Wm. Jennings Bryan Dorn Department of Veterans Affairs Medical Center,discoverva_va_locator_facility_list,544,va_health_facility,33.976395,,"Columbia, SC",,,Columbia,SC,,US,current_record,record_field,,https://discover.va.gov/va-locator-facility-list/
vha_544BZ,Lance Corporal Dana Cornell Darnell VA Clinic,discoverva_va_locator_facility_list,544BZ,va_health_facility,34.814934,,"Greenville, SC",,,Greenville,SC,,US,current_record,record_field,,https://discover.va.gov/va-locator-facility-list/
vha_544GB,Florence VA Clinic,discoverva_va_locator_facility_list,544GB,va_health_facility,34.2201966,,"Florence, SC",,,Florence,SC,,US,current_record,record_field,,https://discover.va.gov/va-locator-facility-list/
vha_544GC,Rock Hill VA Clinic,discoverva_va_locator_facility_list,544GC,va_health_facility,34.97720057,,"Rock Hill, SC",,,Rock Hill,SC,,US,current_record,record_field,,https://discover.va.gov/va-locator-facility-list/
vha_544GD,Anderson VA Clinic,discoverva_va_locator_facility_list,544GD,va_health_facility,34.57269907,,"Anderson, SC",,,Anderson,SC,,US,current_record,record_field,,https://discover.va.gov/va-locator-facility-list/
vha_544GE,Orangeburg VA Clinic,discoverva_va_locator_facility_list,544GE,va_health_facility,33.47477744,,"Orangeburg, SC",,,Orangeburg,SC,,US,current_record,record_field,,https://discover.va.gov/va-locator-facility-list/
vha_544GF,Sumter VA Clinic,discoverva_va_locator_facility_list,544GF,va_health_facility,33.94957811,,"Sumter, SC",,,Sumter,SC,,US,current_record,record_field,,https://discover.va.gov/va-locator-facility-list/
vha_544GG,Spartanburg VA Clinic,discoverva_va_locator_facility_list,544GG,va_health_facility,34.99248044,,"Spartanburg, SC",,,Spartanburg,SC,,US,current_record,record_field,,https://discover.va.gov/va-locator-facility-list/
vha_544HK,Columbia VA Mobile Clinic,discoverva_va_locator_facility_list,544HK,va_health_facility,33.976395,,"Columbia, SC",,,Columbia,SC,,US,current_record,record_field,,https://discover.va.gov/va-locator-facility-list/
vha_546,Bruce W. Carter Department of Veterans Affairs Medical Center,discoverva_va_locator_facility_list,546,va_health_facility,25.79096193,,"Miami, FL",,,Miami,FL,,US,current_record,record_field,,https://discover.va.gov/va-locator-facility-list/
vha_546BZ,"William ""Bill"" Kling Department of Veterans Affairs Outpatient Clinic",discoverva_va_locator_facility_list,546BZ,va_health_facility,26.19364651,,"Sunrise, FL",,,Sunrise,FL,,US,current_record,record_field,,https://discover.va.gov/va-locator-facility-list/
vha_546GA,Miami Flagler VA Clinic,discoverva_va_locator_facility_list,546GA,va_health_facility,25.77334969,,"Miami, FL",,,Miami,FL,,US,current_record,record_field,,https://discover.va.gov/va-locator-facility-list/
vha_546GB,Key West VA Clinic,discoverva_va_locator_facility_list,546GB,va_health_facility,24.56926736,,"Key West, FL",,,Key West,FL,,US,current_record,record_field,,https://discover.va.gov/va-locator-facility-list/
vha_546GC,Homestead VA Clinic,discoverva_va_locator_facility_list,546GC,va_health_facility,25.479675,,"Homestead, FL",,,Homestead,FL,,US,current_record,record_field,,https://discover.va.gov/va-locator-facility-list/
vha_546GD,Pembroke Pines VA Clinic,discoverva_va_locator_facility_list,546GD,va_health_facility,26.0314371,,"Hollywood, FL",,,Hollywood,FL,,US,current_record,record_field,,https://discover.va.gov/va-locator-facility-list/
vha_546GE,Key Largo VA Clinic,discoverva_va_locator_facility_list,546GE,va_health_facility,25.164036,,"Key Largo, FL",,,Key Largo,FL,,US,current_record,record_field,,https://discover.va.gov/va-locator-facility-list/
vha_546GF,Hollywood VA Clinic,discoverva_va_locator_facility_list,546GF,va_health_facility,26.00298853,,"Hollywood, FL",,,Hollywood,FL,,US,current_record,record_field,,https://discover.va.gov/va-locator-facility-list/
vha_546GH,Deerfield Beach VA Clinic,discoverva_va_locator_facility_list,546GH,va_health_facility,26.30392391,,"Deerfield Beach, FL",,,Deerfield Beach,FL,,US,current_record,record_field,,https://discover.va.gov/va-locator-facility-list/
vha_548,Thomas H. Corey VA Medical Center,discoverva_va_locator_facility_list,548,va_health_facility,26.786079,,"West Palm Beach, FL",,,West Palm Beach,FL,,US,current_record,record_field,,https://discover.va.gov/va-locator-facility-list/
vha_548GA,Fort Pierce VA Clinic,discoverva_va_locator_facility_list,548GA,va_health_facility,27.429102,,"Fort Pierce, FL",,,Fort Pierce,FL,,US,current_record,record_field,,https://discover.va.gov/va-locator-facility-list/
vha_548GB,Delray Beach VA Clinic,discoverva_va_locator_facility_list,548GB,va_health_facility,26.438103,,"Delray Beach, FL",,,Delray Beach,FL,,US,current_record,record_field,,https://discover.va.gov/va-locator-facility-list/
vha_548GC,Stuart VA Clinic,discoverva_va_locator_facility_list,548GC,va_health_facility,27.16173171,,"Stuart, FL",,,Stuart,FL,,US,current_record,record_field,,https://discover.va.gov/va-locator-facility-list/
vha_548GD,Boca Raton VA Clinic,discoverva_va_locator_facility_list,548GD,va_health_facility,26.35850399,,"Boca Raton, FL",,,Boca Raton,FL,,US,current_record,record_field,,https://discover.va.gov/va-locator-facility-list/
vha_548GE,Vero Beach VA Clinic,discoverva_va_locator_facility_list,548GE,va_health_facility,27.63255628,,"Vero Beach, FL",,,Vero Beach,FL,,US,current_record,record_field,,https://discover.va.gov/va-locator-facility-list/
vha_548GF,Okeechobee VA Clinic,discoverva_va_locator_facility_list,548GF,va_health_facility,27.25614877,,"Okeechobee, FL",,,Okeechobee,FL,,US,current_record,record_field,,https://discover.va.gov/va-locator-facility-list/
vha_548QA,Port Saint Lucie VA Clinic,discoverva_va_locator_facility_list,548QA,va_health_facility,27.310248,,"Port Saint Lucie, FL",,,Port Saint Lucie,FL,,US,current_record,record_field,,https://discover.va.gov/va-locator-facility-list/
vha_549,Dallas VA Medical Center,discoverva_va_locator_facility_list,549,va_health_facility,32.694444,,"Dallas, TX",,,Dallas,TX,,US,current_record,record_field,,https://discover.va.gov/va-locator-facility-list/
vha_549A4,Sam Rayburn Memorial Veterans Center,discoverva_va_locator_facility_list,,va_health_facility,33.58161396,,"Bonham, TX",,,Bonham,TX,,US,current_record,record_field,,https://discover.va.gov/va-locator-facility-list/
vha_549A5,Garland VA Medical Center,discoverva_va_locator_facility_list,,va_health_facility,32.91860846,,"Garland, TX",,,Garland,TX,,US,current_record,record_field,,https://discover.va.gov/va-locator-facility-list/
vha_549BY,Fort Worth VA Clinic,discoverva_va_locator_facility_list,549BY,va_health_facility,32.66918174,,"Fort Worth, TX",,,Fort Worth,TX,,US,current_record,record_field,,https://discover.va.gov/va-locator-facility-list/
vha_549GD,Denton VA Clinic,discoverva_va_locator_facility_list,549GD,va_health_facility,33.19124245,,"Denton, TX",,,Denton,TX,,US,current_record,record_field,,https://discover.va.gov/va-locator-facility-list/
vha_549GE,Decatur VA Clinic,discoverva_va_locator_facility_list,549GE,va_health_facility,33.23156569,,"Decatur, TX",,,Decatur,TX,,US,current_record,record_field,,https://discover.va.gov/va-locator-facility-list/
vha_549GF,Granbury VA Clinic,discoverva_va_locator_facility_list,549GF,va_health_facility,32.42518847,,"Granbury, TX",,,Granbury,TX,,US,current_record,record_field,,https://discover.va.gov/va-locator-facility-list/
vha_549GH,Greenville VA Clinic,discoverva_va_locator_facility_list,549GH,va_health_facility,33.08644832,,"Greenville, TX",,,Greenville,TX,,US,current_record,record_field,,https://discover.va.gov/va-locator-facility-list/
vha_549GJ,Sherman VA Clinic,discoverva_va_locator_facility_list,549GJ,va_health_facility,33.65396051,,"Sherman, TX",,,Sherman,TX,,US,current_record,record_field,,https://discover.va.gov/va-locator-facility-list/
vha_549GK,Polk Street VA Clinic,discoverva_va_locator_facility_list,549GK,va_health_facility,32.693472,,"Dallas, TX",,,Dallas,TX,,US,current_record,record_field,,https://discover.va.gov/va-locator-facility-list/
vha_549GL,Plano VA Clinic,discoverva_va_locator_facility_list,549GL,va_health_facility,33.01920164,,"Plano, TX",,,Plano,TX,,US,current_record,record_field,,https://discover.va.gov/va-locator-facility-list/
vha_549GM,Grand Prairie VA Clinic,discoverva_va_locator_facility_list,549GM,va_health_facility,32.734305,,"Grand Prairie, TX",,,Grand Prairie,TX,,US,current_record,record_field,,https://discover.va.gov/va-locator-facility-list/
vha_549GN,Tyler Centennial VA Clinic,discoverva_va_locator_facility_list,549GN,va_health_facility,32.244984,,"Tyler, TX",,,Tyler,TX,,US,current_record,record_field,,https://discover.va.gov/va-locator-facility-list/
vha_549HK,North Texas VA Mobile Clinic,discoverva_va_locator_facility_list,549HK,va_health_facility,32.694444,,"Dallas, TX",,,Dallas,TX,,US,current_record,record_field,,https://discover.va.gov/va-locator-facility-list/
vha_549QA,Dallas VA Clinic,discoverva_va_locator_facility_list,549QA,va_health_facility,32.68836794,,"Dallas, TX",,,Dallas,TX,,US,current_record,record_field,,https://discover.va.gov/va-locator-facility-list/
vha_549QB,Fort Worth New York VA Clinic,discoverva_va_locator_facility_list,549QB,va_health_facility,32.743026,,"Fort Worth, TX",,,Fort Worth,TX,,US,current_record,record_field,,https://discover.va.gov/va-locator-facility-list/
vha_549QC,Tyler Broadway VA Clinic,discoverva_va_locator_facility_list,549QC,va_health_facility,32.262273,,"Tyler, TX",,,Tyler,TX,,US,current_record,record_field,,https://discover.va.gov/va-locator-facility-list/
vha_550,Danville VA Medical Center,discoverva_va_locator_facility_list,550,va_health_facility,40.13173717,,"Danville, IL",,,Danville,IL,,US,current_record,record_field,,https://discover.va.gov/va-locator-facility-list/
vha_550BY,Bob Michel Department of Veterans Affairs Outpatient Clinic,discoverva_va_locator_facility_list,550BY,va_health_facility,40.78264392,,"Peoria, IL",,,Peoria,IL,,US,current_record,record_field,,https://discover.va.gov/va-locator-facility-list/
vha_550GA,Decatur VA Clinic,discoverva_va_locator_facility_list,550GA,va_health_facility,39.84820039,,"Decatur, IL",,,Decatur,IL,,US,current_record,record_field,,https://discover.va.gov/va-locator-facility-list/
vha_550GD,Springfield VA Clinic,discoverva_va_locator_facility_list,550GD,va_health_facility,39.77455468,,"Springfield, IL",,,Springfield,IL,,US,current_record,record_field,,https://discover.va.gov/va-locator-facility-list/
vha_550GF,Mattoon VA Clinic,discoverva_va_locator_facility_list,550GF,va_health_facility,39.47837434,,"Mattoon, IL",,,Mattoon,IL,,US,current_record,record_field,,https://discover.va.gov/va-locator-facility-list/
vha_550GG,Bloomington VA Clinic,discoverva_va_locator_facility_list,550GG,va_health_facility,40.45095922,,"Bloomington, IL",,,Bloomington,IL,,US,current_record,record_field,,https://discover.va.gov/va-locator-facility-list/
vha_552,Dayton VA Medical Center,discoverva_va_locator_facility_list,552,va_health_facility,39.74935073,,"Dayton, OH",,,Dayton,OH,,US,current_record,record_field,,https://discover.va.gov/va-locator-facility-list/
vha_552GA,Middletown VA Clinic,discoverva_va_locator_facility_list,552GA,va_health_facility,39.50603012,,"Middletown, OH",,,Middletown,OH,,US,current_record,record_field,,https://discover.va.gov/va-locator-facility-list/
vha_552GB,Lima VA Clinic,discoverva_va_locator_facility_list,552GB,va_health_facility,40.74138553,,"Lima, OH",,,Lima,OH,,US,current_record,record_field,,https://discover.va.gov/va-locator-facility-list/
vha_552GC,Richmond VA Clinic,discoverva_va_locator_facility_list,552GC,va_health_facility,39.84070762,,"Richmond, IN",,,Richmond,IN,,US,current_record,record_field,,https://discover.va.gov/va-locator-facility-list/
vha_552GD,Springfield VA Clinic,discoverva_va_locator_facility_list,552GD,va_health_facility,39.94281,,"Springfield, OH",,,Springfield,OH,,US,current_record,record_field,,https://discover.va.gov/va-locator-facility-list/
vha_552GF,Wright-Patterson VA Clinic,discoverva_va_locator_facility_list,552GF,va_health_facility,39.804363,,"Wright Patterson AFB, OH",,,Wright Patterson AFB,OH,,US,current_record,record_field,,https://discover.va.gov/va-locator-facility-list/
vha_553,John D. Dingell Department of Veterans Affairs Medical Center,discoverva_va_locator_facility_list,553,va_health_facility,42.355575,,"Detroit, MI",,,Detroit,MI,,US,current_record,record_field,,https://discover.va.gov/va-locator-facility-list/
vha_553GA,Yale VA Clinic,discoverva_va_locator_facility_list,553GA,va_health_facility,43.11500106,,"Yale, MI",,,Yale,MI,,US,current_record,record_field,,https://discover.va.gov/va-locator-facility-list/
vha_553GB,Pontiac VA Clinic,discoverva_va_locator_facility_list,553GB,va_health_facility,42.614451,,"Pontiac, MI",,,Pontiac,MI,,US,current_record,record_field,,https://discover.va.gov/va-locator-facility-list/
vha_553GD,Downriver VA Clinic,discoverva_va_locator_facility_list,553GD,va_health_facility,42.1545397,,"Trenton, MI",,,Trenton,MI,,US,current_record,record_field,,https://discover.va.gov/va-locator-facility-list/
vha_553QA,Piquette Street VA Clinic,discoverva_va_locator_facility_list,553QA,va_health_facility,42.36793245,,"Detroit, MI",,,Detroit,MI,,US,current_record,record_field,,https://discover.va.gov/va-locator-facility-list/
vha_554,Rocky Mountain Regional VA Medical Center,discoverva_va_locator_facility_list,554,va_health_facility,39.74450645,,"Aurora, CO",,,Aurora,CO,,US,current_record,record_field,,https://discover.va.gov/va-locator-facility-list/
vha_554A4,Pueblo VA Community Living Center,discoverva_va_locator_facility_list,,va_health_facility,38.28445242,,"Pueblo, CO",,,Pueblo,CO,,US,current_record,record_field,,https://discover.va.gov/va-locator-facility-list/
vha_554BU,Valor Point VA Domiciliary,discoverva_va_locator_facility_list,554BU,va_health_facility,39.65915123,,"Lakewood, CO",,,Lakewood,CO,,US,current_record,record_field,,https://discover.va.gov/va-locator-facility-list/
vha_554GB,Aurora VA Clinic,discoverva_va_locator_facility_list,554GB,va_health_facility,39.69671845,,"Aurora, CO",,,Aurora,CO,,US,current_record,record_field,,https://discover.va.gov/va-locator-facility-list/
vha_554GC,Golden VA Clinic,discoverva_va_locator_facility_list,554GC,va_health_facility,39.73374,,"Golden, CO",,,Golden,CO,,US,current_record,record_field,,https://discover.va.gov/va-locator-facility-list/
vha_554GD,PFC James Dunn VA Clinic,discoverva_va_locator_facility_list,554GD,va_health_facility,38.3233524,,"Pueblo, CO",,,Pueblo,CO,,US,current_record,record_field,,https://discover.va.gov/va-locator-facility-list/
vha_554GE,PFC Floyd K. Lindstrom Department of Veterans Affairs Clinic,discoverva_va_locator_facility_list,554GE,va_health_facility,38.87413544,,"Colorado Springs, CO",,,Colorado Springs,CO,,US,current_record,record_field,,https://discover.va.gov/va-locator-facility-list/
vha_554GF,Alamosa VA Clinic,discoverva_va_locator_facility_list,554GF,va_health_facility,37.47960014,,"Alamosa, CO",,,Alamosa,CO,,US,current_record,record_field,,https://discover.va.gov/va-locator-facility-list/
vha_554GG,La Junta VA Clinic,discoverva_va_locator_facility_list,554GG,va_health_facility,37.9775638,,"La Junta, CO",,,La Junta,CO,,US,current_record,record_field,,https://discover.va.gov/va-locator-facility-list/
vha_554GH,Lamar VA Clinic,discoverva_va_locator_facility_list,554GH,va_health_facility,38.07535496,,"Lamar, CO",,,Lamar,CO,,US,current_record,record_field,,https://discover.va.gov/va-locator-facility-list/
vha_554GI,Burlington VA Clinic,discoverva_va_locator_facility_list,554GI,va_health_facility,39.30092796,,"Burlington, CO",,,Burlington,CO,,US,current_record,record_field,,https://discover.va.gov/va-locator-facility-list/
vha_554GK,Union Boulevard VA Clinic,discoverva_va_locator_facility_list,554GK,va_health_facility,38.887668,,"Colorado Springs, CO",,,Colorado Springs,CO,,US,current_record,record_field,,https://discover.va.gov/va-locator-facility-list/
vha_554GM,Space Center VA Clinic,discoverva_va_locator_facility_list,554GM,va_health_facility,38.84057898,,"Colorado Springs, CO",,,Colorado Springs,CO,,US,current_record,record_field,,https://discover.va.gov/va-locator-facility-list/
vha_554QA,York Street VA Clinic,discoverva_va_locator_facility_list,554QA,va_health_facility,39.769569,,"Denver, CO",,,Denver,CO,,US,current_record,record_field,,https://discover.va.gov/va-locator-facility-list/
vha_554QB,Jewell VA Clinic,discoverva_va_locator_facility_list,554QB,va_health_facility,39.681279,,"Aurora, CO",,,Aurora,CO,,US,current_record,record_field,,https://discover.va.gov/va-locator-facility-list/
vha_554QC,Salida VA Clinic,discoverva_va_locator_facility_list,554QC,va_health_facility,38.54268569,,"Salida, CO",,,Salida,CO,,US,current_record,record_field,,https://discover.va.gov/va-locator-facility-list/
vha_554QF,Garden of the Gods VA Clinic,discoverva_va_locator_facility_list,554QF,va_health_facility,38.89647547,,"Colorado Springs, CO",,,Colorado Springs,CO,,US,current_record,record_field,,https://discover.va.gov/va-locator-facility-list/
vha_556,Captain James A. Lovell Federal Health Care Center,discoverva_va_locator_facility_list,556,va_health_facility,42.306795,,"North Chicago, IL",,,North Chicago,IL,,US,current_record,record_field,,https://discover.va.gov/va-locator-facility-list/
vha_556GA,Evanston VA Clinic,discoverva_va_locator_facility_list,556GA,va_health_facility,42.04105717,,"Evanston, IL",,,Evanston,IL,,US,current_record,record_field,,https://discover.va.gov/va-locator-facility-list/
vha_556GC,McHenry VA Clinic,discoverva_va_locator_facility_list,556GC,va_health_facility,42.32297151,,"McHenry, IL",,,McHenry,IL,,US,current_record,record_field,,https://discover.va.gov/va-locator-facility-list/
vha_556GD,Kenosha VA Clinic,discoverva_va_locator_facility_list,556GD,va_health_facility,42.555366,,"Kenosha, WI",,,Kenosha,WI,,US,current_record,record_field,,https://discover.va.gov/va-locator-facility-list/
vha_557,Carl Vinson Veterans' Administration Medical Center,discoverva_va_locator_facility_list,557,va_health_facility,32.5382436,,"Dublin, GA",,,Dublin,GA,,US,current_record,record_field,,https://discover.va.gov/va-locator-facility-list/
vha_557GA,Macon VA Clinic,discoverva_va_locator_facility_list,557GA,va_health_facility,32.83395561,,"Macon, GA",,,Macon,GA,,US,current_record,record_field,,https://discover.va.gov/va-locator-facility-list/
vha_557GB,Albany VA Clinic,discoverva_va_locator_facility_list,557GB,va_health_facility,31.55072775,,"Albany, GA",,,Albany,GA,,US,current_record,record_field,,https://discover.va.gov/va-locator-facility-list/
vha_557GC,Milledgeville VA Clinic,discoverva_va_locator_facility_list,557GC,va_health_facility,33.05029243,,"Milledgeville, GA",,,Milledgeville,GA,,US,current_record,record_field,,https://discover.va.gov/va-locator-facility-list/
vha_557GF,Tifton VA Clinic,discoverva_va_locator_facility_list,557GF,va_health_facility,31.47128228,,"Tifton, GA",,,Tifton,GA,,US,current_record,record_field,,https://discover.va.gov/va-locator-facility-list/
vha_557HA,Perry VA Clinic,discoverva_va_locator_facility_list,557HA,va_health_facility,32.45927033,,"Perry, GA",,,Perry,GA,,US,current_record,record_field,,https://discover.va.gov/va-locator-facility-list/
vha_558,Durham VA Medical Center,discoverva_va_locator_facility_list,558,va_health_facility,36.009522,,"Durham, NC",,,Durham,NC,,US,current_record,record_field,,https://discover.va.gov/va-locator-facility-list/
vha_558GA,Greenville VA Clinic,discoverva_va_locator_facility_list,558GA,va_health_facility,35.61679689,,"Greenville, NC",,,Greenville,NC,,US,current_record,record_field,,https://discover.va.gov/va-locator-facility-list/
vha_558GB,Raleigh VA Clinic,discoverva_va_locator_facility_list,558GB,va_health_facility,35.77653267,,"Raleigh, NC",,,Raleigh,NC,,US,current_record,record_field,,https://discover.va.gov/va-locator-facility-list/
vha_558GC,Morehead City VA Clinic,discoverva_va_locator_facility_list,558GC,va_health_facility,34.725789,,"Morehead City, NC",,,Morehead City,NC,,US,current_record,record_field,,https://discover.va.gov/va-locator-facility-list/
vha_558GD,Durham County VA Clinic,discoverva_va_locator_facility_list,558GD,va_health_facility,36.031464,,"Durham, NC",,,Durham,NC,,US,current_record,record_field,,https://discover.va.gov/va-locator-facility-list/
vha_558GE,Hillandale Road VA Clinic,discoverva_va_locator_facility_list,558GE,va_health_facility,36.030867,,"Durham, NC",,,Durham,NC,,US,current_record,record_field,,https://discover.va.gov/va-locator-facility-list/
vha_558GF,Wake County VA Clinic,discoverva_va_locator_facility_list,558GF,va_health_facility,35.74048006,,"Raleigh, NC",,,Raleigh,NC,,US,current_record,record_field,,https://discover.va.gov/va-locator-facility-list/
vha_558GG,Raleigh III VA Clinic,discoverva_va_locator_facility_list,558GG,va_health_facility,35.816859,,"Raleigh, NC",,,Raleigh,NC,,US,current_record,record_field,,https://discover.va.gov/va-locator-facility-list/
vha_558GH,Clayton-East Raleigh VA Clinic,discoverva_va_locator_facility_list,558GH,va_health_facility,35.655075,,"Clayton, NC",,,Clayton,NC,,US,current_record,record_field,,https://discover.va.gov/va-locator-facility-list/
vha_558GI,Croasdaile VA Clinic,discoverva_va_locator_facility_list,558GI,va_health_facility,36.02507671,,"Durham, NC",,,Durham,NC,,US,current_record,record_field,,https://discover.va.gov/va-locator-facility-list/
vha_558QA,Brier Creek VA Clinic,discoverva_va_locator_facility_list,558QA,va_health_facility,35.90258233,,"Raleigh, NC",,,Raleigh,NC,,US,current_record,record_field,,https://discover.va.gov/va-locator-facility-list/
vha_561,East Orange VA Medical Center,discoverva_va_locator_facility_list,561,va_health_facility,40.75380161,,"East Orange, NJ",,,East Orange,NJ,,US,current_record,record_field,,https://discover.va.gov/va-locator-facility-list/
vha_561A4,Lyons VA Medical Center,discoverva_va_locator_facility_list,,va_health_facility,40.66583734,,"Lyons, NJ",,,Lyons,NJ,,US,current_record,record_field,,https://discover.va.gov/va-locator-facility-list/
vha_561BZ,Toms River VA Clinic,discoverva_va_locator_facility_list,561BZ,va_health_facility,39.97096964,,"Toms River, NJ",,,Toms River,NJ,,US,current_record,record_field,,https://discover.va.gov/va-locator-facility-list/
vha_561GA,Hamilton VA Clinic,discoverva_va_locator_facility_list,561GA,va_health_facility,40.25956909,,"Hamilton, NJ",,,Hamilton,NJ,,US,current_record,record_field,,https://discover.va.gov/va-locator-facility-list/
vha_561GD,Hackensack VA Clinic,discoverva_va_locator_facility_list,561GD,va_health_facility,40.89563983,,"Hackensack, NJ",,,Hackensack,NJ,,US,current_record,record_field,,https://discover.va.gov/va-locator-facility-list/
vha_561GE,Jersey City VA Clinic,discoverva_va_locator_facility_list,561GE,va_health_facility,40.71982227,,"Jersey City, NJ",,,Jersey City,NJ,,US,current_record,record_field,,https://discover.va.gov/va-locator-facility-list/
vha_561GF,Piscataway VA Clinic,discoverva_va_locator_facility_list,561GF,va_health_facility,40.55441727,,"Piscataway, NJ",,,Piscataway,NJ,,US,current_record,record_field,,https://discover.va.gov/va-locator-facility-list/
vha_561GH,Morristown VA Clinic,discoverva_va_locator_facility_list,561GH,va_health_facility,40.83241685,,"Morristown, NJ",,,Morristown,NJ,,US,current_record,record_field,,https://discover.va.gov/va-locator-facility-list/
vha_561GI,Tinton Falls VA Clinic,discoverva_va_locator_facility_list,561GI,va_health_facility,40.32659945,,"Tinton Falls, NJ",,,Tinton Falls,NJ,,US,current_record,record_field,,https://discover.va.gov/va-locator-facility-list/
vha_561GJ,Paterson VA Clinic,discoverva_va_locator_facility_list,561GJ,va_health_facility,40.90490066,,"Paterson, NJ",,,Paterson,NJ,,US,current_record,record_field,,https://discover.va.gov/va-locator-facility-list/
vha_561GK,Sussex VA Clinic,discoverva_va_locator_facility_list,561GK,va_health_facility,41.05386939,,"Newton, NJ",,,Newton,NJ,,US,current_record,record_field,,https://discover.va.gov/va-locator-facility-list/
vha_562,Erie VA Medical Center,discoverva_va_locator_facility_list,562,va_health_facility,42.102126,,"Erie, PA",,,Erie,PA,,US,current_record,record_field,,https://discover.va.gov/va-locator-facility-list/
vha_562GA,Crawford County VA Clinic,discoverva_va_locator_facility_list,562GA,va_health_facility,41.62009813,,"Meadville, PA",,,Meadville,PA,,US,current_record,record_field,,https://discover.va.gov/va-locator-facility-list/
vha_562GB,Ashtabula County VA Clinic,discoverva_va_locator_facility_list,562GB,va_health_facility,41.88208148,,"Ashtabula, OH",,,Ashtabula,OH,,US,current_record,record_field,,https://discover.va.gov/va-locator-facility-list/
vha_562GC,McKean County VA Clinic,discoverva_va_locator_facility_list,562GC,va_health_facility,41.97953293,,"Bradford, PA",,,Bradford,PA,,US,current_record,record_field,,https://discover.va.gov/va-locator-facility-list/
vha_562GD,Venango County VA Clinic,discoverva_va_locator_facility_list,562GD,va_health_facility,41.35145143,,"Franklin, PA",,,Franklin,PA,,US,current_record,record_field,,https://discover.va.gov/va-locator-facility-list/
vha_562GE,Warren County VA Clinic,discoverva_va_locator_facility_list,562GE,va_health_facility,41.90562983,,"Warren, PA",,,Warren,PA,,US,current_record,record_field,,https://discover.va.gov/va-locator-facility-list/
vha_564,Fayetteville VA Medical Center,discoverva_va_locator_facility_list,564,va_health_facility,36.079857,,"Fayetteville, AR",,,Fayetteville,AR,,US,current_record,record_field,,https://discover.va.gov/va-locator-facility-list/
vha_564BY,Gene Taylor Veterans' Outpatient Clinic,discoverva_va_locator_facility_list,564BY,va_health_facility,37.13832886,,"Springfield, MO",,,Springfield,MO,,US,current_record,record_field,,https://discover.va.gov/va-locator-facility-list/
vha_564GA,Harrison VA Clinic,discoverva_va_locator_facility_list,564GA,va_health_facility,36.25285758,,"Harrison, AR",,,Harrison,AR,,US,current_record,record_field,,https://discover.va.gov/va-locator-facility-list/
vha_564GB,Fort Smith VA Clinic,discoverva_va_locator_facility_list,564GB,va_health_facility,35.34593477,,"Fort Smith, AR",,,Fort Smith,AR,,US,current_record,record_field,,https://discover.va.gov/va-locator-facility-list/
vha_564GC,Branson VA Clinic,discoverva_va_locator_facility_list,564GC,va_health_facility,36.66469339,,"Branson, MO",,,Branson,MO,,US,current_record,record_field,,https://discover.va.gov/va-locator-facility-list/
vha_564GD,Ozark VA Clinic,discoverva_va_locator_facility_list,564GD,va_health_facility,35.487396,,"Ozark, AR",,,Ozark,AR,,US,current_record,record_field,,https://discover.va.gov/va-locator-facility-list/
vha_564GE,Jay VA Clinic,discoverva_va_locator_facility_list,564GE,va_health_facility,36.43575476,,"Jay, OK",,,Jay,OK,,US,current_record,record_field,,https://discover.va.gov/va-locator-facility-list/
vha_564GF,Joplin VA Clinic,discoverva_va_locator_facility_list,564GF,va_health_facility,37.05637365,,"Joplin, MO",,,Joplin,MO,,US,current_record,record_field,,https://discover.va.gov/va-locator-facility-list/
vha_564QB,Sunbridge VA Clinic,discoverva_va_locator_facility_list,564QB,va_health_facility,36.09795804,,"Fayetteville, AR",,,Fayetteville,AR,,US,current_record,record_field,,https://discover.va.gov/va-locator-facility-list/
vha_565,Fayetteville VA Medical Center,discoverva_va_locator_facility_list,565,va_health_facility,35.088003,,"Fayetteville, NC",,,Fayetteville,NC,,US,current_record,record_field,,https://discover.va.gov/va-locator-facility-list/
vha_565GA,Jacksonville VA Clinic,discoverva_va_locator_facility_list,565GA,va_health_facility,34.7949844,,"Jacksonville, NC",,,Jacksonville,NC,,US,current_record,record_field,,https://discover.va.gov/va-locator-facility-list/
vha_565GC,Wilmington VA Clinic,discoverva_va_locator_facility_list,565GC,va_health_facility,34.2687349,,"Wilmington, NC",,,Wilmington,NC,,US,current_record,record_field,,https://discover.va.gov/va-locator-facility-list/
vha_565GD,Hamlet VA Clinic,discoverva_va_locator_facility_list,565GD,va_health_facility,34.88532212,,"Hamlet, NC",,,Hamlet,NC,,US,current_record,record_field,,https://discover.va.gov/va-locator-facility-list/
vha_565GE,Robeson County VA Clinic,discoverva_va_locator_facility_list,565GE,va_health_facility,34.64722382,,"Pembroke, NC",,,Pembroke,NC,,US,current_record,record_field,,https://discover.va.gov/va-locator-facility-list/
vha_565GF,Goldsboro VA Clinic,discoverva_va_locator_facility_list,565GF,va_health_facility,35.40375566,,"Goldsboro, NC",,,Goldsboro,NC,,US,current_record,record_field,,https://discover.va.gov/va-locator-facility-list/
vha_565GG,Lee County VA Clinic,discoverva_va_locator_facility_list,565GG,va_health_facility,35.43817906,,"Sanford, NC",,,Sanford,NC,,US,current_record,record_field,,https://discover.va.gov/va-locator-facility-list/
vha_565GH,Brunswick County VA Clinic,discoverva_va_locator_facility_list,565GH,va_health_facility,34.007499,,"Supply, NC",,,Supply,NC,,US,current_record,record_field,,https://discover.va.gov/va-locator-facility-list/
vha_565GJ,Jacksonville 2 VA Clinic,discoverva_va_locator_facility_list,565GJ,va_health_facility,34.74941262,,"Jacksonville, NC",,,Jacksonville,NC,,US,current_record,record_field,,https://discover.va.gov/va-locator-facility-list/
vha_565GL,Cumberland County VA Clinic,discoverva_va_locator_facility_list,565GL,va_health_facility,35.03345885,,"Fayetteville, NC",,,Fayetteville,NC,,US,current_record,record_field,,https://discover.va.gov/va-locator-facility-list/
vha_565GM,Jacksonville 3 VA Clinic,discoverva_va_locator_facility_list,565GM,va_health_facility,34.76480054,,"Jacksonville, NC",,,Jacksonville,NC,,US,current_record,record_field,,https://discover.va.gov/va-locator-facility-list/
vha_565GN,Jacksonville 4 VA Clinic,discoverva_va_locator_facility_list,565GN,va_health_facility,34.78846992,,"Jacksonville, NC",,,Jacksonville,NC,,US,current_record,record_field,,https://discover.va.gov/va-locator-facility-list/
vha_565GO,Johnson Air Force Base VA Clinic,discoverva_va_locator_facility_list,565GO,va_health_facility,35.36069885,,"Goldsboro, NC",,,Goldsboro,NC,,US,current_record,record_field,,https://discover.va.gov/va-locator-facility-list/
vha_565QA,Robeson Street VA Clinic,discoverva_va_locator_facility_list,565QA,va_health_facility,35.04327073,,"Fayetteville, NC",,,Fayetteville,NC,,US,current_record,record_field,,https://discover.va.gov/va-locator-facility-list/
vha_565QD,Raeford Road VA Clinic,discoverva_va_locator_facility_list,565QD,va_health_facility,35.04374142,,"Fayetteville, NC",,,Fayetteville,NC,,US,current_record,record_field,,https://discover.va.gov/va-locator-facility-list/
vha_565QE,Womack VA Clinic,discoverva_va_locator_facility_list,565QE,va_health_facility,35.15199065,,"Fort Bragg, NC",,,Fort Bragg,NC,,US,current_record,record_field,,https://discover.va.gov/va-locator-facility-list/
vha_568,Fort Meade VA Medical Center,discoverva_va_locator_facility_list,568,va_health_facility,44.41252355,,"Fort Meade, SD",,,Fort Meade,SD,,US,current_record,record_field,,https://discover.va.gov/va-locator-facility-list/
vha_568A4,Hot Springs VA Medical Center,discoverva_va_locator_facility_list,,va_health_facility,43.43748086,,"Hot Springs, SD",,,Hot Springs,SD,,US,current_record,record_field,,https://discover.va.gov/va-locator-facility-list/
vha_568GA,Rapid City VA Clinic,discoverva_va_locator_facility_list,568GA,va_health_facility,44.02413434,,"Rapid City, SD",,,Rapid City,SD,,US,current_record,record_field,,https://discover.va.gov/va-locator-facility-list/
vha_568GB,Pierre VA Clinic,discoverva_va_locator_facility_list,568GB,va_health_facility,44.37801306,,"Pierre, SD",,,Pierre,SD,,US,current_record,record_field,,https://discover.va.gov/va-locator-facility-list/
vha_568HA,Newcastle VA Clinic,discoverva_va_locator_facility_list,568HA,va_health_facility,43.84882548,,"Newcastle, WY",,,Newcastle,WY,,US,current_record,record_field,,https://discover.va.gov/va-locator-facility-list/
vha_568HB,Gordon VA Clinic,discoverva_va_locator_facility_list,568HB,va_health_facility,42.81186952,,"Gordon, NE",,,Gordon,NE,,US,current_record,record_field,,https://discover.va.gov/va-locator-facility-list/
vha_568HF,Pine Ridge VA Clinic,discoverva_va_locator_facility_list,568HF,va_health_facility,43.104985,,"Pine Ridge, SD",,,Pine Ridge,SD,,US,current_record,record_field,,https://discover.va.gov/va-locator-facility-list/
vha_568HH,Scottsbluff VA Clinic,discoverva_va_locator_facility_list,568HH,va_health_facility,41.85340981,,"Scottsbluff, NE",,,Scottsbluff,NE,,US,current_record,record_field,,https://discover.va.gov/va-locator-facility-list/
vha_568HK,Cheyenne River VA Clinic,discoverva_va_locator_facility_list,568HK,va_health_facility,44.993592,,"Eagle Butte, SD",,,Eagle Butte,SD,,US,current_record,record_field,,https://discover.va.gov/va-locator-facility-list/
vha_568HP,Winner VA Clinic,discoverva_va_locator_facility_list,568HP,va_health_facility,43.37664983,,"Winner, SD",,,Winner,SD,,US,current_record,record_field,,https://discover.va.gov/va-locator-facility-list/
vha_568QA,Fort Yates VA Clinic,discoverva_va_locator_facility_list,568QA,va_health_facility,46.08849942,,"Fort Yates, ND",,,Fort Yates,ND,,US,current_record,record_field,,https://discover.va.gov/va-locator-facility-list/
vha_570,Fresno VA Medical Center,discoverva_va_locator_facility_list,570,va_health_facility,36.773487,,"Fresno, CA",,,Fresno,CA,,US,current_record,record_field,,https://discover.va.gov/va-locator-facility-list/
vha_570GA,Merced VA Clinic,discoverva_va_locator_facility_list,570GA,va_health_facility,37.330848,,"Merced, CA",,,Merced,CA,,US,current_record,record_field,,https://discover.va.gov/va-locator-facility-list/
vha_570GB,Visalia VA Clinic,discoverva_va_locator_facility_list,570GB,va_health_facility,36.334053,,"Visalia, CA",,,Visalia,CA,,US,current_record,record_field,,https://discover.va.gov/va-locator-facility-list/
vha_570GC,Oakhurst VA Clinic,discoverva_va_locator_facility_list,570GC,va_health_facility,37.33850042,,"Oakhurst, CA",,,Oakhurst,CA,,US,current_record,record_field,,https://discover.va.gov/va-locator-facility-list/
vha_573,Malcom Randall Department of Veterans Affairs Medical Center,discoverva_va_locator_facility_list,573,va_health_facility,29.63851539,,"Gainesville, FL",,,Gainesville,FL,,US,current_record,record_field,,https://discover.va.gov/va-locator-facility-list/
vha_573A4,Lake City VA Medical Center,discoverva_va_locator_facility_list,,va_health_facility,30.18176793,,"Lake City, FL",,,Lake City,FL,,US,current_record,record_field,,https://discover.va.gov/va-locator-facility-list/
vha_573BU,Gainesville VA Domiciliary,discoverva_va_locator_facility_list,573BU,va_health_facility,29.64918346,,"Gainesville, FL",,,Gainesville,FL,,US,current_record,record_field,,https://discover.va.gov/va-locator-facility-list/
vha_573BY,Jacksonville 1 VA Clinic,discoverva_va_locator_facility_list,573BY,va_health_facility,30.342492,,"Jacksonville, FL",,,Jacksonville,FL,,US,current_record,record_field,,https://discover.va.gov/va-locator-facility-list/
vha_573GA,Valdosta VA Clinic,discoverva_va_locator_facility_list,573GA,va_health_facility,30.82691528,,"Valdosta, GA",,,Valdosta,GA,,US,current_record,record_field,,https://discover.va.gov/va-locator-facility-list/
vha_573GD,Ocala VA Clinic,discoverva_va_locator_facility_list,573GD,va_health_facility,29.13560459,,"Ocala, FL",,,Ocala,FL,,US,current_record,record_field,,https://discover.va.gov/va-locator-facility-list/
vha_573GE,Leo C. Chase Jr. VA Clinic,discoverva_va_locator_facility_list,573GE,va_health_facility,29.85946023,,"Saint Augustine, FL",,,Saint Augustine,FL,,US,current_record,record_field,,https://discover.va.gov/va-locator-facility-list/
vha_573GF,"Sergeant Ernest I. ""Boots"" Thomas VA Clinic",discoverva_va_locator_facility_list,573GF,va_health_facility,30.409992,,"Tallahassee, FL",,,Tallahassee,FL,,US,current_record,record_field,,https://discover.va.gov/va-locator-facility-list/
vha_573GI,The Villages VA Clinic,discoverva_va_locator_facility_list,573GI,va_health_facility,28.98114654,,"The Villages, FL",,,The Villages,FL,,US,current_record,record_field,,https://discover.va.gov/va-locator-facility-list/
vha_573GJ,St. Marys VA Clinic,discoverva_va_locator_facility_list,573GJ,va_health_facility,30.75139094,,"St. Marys, GA",,,St. Marys,GA,,US,current_record,record_field,,https://discover.va.gov/va-locator-facility-list/
vha_573GK,Marianna VA Clinic,discoverva_va_locator_facility_list,573GK,va_health_facility,30.74720411,,"Marianna, FL",,,Marianna,FL,,US,current_record,record_field,,https://discover.va.gov/va-locator-facility-list/
vha_573GL,Palatka VA Clinic,discoverva_va_locator_facility_list,573GL,va_health_facility,29.65300655,,"Palatka, FL",,,Palatka,FL,,US,current_record,record_field,,https://discover.va.gov/va-locator-facility-list/
vha_573GM,Waycross VA Clinic,discoverva_va_locator_facility_list,573GM,va_health_facility,31.21409831,,"Waycross, GA",,,Waycross,GA,,US,current_record,record_field,,https://discover.va.gov/va-locator-facility-list/
vha_573GN,Perry VA Clinic,discoverva_va_locator_facility_list,573GN,va_health_facility,30.12785145,,"Perry, FL",,,Perry,FL,,US,current_record,record_field,,https://discover.va.gov/va-locator-facility-list/
vha_573GO,A.K. Baker VA Clinic,discoverva_va_locator_facility_list,573GO,va_health_facility,30.110256,,"Middleburg, FL",,,Middleburg,FL,,US,current_record,record_field,,https://discover.va.gov/va-locator-facility-list/
vha_573QB,Gainesville Ninety-Eighth Street VA Clinic,discoverva_va_locator_facility_list,573QB,va_health_facility,29.68464041,,"Gainesville, FL",,,Gainesville,FL,,US,current_record,record_field,,https://discover.va.gov/va-locator-facility-list/
vha_573QC,Gainesville Sixty-Fourth Street 1 VA Clinic,discoverva_va_locator_facility_list,573QC,va_health_facility,29.60372771,,"Gainesville, FL",,,Gainesville,FL,,US,current_record,record_field,,https://discover.va.gov/va-locator-facility-list/
vha_573QD,Gainesville Sixty-Fourth Street 2 VA Clinic,discoverva_va_locator_facility_list,573QD,va_health_facility,29.60332287,,"Gainesville, FL",,,Gainesville,FL,,US,current_record,record_field,,https://discover.va.gov/va-locator-facility-list/
vha_573QE,Gainesville Sixty-Fourth Street 3 VA Clinic,discoverva_va_locator_facility_list,573QE,va_health_facility,29.60276599,,"Gainesville, FL",,,Gainesville,FL,,US,current_record,record_field,,https://discover.va.gov/va-locator-facility-list/
vha_573QF,Gainesville 1 VA Clinic,discoverva_va_locator_facility_list,573QF,va_health_facility,29.601482,,"Gainesville, FL",,,Gainesville,FL,,US,current_record,record_field,,https://discover.va.gov/va-locator-facility-list/
vha_573QG,Jacksonville North VA Clinic,discoverva_va_locator_facility_list,573QG,va_health_facility,30.49097986,,"Jacksonville, FL",,,Jacksonville,FL,,US,current_record,record_field,,https://discover.va.gov/va-locator-facility-list/
vha_573QH,Ocala West VA Clinic,discoverva_va_locator_facility_list,573QH,va_health_facility,29.15417585,,"Ocala, FL",,,Ocala,FL,,US,current_record,record_field,,https://discover.va.gov/va-locator-facility-list/
vha_573QJ,Jacksonville 2 VA Clinic,discoverva_va_locator_facility_list,573QJ,va_health_facility,30.284253,,"Jacksonville, FL",,,Jacksonville,FL,,US,current_record,record_field,,https://discover.va.gov/va-locator-facility-list/
vha_573QK,Lake City VA Clinic,discoverva_va_locator_facility_list,573QK,va_health_facility,30.17503364,,"Lake City, FL",,,Lake City,FL,,US,current_record,record_field,,https://discover.va.gov/va-locator-facility-list/
vha_573QL,Gainesville VA Clinic,discoverva_va_locator_facility_list,573QL,va_health_facility,29.60049667,,"Gainesville, FL",,,Gainesville,FL,,US,current_record,record_field,,https://discover.va.gov/va-locator-facility-list/
vha_575,Grand Junction VA Medical Center,discoverva_va_locator_facility_list,575,va_health_facility,39.07727653,,"Grand Junction, CO",,,Grand Junction,CO,,US,current_record,record_field,,https://discover.va.gov/va-locator-facility-list/
vha_575GA,Montrose VA Clinic,discoverva_va_locator_facility_list,575GA,va_health_facility,38.47066582,,"Montrose, CO",,,Montrose,CO,,US,current_record,record_field,,https://discover.va.gov/va-locator-facility-list/
vha_575GB,Major William Edward Adams Department of Veterans Affairs Clinic,discoverva_va_locator_facility_list,575GB,va_health_facility,40.51418847,,"Craig, CO",,,Craig,CO,,US,current_record,record_field,,https://discover.va.gov/va-locator-facility-list/
vha_575QA,Glenwood Springs VA Clinic,discoverva_va_locator_facility_list,575QA,va_health_facility,39.52783063,,"Glenwood Springs, CO",,,Glenwood Springs,CO,,US,current_record,record_field,,https://discover.va.gov/va-locator-facility-list/
vha_575QB,Moab VA Clinic,discoverva_va_locator_facility_list,575QB,va_health_facility,38.56251401,,"Moab, UT",,,Moab,UT,,US,current_record,record_field,,https://discover.va.gov/va-locator-facility-list/
vha_575QC,Grand Junction VA Mobile Clinic,discoverva_va_locator_facility_list,575QC,va_health_facility,39.07727653,,"Grand Junction, CO",,,Grand Junction,CO,,US,current_record,record_field,,https://discover.va.gov/va-locator-facility-list/
vha_578,Edward Hines Junior Hospital,discoverva_va_locator_facility_list,578,va_health_facility,41.851467,,"Hines, IL",,,Hines,IL,,US,current_record,record_field,,https://discover.va.gov/va-locator-facility-list/
vha_578GA,Joliet VA Clinic,discoverva_va_locator_facility_list,578GA,va_health_facility,41.53522811,,"Joliet, IL",,,Joliet,IL,,US,current_record,record_field,,https://discover.va.gov/va-locator-facility-list/
vha_578GC,Kankakee County VA Clinic,discoverva_va_locator_facility_list,578GC,va_health_facility,41.16267145,,"Bourbonnais, IL",,,Bourbonnais,IL,,US,current_record,record_field,,https://discover.va.gov/va-locator-facility-list/
vha_578GD,Aurora VA Clinic,discoverva_va_locator_facility_list,578GD,va_health_facility,41.80014893,,"North Aurora, IL",,,North Aurora,IL,,US,current_record,record_field,,https://discover.va.gov/va-locator-facility-list/
vha_578GE,Hoffman Estates VA Clinic,discoverva_va_locator_facility_list,578GE,va_health_facility,42.06805316,,"Hoffman Estates, IL",,,Hoffman Estates,IL,,US,current_record,record_field,,https://discover.va.gov/va-locator-facility-list/
vha_578GF,LaSalle VA Clinic,discoverva_va_locator_facility_list,578GF,va_health_facility,41.35847234,,"Peru, IL",,,Peru,IL,,US,current_record,record_field,,https://discover.va.gov/va-locator-facility-list/
vha_578GG,Oak Lawn VA Clinic,discoverva_va_locator_facility_list,578GG,va_health_facility,41.70741335,,"Oak Lawn, IL",,,Oak Lawn,IL,,US,current_record,record_field,,https://discover.va.gov/va-locator-facility-list/
vha_580,Michael E. DeBakey Department of Veterans Affairs Medical Center,discoverva_va_locator_facility_list,580,va_health_facility,29.706138,,"Houston, TX",,,Houston,TX,,US,current_record,record_field,,https://discover.va.gov/va-locator-facility-list/
vha_580BY,Beaumont VA Clinic,discoverva_va_locator_facility_list,580BY,va_health_facility,30.07769043,,"Beaumont, TX",,,Beaumont,TX,,US,current_record,record_field,,https://discover.va.gov/va-locator-facility-list/
vha_580BZ,Charles Wilson Department of Veterans Affairs Outpatient Clinic,discoverva_va_locator_facility_list,580BZ,va_health_facility,31.3570715,,"Lufkin, TX",,,Lufkin,TX,,US,current_record,record_field,,https://discover.va.gov/va-locator-facility-list/
vha_580GC,Galveston County VA Clinic,discoverva_va_locator_facility_list,580GC,va_health_facility,29.29102744,,"Galveston, TX",,,Galveston,TX,,US,current_record,record_field,,https://discover.va.gov/va-locator-facility-list/
vha_580GD,Conroe VA Clinic,discoverva_va_locator_facility_list,580GD,va_health_facility,30.282597,,"Conroe, TX",,,Conroe,TX,,US,current_record,record_field,,https://discover.va.gov/va-locator-facility-list/
vha_580GE,Katy VA Clinic,discoverva_va_locator_facility_list,580GE,va_health_facility,29.776905,,"Katy, TX",,,Katy,TX,,US,current_record,record_field,,https://discover.va.gov/va-locator-facility-list/
vha_580GF,Lake Jackson VA Clinic,discoverva_va_locator_facility_list,580GF,va_health_facility,29.031741,,"Lake Jackson, TX",,,Lake Jackson,TX,,US,current_record,record_field,,https://discover.va.gov/va-locator-facility-list/
vha_580GG,Richmond VA Clinic,discoverva_va_locator_facility_list,580GG,va_health_facility,29.555523,,"Richmond, TX",,,Richmond,TX,,US,current_record,record_field,,https://discover.va.gov/va-locator-facility-list/
vha_580GH,Tomball VA Clinic,discoverva_va_locator_facility_list,580GH,va_health_facility,30.092544,,"Tomball, TX",,,Tomball,TX,,US,current_record,record_field,,https://discover.va.gov/va-locator-facility-list/
vha_580GJ,Texas City VA Clinic,discoverva_va_locator_facility_list,580GJ,va_health_facility,29.40042519,,"Texas City, TX",,,Texas City,TX,,US,current_record,record_field,,https://discover.va.gov/va-locator-facility-list/
vha_580GK,Kingwood VA Clinic,discoverva_va_locator_facility_list,580GK,va_health_facility,30.00398458,,"Humble, TX",,,Humble,TX,,US,current_record,record_field,,https://discover.va.gov/va-locator-facility-list/
vha_580GL,Sugar Land VA Clinic,discoverva_va_locator_facility_list,580GL,va_health_facility,29.60479972,,"Sugar Land, TX",,,Sugar Land,TX,,US,current_record,record_field,,https://discover.va.gov/va-locator-facility-list/
vha_580QE,Houston Webster VA Clinic,discoverva_va_locator_facility_list,580QE,va_health_facility,29.74417766,,"Houston, TX",,,Houston,TX,,US,current_record,record_field,,https://discover.va.gov/va-locator-facility-list/
vha_581,"Hershel ""Woody"" Williams VA Medical Center",discoverva_va_locator_facility_list,581,va_health_facility,38.37718073,,"Huntington, WV",,,Huntington,WV,,US,current_record,record_field,,https://discover.va.gov/va-locator-facility-list/
vha_581GA,Prestonsburg VA Clinic,discoverva_va_locator_facility_list,581GA,va_health_facility,37.72894355,,"Prestonsburg, KY",,,Prestonsburg,KY,,US,current_record,record_field,,https://discover.va.gov/va-locator-facility-list/
vha_581GB,Charleston VA Clinic,discoverva_va_locator_facility_list,581GB,va_health_facility,38.29554845,,"South Charleston, WV",,,South Charleston,WV,,US,current_record,record_field,,https://discover.va.gov/va-locator-facility-list/
vha_581GG,Gallipolis VA Clinic,discoverva_va_locator_facility_list,581GG,va_health_facility,38.8356771,,"Gallipolis, OH",,,Gallipolis,OH,,US,current_record,record_field,,https://discover.va.gov/va-locator-facility-list/
vha_581GH,Lenore VA Clinic,discoverva_va_locator_facility_list,581GH,va_health_facility,37.78386099,,"Williamson, WV",,,Williamson,WV,,US,current_record,record_field,,https://discover.va.gov/va-locator-facility-list/
vha_581QA,Huntington Ninth Street VA Clinic,discoverva_va_locator_facility_list,581QA,va_health_facility,38.41709868,,"Huntington, WV",,,Huntington,WV,,US,current_record,record_field,,https://discover.va.gov/va-locator-facility-list/
vha_581QB,Huntington VA Mobile Clinic,discoverva_va_locator_facility_list,581QB,va_health_facility,38.37718073,,"Huntington, WV",,,Huntington,WV,,US,current_record,record_field,,https://discover.va.gov/va-locator-facility-list/
vha_583,Richard L. Roudebush Veterans' Administration Medical Center,discoverva_va_locator_facility_list,583,va_health_facility,39.777426,,"Indianapolis, IN",,,Indianapolis,IN,,US,current_record,record_field,,https://discover.va.gov/va-locator-facility-list/
vha_583GA,Terre Haute VA Clinic,discoverva_va_locator_facility_list,583GA,va_health_facility,39.43793774,,"Terre Haute, IN",,,Terre Haute,IN,,US,current_record,record_field,,https://discover.va.gov/va-locator-facility-list/
vha_583GB,Bloomington VA Clinic,discoverva_va_locator_facility_list,583GB,va_health_facility,39.14599502,,"Bloomington, IN",,,Bloomington,IN,,US,current_record,record_field,,https://discover.va.gov/va-locator-facility-list/
vha_583GC,Martinsville VA Clinic,discoverva_va_locator_facility_list,583GC,va_health_facility,39.42496714,,"Martinsville, IN",,,Martinsville,IN,,US,current_record,record_field,,https://discover.va.gov/va-locator-facility-list/
vha_583GD,Brownsburg VA Clinic,discoverva_va_locator_facility_list,583GD,va_health_facility,39.84806093,,"Brownsburg, IN",,,Brownsburg,IN,,US,current_record,record_field,,https://discover.va.gov/va-locator-facility-list/
vha_583GE,Lafayette VA Clinic,discoverva_va_locator_facility_list,583GE,va_health_facility,40.40489628,,"Lafayette, IN",,,Lafayette,IN,,US,current_record,record_field,,https://discover.va.gov/va-locator-facility-list/
vha_583GF,Wakeman VA Clinic,discoverva_va_locator_facility_list,583GF,va_health_facility,39.36362617,,"Edinburgh, IN",,,Edinburgh,IN,,US,current_record,record_field,,https://discover.va.gov/va-locator-facility-list/
vha_583GG,Shelbyville VA Clinic,discoverva_va_locator_facility_list,583GG,va_health_facility,39.5573715,,"Shelbyville, IN",,,Shelbyville,IN,,US,current_record,record_field,,https://discover.va.gov/va-locator-facility-list/
vha_583QA,Monroe County VA Clinic,discoverva_va_locator_facility_list,583QA,va_health_facility,39.1610825,,"Bloomington, IN",,,Bloomington,IN,,US,current_record,record_field,,https://discover.va.gov/va-locator-facility-list/
vha_583QB,Indianapolis VA Clinic,discoverva_va_locator_facility_list,583QB,va_health_facility,39.777318,,"Indianapolis, IN",,,Indianapolis,IN,,US,current_record,record_field,,https://discover.va.gov/va-locator-facility-list/
vha_583QD,Indianapolis YMCA VA Clinic,discoverva_va_locator_facility_list,583QD,va_health_facility,39.84771198,,"Indianapolis, IN",,,Indianapolis,IN,,US,current_record,record_field,,https://discover.va.gov/va-locator-facility-list/
vha_583QE,Cold Spring Road VA Clinic,discoverva_va_locator_facility_list,583QE,va_health_facility,39.804714,,"Indianapolis, IN",,,Indianapolis,IN,,US,current_record,record_field,,https://discover.va.gov/va-locator-facility-list/
vha_585,Oscar G. Johnson Department of Veterans Affairs Medical Facility,discoverva_va_locator_facility_list,585,va_health_facility,45.81002,,"Iron Mountain, MI",,,Iron Mountain,MI,,US,current_record,record_field,,https://discover.va.gov/va-locator-facility-list/
vha_585GA,Hancock VA Clinic,discoverva_va_locator_facility_list,585GA,va_health_facility,47.13126744,,"Hancock, MI",,,Hancock,MI,,US,current_record,record_field,,https://discover.va.gov/va-locator-facility-list/
vha_585GB,Rhinelander VA Clinic,discoverva_va_locator_facility_list,585GB,va_health_facility,45.63213345,,"Rhinelander, WI",,,Rhinelander,WI,,US,current_record,record_field,,https://discover.va.gov/va-locator-facility-list/
vha_585GC,Menominee VA Clinic,discoverva_va_locator_facility_list,585GC,va_health_facility,45.10789419,,"Menominee, MI",,,Menominee,MI,,US,current_record,record_field,,https://discover.va.gov/va-locator-facility-list/
vha_585GD,Ironwood VA Clinic,discoverva_va_locator_facility_list,585GD,va_health_facility,46.46335549,,"Ironwood, MI",,,Ironwood,MI,,US,current_record,record_field,,https://discover.va.gov/va-locator-facility-list/
vha_585GF,Manistique VA Clinic,discoverva_va_locator_facility_list,585GF,va_health_facility,45.94867596,,"Manistique, MI",,,Manistique,MI,,US,current_record,record_field,,https://discover.va.gov/va-locator-facility-list/
vha_585GG,Gladstone VA Clinic,discoverva_va_locator_facility_list,585GG,va_health_facility,45.83816837,,"Gladstone, MI",,,Gladstone,MI,,US,current_record,record_field,,https://discover.va.gov/va-locator-facility-list/
vha_585HA,Marquette VA Clinic,discoverva_va_locator_facility_list,585HA,va_health_facility,46.55683647,,"Marquette, MI",,,Marquette,MI,,US,current_record,record_field,,https://discover.va.gov/va-locator-facility-list/
vha_585HB,Sault Saint Marie VA Clinic,discoverva_va_locator_facility_list,585HB,va_health_facility,46.46776656,,"Sault Saint Marie, MI",,,Sault Saint Marie,MI,,US,current_record,record_field,,https://discover.va.gov/va-locator-facility-list/
vha_586,G.V. (Sonny) Montgomery Department of Veterans Affairs Medical Center,discoverva_va_locator_facility_list,586,va_health_facility,32.327541,,"Jackson, MS",,,Jackson,MS,,US,current_record,record_field,,https://discover.va.gov/va-locator-facility-list/
vha_586GA,Kosciusko VA Clinic,discoverva_va_locator_facility_list,586GA,va_health_facility,33.05943904,,"Kosciusko, MS",,,Kosciusko,MS,,US,current_record,record_field,,https://discover.va.gov/va-locator-facility-list/
vha_586GB,Meridian VA Clinic,discoverva_va_locator_facility_list,586GB,va_health_facility,32.36985654,,"Meridian, MS",,,Meridian,MS,,US,current_record,record_field,,https://discover.va.gov/va-locator-facility-list/
vha_586GC,Greenville VA Clinic,discoverva_va_locator_facility_list,586GC,va_health_facility,33.37499869,,"Greenville, MS",,,Greenville,MS,,US,current_record,record_field,,https://discover.va.gov/va-locator-facility-list/
vha_586GD,Hattiesburg VA Clinic,discoverva_va_locator_facility_list,586GD,va_health_facility,31.326192,,"Hattiesburg, MS",,,Hattiesburg,MS,,US,current_record,record_field,,https://discover.va.gov/va-locator-facility-list/
vha_586GE,Natchez VA Clinic,discoverva_va_locator_facility_list,586GE,va_health_facility,31.5647657,,"Natchez, MS",,,Natchez,MS,,US,current_record,record_field,,https://discover.va.gov/va-locator-facility-list/
vha_586GF,Columbus VA Clinic,discoverva_va_locator_facility_list,586GF,va_health_facility,33.49327447,,"Columbus, MS",,,Columbus,MS,,US,current_record,record_field,,https://discover.va.gov/va-locator-facility-list/
vha_586GG,McComb VA Clinic,discoverva_va_locator_facility_list,586GG,va_health_facility,31.24942349,,"McComb, MS",,,McComb,MS,,US,current_record,record_field,,https://discover.va.gov/va-locator-facility-list/
vha_586QB,Dogwood View Parkway VA Clinic,discoverva_va_locator_facility_list,586QB,va_health_facility,32.39940987,,"Jackson, MS",,,Jackson,MS,,US,current_record,record_field,,https://discover.va.gov/va-locator-facility-list/
vha_589,Kansas City VA Medical Center,discoverva_va_locator_facility_list,589,va_health_facility,39.063357,,"Kansas City, MO",,,Kansas City,MO,,US,current_record,record_field,,https://discover.va.gov/va-locator-facility-list/
vha_589A4,Harry S. Truman Memorial Veterans' Hospital,discoverva_va_locator_facility_list,,va_health_facility,38.936817,,"Columbia, MO",,,Columbia,MO,,US,current_record,record_field,,https://discover.va.gov/va-locator-facility-list/
vha_589A5,Colmery-O'Neil Veterans' Administration Medical Center,discoverva_va_locator_facility_list,,va_health_facility,39.0273447,,"Topeka, KS",,,Topeka,KS,,US,current_record,record_field,,https://discover.va.gov/va-locator-facility-list/
vha_589A6,Dwight D. Eisenhower Department of Veterans Affairs Medical Center,discoverva_va_locator_facility_list,,va_health_facility,39.277129,,"Leavenworth, KS",,,Leavenworth,KS,,US,current_record,record_field,,https://discover.va.gov/va-locator-facility-list/
vha_589A7,Robert J. Dole Department of Veterans Affairs Medical and Regional Office Center,discoverva_va_locator_facility_list,,va_health_facility,37.681686,,"Wichita, KS",,,Wichita,KS,,US,current_record,record_field,,https://discover.va.gov/va-locator-facility-list/
vha_589G1,Warrensburg VA Clinic,discoverva_va_locator_facility_list,,va_health_facility,38.77211585,,"Warrensburg, MO",,,Warrensburg,MO,,US,current_record,record_field,,https://discover.va.gov/va-locator-facility-list/
vha_589G2,Dodge City VA Clinic,discoverva_va_locator_facility_list,,va_health_facility,37.77857097,,"Dodge City, KS",,,Dodge City,KS,,US,current_record,record_field,,https://discover.va.gov/va-locator-facility-list/
vha_589G4,Hays VA Clinic,discoverva_va_locator_facility_list,,va_health_facility,38.90080066,,"Hays, KS",,,Hays,KS,,US,current_record,record_field,,https://discover.va.gov/va-locator-facility-list/
vha_589G5,Parsons VA Clinic,discoverva_va_locator_facility_list,,va_health_facility,37.3658595,,"Parsons, KS",,,Parsons,KS,,US,current_record,record_field,,https://discover.va.gov/va-locator-facility-list/
vha_589G7,Hutchinson VA Clinic,discoverva_va_locator_facility_list,,va_health_facility,38.08650553,,"Hutchinson, KS",,,Hutchinson,KS,,US,current_record,record_field,,https://discover.va.gov/va-locator-facility-list/
vha_589G8,Jefferson City VA Clinic,discoverva_va_locator_facility_list,,va_health_facility,38.56901059,,"Jefferson City, MO",,,Jefferson City,MO,,US,current_record,record_field,,https://discover.va.gov/va-locator-facility-list/
vha_589GB,Belton VA Clinic,discoverva_va_locator_facility_list,589GB,va_health_facility,38.81066816,,"Belton, MO",,,Belton,MO,,US,current_record,record_field,,https://discover.va.gov/va-locator-facility-list/
vha_589GC,Paola VA Clinic,discoverva_va_locator_facility_list,589GC,va_health_facility,38.56664658,,"Paola, KS",,,Paola,KS,,US,current_record,record_field,,https://discover.va.gov/va-locator-facility-list/
vha_589GD,Nevada VA Clinic,discoverva_va_locator_facility_list,589GD,va_health_facility,37.83685447,,"Nevada, MO",,,Nevada,MO,,US,current_record,record_field,,https://discover.va.gov/va-locator-facility-list/
vha_589GE,Kirksville VA Clinic,discoverva_va_locator_facility_list,589GE,va_health_facility,40.2090145,,"Kirksville, MO",,,Kirksville,MO,,US,current_record,record_field,,https://discover.va.gov/va-locator-facility-list/
vha_589GF,Waynesville VA Clinic,discoverva_va_locator_facility_list,589GF,va_health_facility,37.80950049,,"Waynesville, MO",,,Waynesville,MO,,US,current_record,record_field,,https://discover.va.gov/va-locator-facility-list/
vha_589GH,Camdenton VA Clinic,discoverva_va_locator_facility_list,589GH,va_health_facility,38.00069767,,"Camdenton, MO",,,Camdenton,MO,,US,current_record,record_field,,https://discover.va.gov/va-locator-facility-list/
vha_589GI,St. Joseph VA Clinic,discoverva_va_locator_facility_list,589GI,va_health_facility,39.81145401,,"St. Joseph, MO",,,St. Joseph,MO,,US,current_record,record_field,,https://discover.va.gov/va-locator-facility-list/
vha_589GJ,Captain Elwin Shopteese VA Clinic,discoverva_va_locator_facility_list,589GJ,va_health_facility,39.12856354,,"Kansas City, KS",,,Kansas City,KS,,US,current_record,record_field,,https://discover.va.gov/va-locator-facility-list/
vha_589GR,Lieutenant General Richard J. Seitz Community-Based Outpatient Clinic,discoverva_va_locator_facility_list,589GR,va_health_facility,39.01022006,,"Junction City, KS",,,Junction City,KS,,US,current_record,record_field,,https://discover.va.gov/va-locator-facility-list/
vha_589GU,Lawrence VA Clinic,discoverva_va_locator_facility_list,589GU,va_health_facility,38.96012539,,"Lawrence, KS",,,Lawrence,KS,,US,current_record,record_field,,https://discover.va.gov/va-locator-facility-list/
vha_589GV,Iola VA Clinic,discoverva_va_locator_facility_list,589GV,va_health_facility,37.92218562,,"Iola, KS",,,Iola,KS,,US,current_record,record_field,,https://discover.va.gov/va-locator-facility-list/
vha_589GW,Salina VA Clinic,discoverva_va_locator_facility_list,589GW,va_health_facility,38.84041952,,"Salina, KS",,,Salina,KS,,US,current_record,record_field,,https://discover.va.gov/va-locator-facility-list/
vha_589GX,Mexico VA Clinic,discoverva_va_locator_facility_list,589GX,va_health_facility,39.13758168,,"Mexico, MO",,,Mexico,MO,,US,current_record,record_field,,https://discover.va.gov/va-locator-facility-list/
vha_589GY,St. James VA Clinic,discoverva_va_locator_facility_list,589GY,va_health_facility,38.01044371,,"St. James, MO",,,St. James,MO,,US,current_record,record_field,,https://discover.va.gov/va-locator-facility-list/
vha_589GZ,Cameron VA Clinic,discoverva_va_locator_facility_list,589GZ,va_health_facility,39.75322753,,"Cameron, MO",,,Cameron,MO,,US,current_record,record_field,,https://discover.va.gov/va-locator-facility-list/
vha_589JA,Sedalia VA Clinic,discoverva_va_locator_facility_list,589JA,va_health_facility,38.70448006,,"Sedalia, MO",,,Sedalia,MO,,US,current_record,record_field,,https://discover.va.gov/va-locator-facility-list/
vha_589JB,Excelsior Springs VA Clinic,discoverva_va_locator_facility_list,589JB,va_health_facility,39.33853524,,"Excelsior Springs, MO",,,Excelsior Springs,MO,,US,current_record,record_field,,https://discover.va.gov/va-locator-facility-list/
vha_589JC,Shawnee VA Clinic,discoverva_va_locator_facility_list,589JC,va_health_facility,39.00595582,,"Shawnee, KS",,,Shawnee,KS,,US,current_record,record_field,,https://discover.va.gov/va-locator-facility-list/
vha_589JD,Marshfield VA Clinic,discoverva_va_locator_facility_list,589JD,va_health_facility,37.34455999,,"Marshfield, MO",,,Marshfield,MO,,US,current_record,record_field,,https://discover.va.gov/va-locator-facility-list/
vha_589JE,Platte City VA Clinic,discoverva_va_locator_facility_list,589JE,va_health_facility,39.34882756,,"Platte City, MO",,,Platte City,MO,,US,current_record,record_field,,https://discover.va.gov/va-locator-facility-list/
vha_589JF,Honor VA Clinic,discoverva_va_locator_facility_list,589JF,va_health_facility,39.0459078,,"Kansas City, MO",,,Kansas City,MO,,US,current_record,record_field,,https://discover.va.gov/va-locator-facility-list/
vha_589JG,Lenexa VA Clinic,discoverva_va_locator_facility_list,589JG,va_health_facility,38.9218135,,"Lenexa, KS",,,Lenexa,KS,,US,current_record,record_field,,https://discover.va.gov/va-locator-facility-list/
vha_589JH,Junction City VA Clinic,discoverva_va_locator_facility_list,589JH,va_health_facility,39.01741552,,"Junction City, KS",,,Junction City,KS,,US,current_record,record_field,,https://discover.va.gov/va-locator-facility-list/
vha_589QA,Overland Park VA Clinic,discoverva_va_locator_facility_list,589QA,va_health_facility,38.93817411,,"Overland Park, KS",,,Overland Park,KS,,US,current_record,record_field,,https://discover.va.gov/va-locator-facility-list/
vha_589QB,Sedgwick County VA Clinic,discoverva_va_locator_facility_list,589QB,va_health_facility,37.669143,,"Wichita, KS",,,Wichita,KS,,US,current_record,record_field,,https://discover.va.gov/va-locator-facility-list/
vha_590,Hampton VA Medical Center,discoverva_va_locator_facility_list,590,va_health_facility,37.014858,,"Hampton, VA",,,Hampton,VA,,US,current_record,record_field,,https://discover.va.gov/va-locator-facility-list/
vha_590GB,Virginia Beach VA Clinic,discoverva_va_locator_facility_list,590GB,va_health_facility,36.84603339,,"Virginia Beach, VA",,,Virginia Beach,VA,,US,current_record,record_field,,https://discover.va.gov/va-locator-facility-list/
vha_590GC,Albemarle VA Clinic,discoverva_va_locator_facility_list,590GC,va_health_facility,36.29857548,,"Elizabeth City, NC",,,Elizabeth City,NC,,US,current_record,record_field,,https://discover.va.gov/va-locator-facility-list/
vha_590GD,Chesapeake VA Clinic,discoverva_va_locator_facility_list,590GD,va_health_facility,36.787266,,"Chesapeake, VA",,,Chesapeake,VA,,US,current_record,record_field,,https://discover.va.gov/va-locator-facility-list/
vha_590GE,Portsmouth VA Clinic,discoverva_va_locator_facility_list,590GE,va_health_facility,36.834111,,"Portsmouth, VA",,,Portsmouth,VA,,US,current_record,record_field,,https://discover.va.gov/va-locator-facility-list/
vha_590QD,Langley VA Clinic,discoverva_va_locator_facility_list,590QD,va_health_facility,37.07044186,,"Hampton, VA",,,Hampton,VA,,US,current_record,record_field,,https://discover.va.gov/va-locator-facility-list/
vha_593,North Las Vegas VA Medical Center,discoverva_va_locator_facility_list,593,va_health_facility,36.285084,,"North Las Vegas, NV",,,North Las Vegas,NV,,US,current_record,record_field,,https://discover.va.gov/va-locator-facility-list/
vha_593GC,Pahrump VA Clinic,discoverva_va_locator_facility_list,593GC,va_health_facility,36.21569016,,"Pahrump, NV",,,Pahrump,NV,,US,current_record,record_field,,https://discover.va.gov/va-locator-facility-list/
vha_593GD,Northwest Las Vegas VA Clinic,discoverva_va_locator_facility_list,593GD,va_health_facility,36.23047662,,"Las Vegas, NV",,,Las Vegas,NV,,US,current_record,record_field,,https://discover.va.gov/va-locator-facility-list/
vha_593GE,Southeast Las Vegas VA Clinic,discoverva_va_locator_facility_list,593GE,va_health_facility,36.019296,,"Henderson, NV",,,Henderson,NV,,US,current_record,record_field,,https://discover.va.gov/va-locator-facility-list/
vha_593GF,Southwest Las Vegas VA Clinic,discoverva_va_locator_facility_list,593GF,va_health_facility,36.05659907,,"Las Vegas, NV",,,Las Vegas,NV,,US,current_record,record_field,,https://discover.va.gov/va-locator-facility-list/
vha_593GG,Northeast Las Vegas VA Clinic,discoverva_va_locator_facility_list,593GG,va_health_facility,36.157815,,"Las Vegas, NV",,,Las Vegas,NV,,US,current_record,record_field,,https://discover.va.gov/va-locator-facility-list/
vha_593GH,Master Chief Petty Officer Jesse Dean VA Clinic,discoverva_va_locator_facility_list,593GH,va_health_facility,35.131626,,"Laughlin, NV",,,Laughlin,NV,,US,current_record,record_field,,https://discover.va.gov/va-locator-facility-list/
vha_593QC,West Cheyenne VA Clinic,discoverva_va_locator_facility_list,593QC,va_health_facility,36.2174538,,"North Las Vegas, NV",,,North Las Vegas,NV,,US,current_record,record_field,,https://discover.va.gov/va-locator-facility-list/
vha_595,Lebanon VA Medical Center,discoverva_va_locator_facility_list,595,va_health_facility,40.31520108,,"Lebanon, PA",,,Lebanon,PA,,US,current_record,record_field,,https://discover.va.gov/va-locator-facility-list/
vha_595GA,Cumberland County VA Clinic,discoverva_va_locator_facility_list,595GA,va_health_facility,40.20036988,,"Mechanicsburg, PA",,,Mechanicsburg,PA,,US,current_record,record_field,,https://discover.va.gov/va-locator-facility-list/
vha_595GC,Lancaster County VA Clinic,discoverva_va_locator_facility_list,595GC,va_health_facility,39.987234,,"Willow Street, PA",,,Willow Street,PA,,US,current_record,record_field,,https://discover.va.gov/va-locator-facility-list/
vha_595GD,Berks County VA Clinic,discoverva_va_locator_facility_list,595GD,va_health_facility,40.35777043,,"Wyomissing, PA",,,Wyomissing,PA,,US,current_record,record_field,,https://discover.va.gov/va-locator-facility-list/
vha_595GE,York VA Clinic,discoverva_va_locator_facility_list,595GE,va_health_facility,39.972591,,"York, PA",,,York,PA,,US,current_record,record_field,,https://discover.va.gov/va-locator-facility-list/
vha_595GF,Schuylkill County VA Clinic,discoverva_va_locator_facility_list,595GF,va_health_facility,40.68358441,,"Pottsville, PA",,,Pottsville,PA,,US,current_record,record_field,,https://discover.va.gov/va-locator-facility-list/
vha_596,Franklin R. Sousley Campus,discoverva_va_locator_facility_list,596,va_health_facility,38.071692,,"Lexington, KY",,,Lexington,KY,,US,current_record,record_field,,https://discover.va.gov/va-locator-facility-list/
vha_596A4,Troy Bowling Campus,discoverva_va_locator_facility_list,,va_health_facility,38.029293,,"Lexington, KY",,,Lexington,KY,,US,current_record,record_field,,https://discover.va.gov/va-locator-facility-list/
vha_596GA,Somerset VA Clinic,discoverva_va_locator_facility_list,596GA,va_health_facility,37.08318756,,"Somerset, KY",,,Somerset,KY,,US,current_record,record_field,,https://discover.va.gov/va-locator-facility-list/
vha_596GB,Morehead VA Clinic,discoverva_va_locator_facility_list,596GB,va_health_facility,38.18652821,,"Morehead, KY",,,Morehead,KY,,US,current_record,record_field,,https://discover.va.gov/va-locator-facility-list/
vha_596GC,Hazard VA Clinic,discoverva_va_locator_facility_list,596GC,va_health_facility,37.25456567,,"Hazard, KY",,,Hazard,KY,,US,current_record,record_field,,https://discover.va.gov/va-locator-facility-list/
vha_596GD,Berea VA Clinic,discoverva_va_locator_facility_list,596GD,va_health_facility,37.597437,,"Berea, KY",,,Berea,KY,,US,current_record,record_field,,https://discover.va.gov/va-locator-facility-list/
vha_598,John L. McClellan Memorial Veterans' Hospital,discoverva_va_locator_facility_list,598,va_health_facility,34.746363,,"Little Rock, AR",,,Little Rock,AR,,US,current_record,record_field,,https://discover.va.gov/va-locator-facility-list/
vha_598A0,Eugene J. Towbin Healthcare Center,discoverva_va_locator_facility_list,,va_health_facility,34.776045,,"North Little Rock, AR",,,North Little Rock,AR,,US,current_record,record_field,,https://discover.va.gov/va-locator-facility-list/
vha_598GA,Mountain Home VA Clinic,discoverva_va_locator_facility_list,598GA,va_health_facility,36.349092,,"Mountain Home, AR",,,Mountain Home,AR,,US,current_record,record_field,,https://discover.va.gov/va-locator-facility-list/
vha_598GB,El Dorado VA Clinic,discoverva_va_locator_facility_list,598GB,va_health_facility,33.22901348,,"El Dorado, AR",,,El Dorado,AR,,US,current_record,record_field,,https://discover.va.gov/va-locator-facility-list/
vha_598GC,Hot Springs VA Clinic,discoverva_va_locator_facility_list,598GC,va_health_facility,34.48930421,,"Hot Springs, AR",,,Hot Springs,AR,,US,current_record,record_field,,https://discover.va.gov/va-locator-facility-list/
vha_598GD,Mena VA Clinic,discoverva_va_locator_facility_list,598GD,va_health_facility,34.57857934,,"Mena, AR",,,Mena,AR,,US,current_record,record_field,,https://discover.va.gov/va-locator-facility-list/
vha_598GE,Pine Bluff VA Clinic,discoverva_va_locator_facility_list,598GE,va_health_facility,34.21297924,,"Pine Bluff, AR",,,Pine Bluff,AR,,US,current_record,record_field,,https://discover.va.gov/va-locator-facility-list/
vha_598GF,Searcy VA Clinic,discoverva_va_locator_facility_list,598GF,va_health_facility,35.23781996,,"Searcy, AR",,,Searcy,AR,,US,current_record,record_field,,https://discover.va.gov/va-locator-facility-list/
vha_598GG,Conway VA Clinic,discoverva_va_locator_facility_list,598GG,va_health_facility,35.068248,,"Conway, AR",,,Conway,AR,,US,current_record,record_field,,https://discover.va.gov/va-locator-facility-list/
vha_598GH,Russellville VA Clinic,discoverva_va_locator_facility_list,598GH,va_health_facility,35.28477752,,"Russellville, AR",,,Russellville,AR,,US,current_record,record_field,,https://discover.va.gov/va-locator-facility-list/
vha_598QA,Little Rock VA Clinic,discoverva_va_locator_facility_list,598QA,va_health_facility,34.739028,,"Little Rock, AR",,,Little Rock,AR,,US,current_record,record_field,,https://discover.va.gov/va-locator-facility-list/
vha_600,Tibor Rubin VA Medical Center,discoverva_va_locator_facility_list,600,va_health_facility,33.77536793,,"Long Beach, CA",,,Long Beach,CA,,US,current_record,record_field,,https://discover.va.gov/va-locator-facility-list/
vha_600GA,Placentia VA Clinic,discoverva_va_locator_facility_list,600GA,va_health_facility,33.86228513,,"Placentia, CA",,,Placentia,CA,,US,current_record,record_field,,https://discover.va.gov/va-locator-facility-list/
vha_600GB,Santa Ana VA Clinic,discoverva_va_locator_facility_list,600GB,va_health_facility,33.71475358,,"Santa Ana, CA",,,Santa Ana,CA,,US,current_record,record_field,,https://discover.va.gov/va-locator-facility-list/
vha_600GC,Cabrillo VA Clinic,discoverva_va_locator_facility_list,600GC,va_health_facility,33.79221374,,"Long Beach, CA",,,Long Beach,CA,,US,current_record,record_field,,https://discover.va.gov/va-locator-facility-list/
vha_600GD,Santa Fe Springs VA Clinic,discoverva_va_locator_facility_list,600GD,va_health_facility,33.942348,,"Santa Fe Springs, CA",,,Santa Fe Springs,CA,,US,current_record,record_field,,https://discover.va.gov/va-locator-facility-list/
vha_600GE,Laguna Hills VA Clinic,discoverva_va_locator_facility_list,600GE,va_health_facility,33.61822202,,"Laguna Hills, CA",,,Laguna Hills,CA,,US,current_record,record_field,,https://discover.va.gov/va-locator-facility-list/
vha_600GF,Gardena VA Clinic,discoverva_va_locator_facility_list,600GF,va_health_facility,33.85834559,,"Gardena, CA",,,Gardena,CA,,US,current_record,record_field,,https://discover.va.gov/va-locator-facility-list/
vha_600QA,West Santa Ana VA Clinic,discoverva_va_locator_facility_list,600QA,va_health_facility,33.747642,,"Santa Ana, CA",,,Santa Ana,CA,,US,current_record,record_field,,https://discover.va.gov/va-locator-facility-list/
vha_603,Robley Rex Department of Veterans Affairs Medical Center,discoverva_va_locator_facility_list,603,va_health_facility,38.270628,,"Louisville, KY",,,Louisville,KY,,US,current_record,record_field,,https://discover.va.gov/va-locator-facility-list/
vha_603GA,Fort Knox VA Clinic,discoverva_va_locator_facility_list,603GA,va_health_facility,37.9020354,,"Fort Knox, KY",,,Fort Knox,KY,,US,current_record,record_field,,https://discover.va.gov/va-locator-facility-list/
vha_603GB,New Albany VA Clinic,discoverva_va_locator_facility_list,603GB,va_health_facility,38.36601718,,"New Albany, IN",,,New Albany,IN,,US,current_record,record_field,,https://discover.va.gov/va-locator-facility-list/
vha_603GC,Greenwood VA Clinic,discoverva_va_locator_facility_list,603GC,va_health_facility,38.14193815,,"Louisville, KY",,,Louisville,KY,,US,current_record,record_field,,https://discover.va.gov/va-locator-facility-list/
vha_603GD,Stonybrook VA Clinic,discoverva_va_locator_facility_list,603GD,va_health_facility,38.21159599,,"Louisville, KY",,,Louisville,KY,,US,current_record,record_field,,https://discover.va.gov/va-locator-facility-list/
vha_603GE,Newburg VA Clinic,discoverva_va_locator_facility_list,603GE,va_health_facility,38.19525149,,"Louisville, KY",,,Louisville,KY,,US,current_record,record_field,,https://discover.va.gov/va-locator-facility-list/
vha_603GF,Grayson County VA Clinic,discoverva_va_locator_facility_list,603GF,va_health_facility,37.49556537,,"Clarkson, KY",,,Clarkson,KY,,US,current_record,record_field,,https://discover.va.gov/va-locator-facility-list/
vha_603GG,Scott County VA Clinic,discoverva_va_locator_facility_list,603GG,va_health_facility,38.7059305,,"Scottsburg, IN",,,Scottsburg,IN,,US,current_record,record_field,,https://discover.va.gov/va-locator-facility-list/
vha_603GH,Carrollton VA Clinic,discoverva_va_locator_facility_list,603GH,va_health_facility,38.6636339,,"Carrollton, KY",,,Carrollton,KY,,US,current_record,record_field,,https://discover.va.gov/va-locator-facility-list/
vha_605,Jerry L. Pettis Memorial Veterans' Hospital,discoverva_va_locator_facility_list,605,va_health_facility,34.0501827,,"Loma Linda, CA",,,Loma Linda,CA,,US,current_record,record_field,,https://discover.va.gov/va-locator-facility-list/
vha_605BZ,Loma Linda VA Clinic,discoverva_va_locator_facility_list,605BZ,va_health_facility,34.061049,,"Redlands, CA",,,Redlands,CA,,US,current_record,record_field,,https://discover.va.gov/va-locator-facility-list/
vha_605GA,Victorville VA Clinic,discoverva_va_locator_facility_list,605GA,va_health_facility,34.51587637,,"Victorville, CA",,,Victorville,CA,,US,current_record,record_field,,https://discover.va.gov/va-locator-facility-list/
vha_605GB,Murrieta VA Clinic,discoverva_va_locator_facility_list,605GB,va_health_facility,33.55658285,,"Murrieta, CA",,,Murrieta,CA,,US,current_record,record_field,,https://discover.va.gov/va-locator-facility-list/
vha_605GC,Sy Kaplan VA Clinic,discoverva_va_locator_facility_list,605GC,va_health_facility,33.805836,,"Palm Desert, CA",,,Palm Desert,CA,,US,current_record,record_field,,https://discover.va.gov/va-locator-facility-list/
vha_605GD,Corona VA Clinic,discoverva_va_locator_facility_list,605GD,va_health_facility,33.88335819,,"Corona, CA",,,Corona,CA,,US,current_record,record_field,,https://discover.va.gov/va-locator-facility-list/
vha_605GE,Rancho Cucamonga VA Clinic,discoverva_va_locator_facility_list,605GE,va_health_facility,34.105158,,"Rancho Cucamonga, CA",,,Rancho Cucamonga,CA,,US,current_record,record_field,,https://discover.va.gov/va-locator-facility-list/
vha_605GF,North Loma Linda VA Clinic,discoverva_va_locator_facility_list,605GF,va_health_facility,34.06501057,,"Redlands, CA",,,Redlands,CA,,US,current_record,record_field,,https://discover.va.gov/va-locator-facility-list/
vha_605GG,Hemet VA Clinic,discoverva_va_locator_facility_list,605GG,va_health_facility,33.74940948,,"Hemet, CA",,,Hemet,CA,,US,current_record,record_field,,https://discover.va.gov/va-locator-facility-list/
vha_605QA,Blythe VA Clinic,discoverva_va_locator_facility_list,605QA,va_health_facility,33.61022137,,"Blythe, CA",,,Blythe,CA,,US,current_record,record_field,,https://discover.va.gov/va-locator-facility-list/
vha_607,William S. Middleton Memorial Veterans' Hospital,discoverva_va_locator_facility_list,607,va_health_facility,43.07514468,,"Madison, WI",,,Madison,WI,,US,current_record,record_field,,https://discover.va.gov/va-locator-facility-list/
vha_607GC,Janesville VA Clinic,discoverva_va_locator_facility_list,607GC,va_health_facility,42.705504,,"Janesville, WI",,,Janesville,WI,,US,current_record,record_field,,https://discover.va.gov/va-locator-facility-list/
vha_607GD,Baraboo VA Clinic,discoverva_va_locator_facility_list,607GD,va_health_facility,43.4674214,,"Baraboo, WI",,,Baraboo,WI,,US,current_record,record_field,,https://discover.va.gov/va-locator-facility-list/
vha_607GE,Beaver Dam VA Clinic,discoverva_va_locator_facility_list,607GE,va_health_facility,43.48024798,,"Beaver Dam, WI",,,Beaver Dam,WI,,US,current_record,record_field,,https://discover.va.gov/va-locator-facility-list/
vha_607GF,Freeport VA Clinic,discoverva_va_locator_facility_list,607GF,va_health_facility,42.291027,,"Freeport, IL",,,Freeport,IL,,US,current_record,record_field,,https://discover.va.gov/va-locator-facility-list/
vha_607GG,Madison West VA Clinic,discoverva_va_locator_facility_list,607GG,va_health_facility,43.05950311,,"Madison, WI",,,Madison,WI,,US,current_record,record_field,,https://discover.va.gov/va-locator-facility-list/
vha_607HA,Rockford VA Clinic,discoverva_va_locator_facility_list,607HA,va_health_facility,42.278472,,"Rockford, IL",,,Rockford,IL,,US,current_record,record_field,,https://discover.va.gov/va-locator-facility-list/
vha_608,Manchester VA Medical Center,discoverva_va_locator_facility_list,608,va_health_facility,43.01139338,,"Manchester, NH",,,Manchester,NH,,US,current_record,record_field,,https://discover.va.gov/va-locator-facility-list/
vha_608GA,Portsmouth VA Clinic,discoverva_va_locator_facility_list,608GA,va_health_facility,43.0896476,,"Portsmouth, NH",,,Portsmouth,NH,,US,current_record,record_field,,https://discover.va.gov/va-locator-facility-list/
vha_608GC,Somersworth VA Clinic,discoverva_va_locator_facility_list,608GC,va_health_facility,43.24323403,,"Somersworth, NH",,,Somersworth,NH,,US,current_record,record_field,,https://discover.va.gov/va-locator-facility-list/
vha_608GD,Conway VA Clinic,discoverva_va_locator_facility_list,608GD,va_health_facility,43.97434874,,"Conway, NH",,,Conway,NH,,US,current_record,record_field,,https://discover.va.gov/va-locator-facility-list/
vha_608HA,Tilton VA Clinic,discoverva_va_locator_facility_list,608HA,va_health_facility,43.4471986,,"Tilton, NH",,,Tilton,NH,,US,current_record,record_field,,https://discover.va.gov/va-locator-facility-list/
vha_608QA,Manchester West VA Clinic,discoverva_va_locator_facility_list,608QA,va_health_facility,43.00394948,,"Manchester, NH",,,Manchester,NH,,US,current_record,record_field,,https://discover.va.gov/va-locator-facility-list/
vha_610,Marion VA Medical Center,discoverva_va_locator_facility_list,610,va_health_facility,40.52367955,,"Marion, IN",,,Marion,IN,,US,current_record,record_field,,https://discover.va.gov/va-locator-facility-list/
vha_610A4,Fort Wayne VA Medical Center,discoverva_va_locator_facility_list,,va_health_facility,41.091111,,"Fort Wayne, IN",,,Fort Wayne,IN,,US,current_record,record_field,,https://discover.va.gov/va-locator-facility-list/
vha_610BY,Jackie Walorski VA Clinic,discoverva_va_locator_facility_list,610BY,va_health_facility,41.70693065,,"Mishawaka, IN",,,Mishawaka,IN,,US,current_record,record_field,,https://discover.va.gov/va-locator-facility-list/
vha_610GB,Muncie VA Clinic,discoverva_va_locator_facility_list,610GB,va_health_facility,40.22004801,,"Muncie, IN",,,Muncie,IN,,US,current_record,record_field,,https://discover.va.gov/va-locator-facility-list/
vha_610GD,Hoosier VA Clinic,discoverva_va_locator_facility_list,610GD,va_health_facility,40.66613634,,"Peru, IN",,,Peru,IN,,US,current_record,record_field,,https://discover.va.gov/va-locator-facility-list/
vha_610GF,Huntington VA Clinic,discoverva_va_locator_facility_list,610GF,va_health_facility,40.9020325,,"Huntington, IN",,,Huntington,IN,,US,current_record,record_field,,https://discover.va.gov/va-locator-facility-list/
vha_610QA,Fort Wayne VA Clinic,discoverva_va_locator_facility_list,610QA,va_health_facility,41.095755,,"Fort Wayne, IN",,,Fort Wayne,IN,,US,current_record,record_field,,https://discover.va.gov/va-locator-facility-list/
vha_612A4,Sacramento VA Medical Center,discoverva_va_locator_facility_list,,va_health_facility,38.572461,,"Mather, CA",,,Mather,CA,,US,current_record,record_field,,https://discover.va.gov/va-locator-facility-list/
vha_612B4,Redding VA Clinic,discoverva_va_locator_facility_list,,va_health_facility,40.50702956,,"Redding, CA",,,Redding,CA,,US,current_record,record_field,,https://discover.va.gov/va-locator-facility-list/
vha_612GD,Fairfield VA Clinic,discoverva_va_locator_facility_list,612GD,va_health_facility,38.26758502,,"Travis AFB, CA",,,Travis AFB,CA,,US,current_record,record_field,,https://discover.va.gov/va-locator-facility-list/
vha_612GE,Mare Island VA Clinic,discoverva_va_locator_facility_list,612GE,va_health_facility,38.11418311,,"Mare Island, CA",,,Mare Island,CA,,US,current_record,record_field,,https://discover.va.gov/va-locator-facility-list/
vha_612GF,Martinez VA Medical Center,discoverva_va_locator_facility_list,612GF,va_health_facility,37.99523917,,"Martinez, CA",,,Martinez,CA,,US,current_record,record_field,,https://discover.va.gov/va-locator-facility-list/
vha_612GG,Chico VA Clinic,discoverva_va_locator_facility_list,612GG,va_health_facility,39.731985,,"Chico, CA",,,Chico,CA,,US,current_record,record_field,,https://discover.va.gov/va-locator-facility-list/
vha_612GH,McClellan VA Clinic,discoverva_va_locator_facility_list,612GH,va_health_facility,38.664378,,"McClellan Park, CA",,,McClellan Park,CA,,US,current_record,record_field,,https://discover.va.gov/va-locator-facility-list/
vha_612GI,Yuba City VA Clinic,discoverva_va_locator_facility_list,612GI,va_health_facility,39.13108223,,"Yuba City, CA",,,Yuba City,CA,,US,current_record,record_field,,https://discover.va.gov/va-locator-facility-list/
vha_612GJ,Yreka VA Clinic,discoverva_va_locator_facility_list,612GJ,va_health_facility,41.71600544,,"Yreka, CA",,,Yreka,CA,,US,current_record,record_field,,https://discover.va.gov/va-locator-facility-list/
vha_612GK,Sierra Foothills VA Clinic,discoverva_va_locator_facility_list,612GK,va_health_facility,38.94154267,,"Auburn, CA",,,Auburn,CA,,US,current_record,record_field,,https://discover.va.gov/va-locator-facility-list/
vha_612GL,Sonora VA Clinic,discoverva_va_locator_facility_list,612GL,va_health_facility,37.97506316,,"Sonora, CA",,,Sonora,CA,,US,current_record,record_field,,https://discover.va.gov/va-locator-facility-list/
vha_612GM,Modesto VA Clinic,discoverva_va_locator_facility_list,612GM,va_health_facility,37.66061082,,"Modesto, CA",,,Modesto,CA,,US,current_record,record_field,,https://discover.va.gov/va-locator-facility-list/
vha_612QC,Cypress Avenue VA Clinic,discoverva_va_locator_facility_list,612QC,va_health_facility,40.57438449,,"Redding, CA",,,Redding,CA,,US,current_record,record_field,,https://discover.va.gov/va-locator-facility-list/
vha_612QE,Richard A. Pittman VA Clinic,discoverva_va_locator_facility_list,612QE,va_health_facility,37.8917697,,"French Camp, CA",,,French Camp,CA,,US,current_record,record_field,,https://discover.va.gov/va-locator-facility-list/
vha_613,Martinsburg VA Medical Center,discoverva_va_locator_facility_list,613,va_health_facility,39.41725696,,"Martinsburg, WV",,,Martinsburg,WV,,US,current_record,record_field,,https://discover.va.gov/va-locator-facility-list/
vha_613GA,Cumberland VA Clinic,discoverva_va_locator_facility_list,613GA,va_health_facility,39.65361032,,"Cumberland, MD",,,Cumberland,MD,,US,current_record,record_field,,https://discover.va.gov/va-locator-facility-list/
vha_613GB,Hagerstown VA Clinic,discoverva_va_locator_facility_list,613GB,va_health_facility,39.636258,,"Hagerstown, MD",,,Hagerstown,MD,,US,current_record,record_field,,https://discover.va.gov/va-locator-facility-list/
vha_613GC,Winchester VA Clinic,discoverva_va_locator_facility_list,613GC,va_health_facility,39.13044942,,"Winchester, VA",,,Winchester,VA,,US,current_record,record_field,,https://discover.va.gov/va-locator-facility-list/
vha_613GD,Franklin VA Clinic,discoverva_va_locator_facility_list,613GD,va_health_facility,38.64349096,,"Franklin, WV",,,Franklin,WV,,US,current_record,record_field,,https://discover.va.gov/va-locator-facility-list/
vha_613GE,Petersburg VA Clinic,discoverva_va_locator_facility_list,613GE,va_health_facility,38.9947897,,"Petersburg, WV",,,Petersburg,WV,,US,current_record,record_field,,https://discover.va.gov/va-locator-facility-list/
vha_613GF,Harrisonburg VA Clinic,discoverva_va_locator_facility_list,613GF,va_health_facility,38.43262732,,"Harrisonburg, VA",,,Harrisonburg,VA,,US,current_record,record_field,,https://discover.va.gov/va-locator-facility-list/
vha_613GG,Fort Detrick VA Clinic,discoverva_va_locator_facility_list,613GG,va_health_facility,39.43774202,,"Frederick, MD",,,Frederick,MD,,US,current_record,record_field,,https://discover.va.gov/va-locator-facility-list/
vha_614,"Lt. Col. Luke Weathers, Jr. VA Medical Center",discoverva_va_locator_facility_list,614,va_health_facility,35.14344985,,"Memphis, TN",,,Memphis,TN,,US,current_record,record_field,,https://discover.va.gov/va-locator-facility-list/
vha_614GA,Tupelo VA Clinic,discoverva_va_locator_facility_list,614GA,va_health_facility,34.29993388,,"Tupelo, MS",,,Tupelo,MS,,US,current_record,record_field,,https://discover.va.gov/va-locator-facility-list/
vha_614GB,Jonesboro VA Clinic,discoverva_va_locator_facility_list,614GB,va_health_facility,35.819379,,"Jonesboro, AR",,,Jonesboro,AR,,US,current_record,record_field,,https://discover.va.gov/va-locator-facility-list/
vha_614GC,Holly Springs VA Clinic,discoverva_va_locator_facility_list,614GC,va_health_facility,34.75043518,,"Holly Springs, MS",,,Holly Springs,MS,,US,current_record,record_field,,https://discover.va.gov/va-locator-facility-list/
vha_614GD,Savannah VA Clinic,discoverva_va_locator_facility_list,614GD,va_health_facility,35.22158111,,"Savannah, TN",,,Savannah,TN,,US,current_record,record_field,,https://discover.va.gov/va-locator-facility-list/
vha_614GE,Covington VA Clinic,discoverva_va_locator_facility_list,614GE,va_health_facility,35.220195,,"Memphis, TN",,,Memphis,TN,,US,current_record,record_field,,https://discover.va.gov/va-locator-facility-list/
vha_614GF,Nonconnah Boulevard VA Clinic,discoverva_va_locator_facility_list,614GF,va_health_facility,35.07156424,,"Memphis, TN",,,Memphis,TN,,US,current_record,record_field,,https://discover.va.gov/va-locator-facility-list/
vha_614GG,Jackson VA Clinic,discoverva_va_locator_facility_list,614GG,va_health_facility,35.65321052,,"Jackson, TN",,,Jackson,TN,,US,current_record,record_field,,https://discover.va.gov/va-locator-facility-list/
vha_614GI,Dyersburg VA Clinic,discoverva_va_locator_facility_list,614GI,va_health_facility,36.06049857,,"Dyersburg, TN",,,Dyersburg,TN,,US,current_record,record_field,,https://discover.va.gov/va-locator-facility-list/
vha_614GN,Helena VA Clinic,discoverva_va_locator_facility_list,614GN,va_health_facility,34.55491425,,"West Helena, AR",,,West Helena,AR,,US,current_record,record_field,,https://discover.va.gov/va-locator-facility-list/
vha_614QA,Phelan Avenue VA Clinic,discoverva_va_locator_facility_list,614QA,va_health_facility,35.12733376,,"Memphis, TN",,,Memphis,TN,,US,current_record,record_field,,https://discover.va.gov/va-locator-facility-list/
vha_618,Minneapolis VA Medical Center,discoverva_va_locator_facility_list,618,va_health_facility,44.90196204,,"Minneapolis, MN",,,Minneapolis,MN,,US,current_record,record_field,,https://discover.va.gov/va-locator-facility-list/
vha_618BY,Twin Ports VA Clinic,discoverva_va_locator_facility_list,618BY,va_health_facility,46.69725873,,"Superior, WI",,,Superior,WI,,US,current_record,record_field,,https://discover.va.gov/va-locator-facility-list/
vha_618GA,St. James VA Clinic,discoverva_va_locator_facility_list,618GA,va_health_facility,43.97084102,,"St. James, MN",,,St. James,MN,,US,current_record,record_field,,https://discover.va.gov/va-locator-facility-list/
vha_618GB,Hibbing VA Clinic,discoverva_va_locator_facility_list,618GB,va_health_facility,47.39823,,"Hibbing, MN",,,Hibbing,MN,,US,current_record,record_field,,https://discover.va.gov/va-locator-facility-list/
vha_618GD,Maplewood VA Clinic,discoverva_va_locator_facility_list,618GD,va_health_facility,45.03334154,,"Maplewood, MN",,,Maplewood,MN,,US,current_record,record_field,,https://discover.va.gov/va-locator-facility-list/
vha_618GE,Chippewa Valley VA Clinic,discoverva_va_locator_facility_list,618GE,va_health_facility,44.92521165,,"Chippewa Falls, WI",,,Chippewa Falls,WI,,US,current_record,record_field,,https://discover.va.gov/va-locator-facility-list/
vha_618GG,Rochester VA Clinic,discoverva_va_locator_facility_list,618GG,va_health_facility,43.97001459,,"Rochester, MN",,,Rochester,MN,,US,current_record,record_field,,https://discover.va.gov/va-locator-facility-list/
vha_618GH,Hayward VA Clinic,discoverva_va_locator_facility_list,618GH,va_health_facility,46.00702058,,"Hayward, WI",,,Hayward,WI,,US,current_record,record_field,,https://discover.va.gov/va-locator-facility-list/
vha_618GI,Northwest Metro VA Clinic,discoverva_va_locator_facility_list,618GI,va_health_facility,45.23140596,,"Ramsey, MN",,,Ramsey,MN,,US,current_record,record_field,,https://discover.va.gov/va-locator-facility-list/
vha_618GJ,Shakopee VA Clinic,discoverva_va_locator_facility_list,618GJ,va_health_facility,44.77211718,,"Shakopee, MN",,,Shakopee,MN,,US,current_record,record_field,,https://discover.va.gov/va-locator-facility-list/
vha_618GK,Albert Lea VA Clinic,discoverva_va_locator_facility_list,618GK,va_health_facility,43.65461945,,"Albert Lea, MN",,,Albert Lea,MN,,US,current_record,record_field,,https://discover.va.gov/va-locator-facility-list/
vha_618GL,Minneapolis VA Clinic,discoverva_va_locator_facility_list,618GL,va_health_facility,44.973405,,"Minneapolis, MN",,,Minneapolis,MN,,US,current_record,record_field,,https://discover.va.gov/va-locator-facility-list/
vha_618GM,Rice Lake VA Clinic,discoverva_va_locator_facility_list,618GM,va_health_facility,45.47283973,,"Rice Lake, WI",,,Rice Lake,WI,,US,current_record,record_field,,https://discover.va.gov/va-locator-facility-list/
vha_618GN,Lyle C. Pearson Community Based Outpatient Clinic,discoverva_va_locator_facility_list,618GN,va_health_facility,44.169039,,"Mankato, MN",,,Mankato,MN,,US,current_record,record_field,,https://discover.va.gov/va-locator-facility-list/
vha_618QA,Fort Snelling VA Clinic,discoverva_va_locator_facility_list,618QA,va_health_facility,44.89327599,,"Fort Snelling, MN",,,Fort Snelling,MN,,US,current_record,record_field,,https://discover.va.gov/va-locator-facility-list/
vha_618QB,Ely VA Clinic,discoverva_va_locator_facility_list,618QB,va_health_facility,47.90708916,,"Ely, MN",,,Ely,MN,,US,current_record,record_field,,https://discover.va.gov/va-locator-facility-list/
vha_619,Central Alabama VA Medical Center-Montgomery,discoverva_va_locator_facility_list,619,va_health_facility,32.377302,,"Montgomery, AL",,,Montgomery,AL,,US,current_record,record_field,,https://discover.va.gov/va-locator-facility-list/
vha_619A4,Central Alabama VA Medical Center-Tuskegee,discoverva_va_locator_facility_list,,va_health_facility,32.43707785,,"Tuskegee, AL",,,Tuskegee,AL,,US,current_record,record_field,,https://discover.va.gov/va-locator-facility-list/
vha_619GA,Robert S. Poydasheff VA Clinic,discoverva_va_locator_facility_list,619GA,va_health_facility,32.54490043,,"Columbus, GA",,,Columbus,GA,,US,current_record,record_field,,https://discover.va.gov/va-locator-facility-list/
vha_619GD,Wiregrass VA Clinic,discoverva_va_locator_facility_list,619GD,va_health_facility,31.32450721,,"Fort Novosel, AL",,,Fort Novosel,AL,,US,current_record,record_field,,https://discover.va.gov/va-locator-facility-list/
vha_619GE,Monroe County VA Clinic,discoverva_va_locator_facility_list,619GE,va_health_facility,31.50128745,,"Monroeville, AL",,,Monroeville,AL,,US,current_record,record_field,,https://discover.va.gov/va-locator-facility-list/
vha_619GF,Central Alabama Montgomery VA Clinic,discoverva_va_locator_facility_list,619GF,va_health_facility,32.35727391,,"Montgomery, AL",,,Montgomery,AL,,US,current_record,record_field,,https://discover.va.gov/va-locator-facility-list/
vha_619GG,Columbus Downtown VA Clinic,discoverva_va_locator_facility_list,619GG,va_health_facility,32.48335296,,"Columbus, GA",,,Columbus,GA,,US,current_record,record_field,,https://discover.va.gov/va-locator-facility-list/
vha_619QA,Dothan 2 VA Clinic,discoverva_va_locator_facility_list,619QA,va_health_facility,31.25292104,,"Dothan, AL",,,Dothan,AL,,US,current_record,record_field,,https://discover.va.gov/va-locator-facility-list/
vha_619QB,Fort Moore VA Clinic,discoverva_va_locator_facility_list,619QB,va_health_facility,32.34249726,,"Fort Moore, GA",,,Fort Moore,GA,,US,current_record,record_field,,https://discover.va.gov/va-locator-facility-list/
vha_620,Franklin Delano Roosevelt Hospital,discoverva_va_locator_facility_list,620,va_health_facility,41.24466,,"Montrose, NY",,,Montrose,NY,,US,current_record,record_field,,https://discover.va.gov/va-locator-facility-list/
vha_620A4,Castle Point VA Medical Center,discoverva_va_locator_facility_list,,va_health_facility,41.54039811,,"Wappingers Falls, NY",,,Wappingers Falls,NY,,US,current_record,record_field,,https://discover.va.gov/va-locator-facility-list/
vha_620GA,New City VA Clinic,discoverva_va_locator_facility_list,620GA,va_health_facility,41.16760326,,"New City, NY",,,New City,NY,,US,current_record,record_field,,https://discover.va.gov/va-locator-facility-list/
vha_620GB,Carmel VA Clinic,discoverva_va_locator_facility_list,620GB,va_health_facility,41.41485676,,"Carmel, NY",,,Carmel,NY,,US,current_record,record_field,,https://discover.va.gov/va-locator-facility-list/
vha_620GD,Goshen VA Clinic,discoverva_va_locator_facility_list,620GD,va_health_facility,41.395113,,"Goshen, NY",,,Goshen,NY,,US,current_record,record_field,,https://discover.va.gov/va-locator-facility-list/
vha_620GE,Port Jervis VA Clinic,discoverva_va_locator_facility_list,620GE,va_health_facility,41.376708,,"Port Jervis, NY",,,Port Jervis,NY,,US,current_record,record_field,,https://discover.va.gov/va-locator-facility-list/
vha_620GF,Monticello VA Clinic,discoverva_va_locator_facility_list,620GF,va_health_facility,41.66009212,,"Monticello, NY",,,Monticello,NY,,US,current_record,record_field,,https://discover.va.gov/va-locator-facility-list/
vha_620GG,Poughkeepsie VA Clinic,discoverva_va_locator_facility_list,620GG,va_health_facility,41.679639,,"Poughkeepsie, NY",,,Poughkeepsie,NY,,US,current_record,record_field,,https://discover.va.gov/va-locator-facility-list/
vha_620GH,Eastern Dutchess VA Clinic,discoverva_va_locator_facility_list,620GH,va_health_facility,41.98076568,,"Pine Plains, NY",,,Pine Plains,NY,,US,current_record,record_field,,https://discover.va.gov/va-locator-facility-list/
vha_621,James H. Quillen Department of Veterans Affairs Medical Center,discoverva_va_locator_facility_list,621,va_health_facility,36.311193,,"Mountain Home, TN",,,Mountain Home,TN,,US,current_record,record_field,,https://discover.va.gov/va-locator-facility-list/
vha_621BY,William C. Tallent Department of Veterans Affairs Outpatient Clinic,discoverva_va_locator_facility_list,621BY,va_health_facility,35.92320364,,"Knoxville, TN",,,Knoxville,TN,,US,current_record,record_field,,https://discover.va.gov/va-locator-facility-list/
vha_621GA,Rogersville VA Clinic,discoverva_va_locator_facility_list,621GA,va_health_facility,36.40086,,"Rogersville, TN",,,Rogersville,TN,,US,current_record,record_field,,https://discover.va.gov/va-locator-facility-list/
vha_621GC,Norton VA Clinic,discoverva_va_locator_facility_list,621GC,va_health_facility,36.93960968,,"Norton, VA",,,Norton,VA,,US,current_record,record_field,,https://discover.va.gov/va-locator-facility-list/
vha_621GG,Morristown VA Clinic,discoverva_va_locator_facility_list,621GG,va_health_facility,36.21665392,,"Morristown, TN",,,Morristown,TN,,US,current_record,record_field,,https://discover.va.gov/va-locator-facility-list/
vha_621GI,Dannie A. Carr Veterans Outpatient Clinic,discoverva_va_locator_facility_list,621GI,va_health_facility,35.8526454,,"Sevierville, TN",,,Sevierville,TN,,US,current_record,record_field,,https://discover.va.gov/va-locator-facility-list/
vha_621GJ,Bristol VA Clinic,discoverva_va_locator_facility_list,621GJ,va_health_facility,36.633519,,"Bristol, VA",,,Bristol,VA,,US,current_record,record_field,,https://discover.va.gov/va-locator-facility-list/
vha_621GK,Campbell County VA Clinic,discoverva_va_locator_facility_list,621GK,va_health_facility,36.35184084,,"LaFollette, TN",,,LaFollette,TN,,US,current_record,record_field,,https://discover.va.gov/va-locator-facility-list/
vha_621GO,Mountain City VA Clinic,discoverva_va_locator_facility_list,621GO,va_health_facility,36.499923,,"Mountain City, TN",,,Mountain City,TN,,US,current_record,record_field,,https://discover.va.gov/va-locator-facility-list/
vha_621GP,Morristown East VA Clinic,discoverva_va_locator_facility_list,621GP,va_health_facility,36.21665392,,"Morristown, TN",,,Morristown,TN,,US,current_record,record_field,,https://discover.va.gov/va-locator-facility-list/
vha_621QA,Jonesville VA Clinic,discoverva_va_locator_facility_list,621QA,va_health_facility,36.6842991,,"Jonesville, VA",,,Jonesville,VA,,US,current_record,record_field,,https://discover.va.gov/va-locator-facility-list/
vha_621QC,Vansant VA Clinic,discoverva_va_locator_facility_list,621QC,va_health_facility,37.21985988,,"Vansant, VA",,,Vansant,VA,,US,current_record,record_field,,https://discover.va.gov/va-locator-facility-list/
vha_621QD,Knox County VA Clinic,discoverva_va_locator_facility_list,621QD,va_health_facility,35.91992436,,"Knoxville, TN",,,Knoxville,TN,,US,current_record,record_field,,https://discover.va.gov/va-locator-facility-list/
vha_621QE,Downtown West VA Clinic,discoverva_va_locator_facility_list,621QE,va_health_facility,35.918946,,"Knoxville, TN",,,Knoxville,TN,,US,current_record,record_field,,https://discover.va.gov/va-locator-facility-list/
vha_621QF,Johnson City VA Clinic,discoverva_va_locator_facility_list,621QF,va_health_facility,36.318096,,"Johnson City, TN",,,Johnson City,TN,,US,current_record,record_field,,https://discover.va.gov/va-locator-facility-list/
vha_621QG,Knox West VA Clinic,discoverva_va_locator_facility_list,621QG,va_health_facility,35.92112702,,"Knoxville, TN",,,Knoxville,TN,,US,current_record,record_field,,https://discover.va.gov/va-locator-facility-list/
vha_623,Jack C. Montgomery Department of Veterans Affairs Medical Center,discoverva_va_locator_facility_list,623,va_health_facility,35.76489696,,"Muskogee, OK",,,Muskogee,OK,,US,current_record,record_field,,https://discover.va.gov/va-locator-facility-list/
vha_623BY,Ernest Childers Department of Veterans Affairs Outpatient Clinic,discoverva_va_locator_facility_list,623BY,va_health_facility,36.033813,,"Tulsa, OK",,,Tulsa,OK,,US,current_record,record_field,,https://discover.va.gov/va-locator-facility-list/
vha_623GA,McAlester VA Clinic,discoverva_va_locator_facility_list,623GA,va_health_facility,34.93601672,,"McAlester, OK",,,McAlester,OK,,US,current_record,record_field,,https://discover.va.gov/va-locator-facility-list/
vha_623GB,Vinita VA Clinic,discoverva_va_locator_facility_list,623GB,va_health_facility,36.62056661,,"Vinita, OK",,,Vinita,OK,,US,current_record,record_field,,https://discover.va.gov/va-locator-facility-list/
vha_623GC,McCurtain County VA Clinic,discoverva_va_locator_facility_list,623GC,va_health_facility,33.89557053,,"Idabel, OK",,,Idabel,OK,,US,current_record,record_field,,https://discover.va.gov/va-locator-facility-list/
vha_623GD,Claremore VA Clinic,discoverva_va_locator_facility_list,623GD,va_health_facility,36.33756923,,"Claremore, OK",,,Claremore,OK,,US,current_record,record_field,,https://discover.va.gov/va-locator-facility-list/
vha_623QA,Muskogee East VA Clinic,discoverva_va_locator_facility_list,623QA,va_health_facility,35.77111998,,"Muskogee, OK",,,Muskogee,OK,,US,current_record,record_field,,https://discover.va.gov/va-locator-facility-list/
vha_623QB,Tulsa Eleventh Street VA Clinic,discoverva_va_locator_facility_list,623QB,va_health_facility,36.149229,,"Tulsa, OK",,,Tulsa,OK,,US,current_record,record_field,,https://discover.va.gov/va-locator-facility-list/
vha_623QC,Yale Avenue VA Clinic,discoverva_va_locator_facility_list,623QC,va_health_facility,36.089352,,"Tulsa, OK",,,Tulsa,OK,,US,current_record,record_field,,https://discover.va.gov/va-locator-facility-list/
vha_623QD,Bartlesville VA Clinic,discoverva_va_locator_facility_list,623QD,va_health_facility,36.748773,,"Bartlesville, OK",,,Bartlesville,OK,,US,current_record,record_field,,https://discover.va.gov/va-locator-facility-list/
vha_626,Nashville VA Medical Center,discoverva_va_locator_facility_list,626,va_health_facility,36.14058,,"Nashville, TN",,,Nashville,TN,,US,current_record,record_field,,https://discover.va.gov/va-locator-facility-list/
vha_626A4,Alvin C. York Veterans' Administration Medical Center,discoverva_va_locator_facility_list,,va_health_facility,35.91443735,,"Murfreesboro, TN",,,Murfreesboro,TN,,US,current_record,record_field,,https://discover.va.gov/va-locator-facility-list/
vha_626GA,Dover VA Clinic,discoverva_va_locator_facility_list,626GA,va_health_facility,36.48071838,,"Dover, TN",,,Dover,TN,,US,current_record,record_field,,https://discover.va.gov/va-locator-facility-list/
vha_626GC,Bowling Green VA Clinic,discoverva_va_locator_facility_list,626GC,va_health_facility,36.990471,,"Bowling Green, KY",,,Bowling Green,KY,,US,current_record,record_field,,https://discover.va.gov/va-locator-facility-list/
vha_626GE,Clarksville VA Clinic,discoverva_va_locator_facility_list,626GE,va_health_facility,36.57358941,,"Clarksville, TN",,,Clarksville,TN,,US,current_record,record_field,,https://discover.va.gov/va-locator-facility-list/
vha_626GF,Chattanooga VA Clinic,discoverva_va_locator_facility_list,626GF,va_health_facility,35.05086718,,"Chattanooga, TN",,,Chattanooga,TN,,US,current_record,record_field,,https://discover.va.gov/va-locator-facility-list/
vha_626GG,Tullahoma VA Clinic,discoverva_va_locator_facility_list,626GG,va_health_facility,35.38277,,"Arnold Air Force Base, TN",,,Arnold Air Force Base,TN,,US,current_record,record_field,,https://discover.va.gov/va-locator-facility-list/
vha_626GH,Cookeville VA Clinic,discoverva_va_locator_facility_list,626GH,va_health_facility,36.14406156,,"Cookeville, TN",,,Cookeville,TN,,US,current_record,record_field,,https://discover.va.gov/va-locator-facility-list/
vha_626GJ,Hopkinsville VA Clinic,discoverva_va_locator_facility_list,626GJ,va_health_facility,36.83364345,,"Hopkinsville, KY",,,Hopkinsville,KY,,US,current_record,record_field,,https://discover.va.gov/va-locator-facility-list/
vha_626GK,McMinnville VA Clinic,discoverva_va_locator_facility_list,626GK,va_health_facility,35.69557208,,"McMinnville, TN",,,McMinnville,TN,,US,current_record,record_field,,https://discover.va.gov/va-locator-facility-list/
vha_626GL,Roane County VA Clinic,discoverva_va_locator_facility_list,626GL,va_health_facility,35.89343606,,"Harriman, TN",,,Harriman,TN,,US,current_record,record_field,,https://discover.va.gov/va-locator-facility-list/
vha_626GM,Columbia VA Clinic,discoverva_va_locator_facility_list,626GM,va_health_facility,35.5961789,,"Columbia, TN",,,Columbia,TN,,US,current_record,record_field,,https://discover.va.gov/va-locator-facility-list/
vha_626GN,Athens VA Clinic,discoverva_va_locator_facility_list,626GN,va_health_facility,35.44942388,,"Athens, TN",,,Athens,TN,,US,current_record,record_field,,https://discover.va.gov/va-locator-facility-list/
vha_626GO,International Plaza VA Clinic,discoverva_va_locator_facility_list,626GO,va_health_facility,36.1272915,,"Nashville, TN",,,Nashville,TN,,US,current_record,record_field,,https://discover.va.gov/va-locator-facility-list/
vha_626GP,Gallatin VA Clinic,discoverva_va_locator_facility_list,626GP,va_health_facility,36.38727893,,"Gallatin, TN",,,Gallatin,TN,,US,current_record,record_field,,https://discover.va.gov/va-locator-facility-list/
vha_626GQ,Fort Campbell VA Clinic,discoverva_va_locator_facility_list,626GQ,va_health_facility,36.6375768,,"Fort Campbell, KY",,,Fort Campbell,KY,,US,current_record,record_field,,https://discover.va.gov/va-locator-facility-list/
vha_626QA,Albion Street VA Clinic,discoverva_va_locator_facility_list,626QA,va_health_facility,36.166986,,"Nashville, TN",,,Nashville,TN,,US,current_record,record_field,,https://discover.va.gov/va-locator-facility-list/
vha_626QB,Charlotte Avenue VA Clinic,discoverva_va_locator_facility_list,626QB,va_health_facility,36.15687,,"Nashville, TN",,,Nashville,TN,,US,current_record,record_field,,https://discover.va.gov/va-locator-facility-list/
vha_626QC,Pointe Centre VA Clinic,discoverva_va_locator_facility_list,626QC,va_health_facility,35.0134216,,"Chattanooga, TN",,,Chattanooga,TN,,US,current_record,record_field,,https://discover.va.gov/va-locator-facility-list/
vha_626QD,Glenis Drive VA Clinic,discoverva_va_locator_facility_list,626QD,va_health_facility,35.87328461,,"Murfreesboro, TN",,,Murfreesboro,TN,,US,current_record,record_field,,https://discover.va.gov/va-locator-facility-list/
vha_626QE,Glenis Drive 2 VA Clinic,discoverva_va_locator_facility_list,626QE,va_health_facility,35.87349384,,"Murfreesboro, TN",,,Murfreesboro,TN,,US,current_record,record_field,,https://discover.va.gov/va-locator-facility-list/
vha_626QF,Dalton Drive VA Clinic,discoverva_va_locator_facility_list,626QF,va_health_facility,36.57222631,,"Clarksville, TN",,,Clarksville,TN,,US,current_record,record_field,,https://discover.va.gov/va-locator-facility-list/
vha_626QG,Taylor VA Clinic,discoverva_va_locator_facility_list,626QG,va_health_facility,36.64100281,,"Fort Campbell, KY",,,Fort Campbell,KY,,US,current_record,record_field,,https://discover.va.gov/va-locator-facility-list/
vha_629,New Orleans VA Medical Center,discoverva_va_locator_facility_list,629,va_health_facility,29.96344462,,"New Orleans, LA",,,New Orleans,LA,,US,current_record,record_field,,https://discover.va.gov/va-locator-facility-list/
vha_629BY,Baton Rouge VA Clinic,discoverva_va_locator_facility_list,629BY,va_health_facility,30.403908,,"Baton Rouge, LA",,,Baton Rouge,LA,,US,current_record,record_field,,https://discover.va.gov/va-locator-facility-list/
vha_629GA,Houma VA Clinic,discoverva_va_locator_facility_list,629GA,va_health_facility,29.62335416,,"Houma, LA",,,Houma,LA,,US,current_record,record_field,,https://discover.va.gov/va-locator-facility-list/
vha_629GB,Hammond VA Clinic,discoverva_va_locator_facility_list,629GB,va_health_facility,30.48892917,,"Hammond, LA",,,Hammond,LA,,US,current_record,record_field,,https://discover.va.gov/va-locator-facility-list/
vha_629GC,Slidell VA Clinic,discoverva_va_locator_facility_list,629GC,va_health_facility,30.30960206,,"Slidell, LA",,,Slidell,LA,,US,current_record,record_field,,https://discover.va.gov/va-locator-facility-list/
vha_629GD,St. John VA Clinic,discoverva_va_locator_facility_list,629GD,va_health_facility,30.0768985,,"Reserve, LA",,,Reserve,LA,,US,current_record,record_field,,https://discover.va.gov/va-locator-facility-list/
vha_629GE,Franklin VA Clinic,discoverva_va_locator_facility_list,629GE,va_health_facility,29.80599743,,"Franklin, LA",,,Franklin,LA,,US,current_record,record_field,,https://discover.va.gov/va-locator-facility-list/
vha_629GF,Bogalusa VA Clinic,discoverva_va_locator_facility_list,629GF,va_health_facility,30.79157652,,"Bogalusa, LA",,,Bogalusa,LA,,US,current_record,record_field,,https://discover.va.gov/va-locator-facility-list/
vha_629QA,Baton Rouge South VA Clinic,discoverva_va_locator_facility_list,629QA,va_health_facility,30.394908,,"Baton Rouge, LA",,,Baton Rouge,LA,,US,current_record,record_field,,https://discover.va.gov/va-locator-facility-list/
vha_630,Margaret Cochran Corbin VA Campus,discoverva_va_locator_facility_list,630,va_health_facility,40.73641531,,"New York, NY",,,New York,NY,,US,current_record,record_field,,https://discover.va.gov/va-locator-facility-list/
vha_630A4,Brooklyn VA Medical Center,discoverva_va_locator_facility_list,,va_health_facility,40.60904143,,"Brooklyn, NY",,,Brooklyn,NY,,US,current_record,record_field,,https://discover.va.gov/va-locator-facility-list/
vha_630A5,St. Albans VA Medical Center,discoverva_va_locator_facility_list,,va_health_facility,40.69244516,,"Queens, NY",,,Queens,NY,,US,current_record,record_field,,https://discover.va.gov/va-locator-facility-list/
vha_630GA,Harlem VA Clinic,discoverva_va_locator_facility_list,630GA,va_health_facility,40.807413,,"New York, NY",,,New York,NY,,US,current_record,record_field,,https://discover.va.gov/va-locator-facility-list/
vha_630GB,Staten Island Community VA Clinic,discoverva_va_locator_facility_list,630GB,va_health_facility,40.61088831,,"Staten Island, NY",,,Staten Island,NY,,US,current_record,record_field,,https://discover.va.gov/va-locator-facility-list/
vha_631,Edward P. Boland Department of Veterans Affairs Medical Center,discoverva_va_locator_facility_list,631,va_health_facility,42.3495,,"Leeds, MA",,,Leeds,MA,,US,current_record,record_field,,https://discover.va.gov/va-locator-facility-list/
vha_631BY,Springfield VA Clinic,discoverva_va_locator_facility_list,631BY,va_health_facility,42.11021717,,"Springfield, MA",,,Springfield,MA,,US,current_record,record_field,,https://discover.va.gov/va-locator-facility-list/
vha_631GC,Pittsfield VA Clinic,discoverva_va_locator_facility_list,631GC,va_health_facility,42.452118,,"Pittsfield, MA",,,Pittsfield,MA,,US,current_record,record_field,,https://discover.va.gov/va-locator-facility-list/
vha_631GD,Greenfield VA Clinic,discoverva_va_locator_facility_list,631GD,va_health_facility,42.57570167,,"Greenfield, MA",,,Greenfield,MA,,US,current_record,record_field,,https://discover.va.gov/va-locator-facility-list/
vha_631GE,Worcester VA Clinic,discoverva_va_locator_facility_list,631GE,va_health_facility,42.274647,,"Worcester, MA",,,Worcester,MA,,US,current_record,record_field,,https://discover.va.gov/va-locator-facility-list/
vha_631GF,Fitchburg VA Clinic,discoverva_va_locator_facility_list,631GF,va_health_facility,42.586272,,"Fitchburg, MA",,,Fitchburg,MA,,US,current_record,record_field,,https://discover.va.gov/va-locator-facility-list/
vha_631QA,Plantation Street VA Clinic,discoverva_va_locator_facility_list,631QA,va_health_facility,42.2799516,,"Worcester, MA",,,Worcester,MA,,US,current_record,record_field,,https://discover.va.gov/va-locator-facility-list/
vha_632,Northport VA Medical Center,discoverva_va_locator_facility_list,632,va_health_facility,40.898853,,"Northport, NY",,,Northport,NY,,US,current_record,record_field,,https://discover.va.gov/va-locator-facility-list/
vha_632GA,East Meadow VA Clinic,discoverva_va_locator_facility_list,632GA,va_health_facility,40.726413,,"East Meadow, NY",,,East Meadow,NY,,US,current_record,record_field,,https://discover.va.gov/va-locator-facility-list/
vha_632HA,Valley Stream VA Clinic,discoverva_va_locator_facility_list,632HA,va_health_facility,40.66452,,"Valley Stream, NY",,,Valley Stream,NY,,US,current_record,record_field,,https://discover.va.gov/va-locator-facility-list/
vha_632HB,Riverhead VA Clinic,discoverva_va_locator_facility_list,632HB,va_health_facility,40.91366751,,"Riverhead, NY",,,Riverhead,NY,,US,current_record,record_field,,https://discover.va.gov/va-locator-facility-list/
vha_632HC,Bay Shore VA Clinic,discoverva_va_locator_facility_list,632HC,va_health_facility,40.72363877,,"Bay Shore, NY",,,Bay Shore,NY,,US,current_record,record_field,,https://discover.va.gov/va-locator-facility-list/
vha_632HD,Patchogue VA Clinic,discoverva_va_locator_facility_list,632HD,va_health_facility,40.76830678,,"Patchogue, NY",,,Patchogue,NY,,US,current_record,record_field,,https://discover.va.gov/va-locator-facility-list/
vha_635,Oklahoma City VA Medical Center,discoverva_va_locator_facility_list,635,va_health_facility,35.4824555,,"Oklahoma City, OK",,,Oklahoma City,OK,,US,current_record,record_field,,https://discover.va.gov/va-locator-facility-list/
vha_635GA,Lawton VA Clinic,discoverva_va_locator_facility_list,635GA,va_health_facility,34.65324684,,"Fort Sill, OK",,,Fort Sill,OK,,US,current_record,record_field,,https://discover.va.gov/va-locator-facility-list/
vha_635GB,Wichita Falls VA Clinic,discoverva_va_locator_facility_list,635GB,va_health_facility,33.949107,,"Wichita Falls, TX",,,Wichita Falls,TX,,US,current_record,record_field,,https://discover.va.gov/va-locator-facility-list/
vha_635GC,Blackwell VA Clinic,discoverva_va_locator_facility_list,635GC,va_health_facility,36.79695252,,"Blackwell, OK",,,Blackwell,OK,,US,current_record,record_field,,https://discover.va.gov/va-locator-facility-list/
vha_635GD,Ada VA Clinic,discoverva_va_locator_facility_list,635GD,va_health_facility,34.781589,,"Ada, OK",,,Ada,OK,,US,current_record,record_field,,https://discover.va.gov/va-locator-facility-list/
vha_635GE,Stillwater VA Clinic,discoverva_va_locator_facility_list,635GE,va_health_facility,36.1263543,,"Stillwater, OK",,,Stillwater,OK,,US,current_record,record_field,,https://discover.va.gov/va-locator-facility-list/
vha_635GF,Altus VA Clinic,discoverva_va_locator_facility_list,635GF,va_health_facility,34.65487276,,"Altus, OK",,,Altus,OK,,US,current_record,record_field,,https://discover.va.gov/va-locator-facility-list/
vha_635GG,Enid VA Clinic,discoverva_va_locator_facility_list,635GG,va_health_facility,36.3906625,,"Enid, OK",,,Enid,OK,,US,current_record,record_field,,https://discover.va.gov/va-locator-facility-list/
vha_635GH,Clinton VA Clinic,discoverva_va_locator_facility_list,635GH,va_health_facility,35.51548649,,"Clinton, OK",,,Clinton,OK,,US,current_record,record_field,,https://discover.va.gov/va-locator-facility-list/
vha_635GI,Norman VA Clinic,discoverva_va_locator_facility_list,635GI,va_health_facility,35.23122,,"Norman, OK",,,Norman,OK,,US,current_record,record_field,,https://discover.va.gov/va-locator-facility-list/
vha_635GJ,Yukon VA Clinic,discoverva_va_locator_facility_list,635GJ,va_health_facility,35.482561,,"Yukon, OK",,,Yukon,OK,,US,current_record,record_field,,https://discover.va.gov/va-locator-facility-list/
vha_635GK,Shawnee VA Clinic,discoverva_va_locator_facility_list,635GK,va_health_facility,35.3673,,"Shawnee, OK",,,Shawnee,OK,,US,current_record,record_field,,https://discover.va.gov/va-locator-facility-list/
vha_635GL,North Oklahoma City VA Clinic,discoverva_va_locator_facility_list,635GL,va_health_facility,35.617302,,"Oklahoma City, OK",,,Oklahoma City,OK,,US,current_record,record_field,,https://discover.va.gov/va-locator-facility-list/
vha_635HB,Ardmore VA Clinic,discoverva_va_locator_facility_list,635HB,va_health_facility,34.18757726,,"Ardmore, OK",,,Ardmore,OK,,US,current_record,record_field,,https://discover.va.gov/va-locator-facility-list/
vha_635QA,North May VA Clinic,discoverva_va_locator_facility_list,635QA,va_health_facility,35.59253852,,"Oklahoma City, OK",,,Oklahoma City,OK,,US,current_record,record_field,,https://discover.va.gov/va-locator-facility-list/
vha_635QB,South Oklahoma City VA Clinic,discoverva_va_locator_facility_list,635QB,va_health_facility,35.38760271,,"Oklahoma City, OK",,,Oklahoma City,OK,,US,current_record,record_field,,https://discover.va.gov/va-locator-facility-list/
vha_635QC,Fourteenth Street VA Clinic,discoverva_va_locator_facility_list,635QC,va_health_facility,35.48409045,,"Oklahoma City, OK",,,Oklahoma City,OK,,US,current_record,record_field,,https://discover.va.gov/va-locator-facility-list/
vha_635QD,Lawton North VA Clinic,discoverva_va_locator_facility_list,635QD,va_health_facility,34.66150536,,"Fort Sill, OK",,,Fort Sill,OK,,US,current_record,record_field,,https://discover.va.gov/va-locator-facility-list/
vha_635QE,Tinker VA Clinic,discoverva_va_locator_facility_list,635QE,va_health_facility,35.41976606,,"Tinker AFB, OK",,,Tinker AFB,OK,,US,current_record,record_field,,https://discover.va.gov/va-locator-facility-list/
vha_636,Omaha VA Medical Center,discoverva_va_locator_facility_list,636,va_health_facility,41.24512648,,"Omaha, NE",,,Omaha,NE,,US,current_record,record_field,,https://discover.va.gov/va-locator-facility-list/
vha_636A4,Grand Island VA Medical Center,discoverva_va_locator_facility_list,,va_health_facility,40.94238566,,"Grand Island, NE",,,Grand Island,NE,,US,current_record,record_field,,https://discover.va.gov/va-locator-facility-list/
vha_636A5,Lincoln VA Clinic,discoverva_va_locator_facility_list,,va_health_facility,40.80963019,,"Lincoln, NE",,,Lincoln,NE,,US,current_record,record_field,,https://discover.va.gov/va-locator-facility-list/
vha_636A6,Des Moines VA Medical Center,discoverva_va_locator_facility_list,,va_health_facility,41.62773592,,"Des Moines, IA",,,Des Moines,IA,,US,current_record,record_field,,https://discover.va.gov/va-locator-facility-list/
vha_636A8,Iowa City VA Medical Center,discoverva_va_locator_facility_list,,va_health_facility,41.66361,,"Iowa City, IA",,,Iowa City,IA,,US,current_record,record_field,,https://discover.va.gov/va-locator-facility-list/
vha_636GA,Norfolk VA Clinic,discoverva_va_locator_facility_list,636GA,va_health_facility,42.03348146,,"Norfolk, NE",,,Norfolk,NE,,US,current_record,record_field,,https://discover.va.gov/va-locator-facility-list/
vha_636GB,North Platte VA Clinic,discoverva_va_locator_facility_list,636GB,va_health_facility,41.13514408,,"North Platte, NE",,,North Platte,NE,,US,current_record,record_field,,https://discover.va.gov/va-locator-facility-list/
vha_636GC,Mason City VA Clinic,discoverva_va_locator_facility_list,636GC,va_health_facility,43.14710006,,"Mason City, IA",,,Mason City,IA,,US,current_record,record_field,,https://discover.va.gov/va-locator-facility-list/
vha_636GD,Marshalltown VA Clinic,discoverva_va_locator_facility_list,636GD,va_health_facility,42.01399929,,"Marshalltown, IA",,,Marshalltown,IA,,US,current_record,record_field,,https://discover.va.gov/va-locator-facility-list/
vha_636GF,Quad Cities VA Clinic,discoverva_va_locator_facility_list,636GF,va_health_facility,41.539329,,"Davenport, IA",,,Davenport,IA,,US,current_record,record_field,,https://discover.va.gov/va-locator-facility-list/
vha_636GG,Quincy VA Clinic,discoverva_va_locator_facility_list,636GG,va_health_facility,39.93481949,,"Quincy, IL",,,Quincy,IL,,US,current_record,record_field,,https://discover.va.gov/va-locator-facility-list/
vha_636GH,Waterloo VA Clinic,discoverva_va_locator_facility_list,636GH,va_health_facility,42.50525294,,"Waterloo, IA",,,Waterloo,IA,,US,current_record,record_field,,https://discover.va.gov/va-locator-facility-list/
vha_636GI,Lane A. Evans VA Community Based Outpatient Clinic,discoverva_va_locator_facility_list,636GI,va_health_facility,40.97101112,,"Galesburg, IL",,,Galesburg,IL,,US,current_record,record_field,,https://discover.va.gov/va-locator-facility-list/
vha_636GJ,Dubuque VA Clinic,discoverva_va_locator_facility_list,636GJ,va_health_facility,42.49118662,,"Dubuque, IA",,,Dubuque,IA,,US,current_record,record_field,,https://discover.va.gov/va-locator-facility-list/
vha_636GK,Fort Dodge VA Clinic,discoverva_va_locator_facility_list,636GK,va_health_facility,42.5007613,,"Fort Dodge, IA",,,Fort Dodge,IA,,US,current_record,record_field,,https://discover.va.gov/va-locator-facility-list/
vha_636GL,Sarpy County VA Clinic,discoverva_va_locator_facility_list,636GL,va_health_facility,41.17506527,,"Papillion, NE",,,Papillion,NE,,US,current_record,record_field,,https://discover.va.gov/va-locator-facility-list/
vha_636GM,Carroll VA Clinic,discoverva_va_locator_facility_list,636GM,va_health_facility,42.05728146,,"Carroll, IA",,,Carroll,IA,,US,current_record,record_field,,https://discover.va.gov/va-locator-facility-list/
vha_636GN,Cedar Rapids VA Clinic,discoverva_va_locator_facility_list,636GN,va_health_facility,41.951889,,"Cedar Rapids, IA",,,Cedar Rapids,IA,,US,current_record,record_field,,https://discover.va.gov/va-locator-facility-list/
vha_636GP,Shenandoah VA Clinic,discoverva_va_locator_facility_list,636GP,va_health_facility,40.74951196,,"Shenandoah, IA",,,Shenandoah,IA,,US,current_record,record_field,,https://discover.va.gov/va-locator-facility-list/
vha_636GQ,Holdrege VA Clinic,discoverva_va_locator_facility_list,636GQ,va_health_facility,40.44544113,,"Holdrege, NE",,,Holdrege,NE,,US,current_record,record_field,,https://discover.va.gov/va-locator-facility-list/
vha_636GR,Knoxville VA Clinic,discoverva_va_locator_facility_list,636GR,va_health_facility,41.332536,,"Knoxville, IA",,,Knoxville,IA,,US,current_record,record_field,,https://discover.va.gov/va-locator-facility-list/
vha_636GS,Ottumwa VA Clinic,discoverva_va_locator_facility_list,636GS,va_health_facility,41.01516775,,"Ottumwa, IA",,,Ottumwa,IA,,US,current_record,record_field,,https://discover.va.gov/va-locator-facility-list/
vha_636GT,Sterling VA Clinic,discoverva_va_locator_facility_list,636GT,va_health_facility,41.80565054,,"Sterling, IL",,,Sterling,IL,,US,current_record,record_field,,https://discover.va.gov/va-locator-facility-list/
vha_636GU,Decorah VA Clinic,discoverva_va_locator_facility_list,636GU,va_health_facility,43.29113804,,"Decorah, IA",,,Decorah,IA,,US,current_record,record_field,,https://discover.va.gov/va-locator-facility-list/
vha_636GW,Coralville VA Clinic,discoverva_va_locator_facility_list,636GW,va_health_facility,41.684049,,"Coralville, IA",,,Coralville,IA,,US,current_record,record_field,,https://discover.va.gov/va-locator-facility-list/
vha_636GY,Burlington VA Clinic,discoverva_va_locator_facility_list,636GY,va_health_facility,40.81892358,,"Burlington, IA",,,Burlington,IA,,US,current_record,record_field,,https://discover.va.gov/va-locator-facility-list/
vha_636GZ,South Des Moines VA Clinic,discoverva_va_locator_facility_list,636GZ,va_health_facility,41.52622177,,"Des Moines, IA",,,Des Moines,IA,,US,current_record,record_field,,https://discover.va.gov/va-locator-facility-list/
vha_636QA,Omaha VA Clinic,discoverva_va_locator_facility_list,636QA,va_health_facility,41.23940655,,"Omaha, NE",,,Omaha,NE,,US,current_record,record_field,,https://discover.va.gov/va-locator-facility-list/
vha_636QB,Des Moines VA Clinic,discoverva_va_locator_facility_list,636QB,va_health_facility,41.59175428,,"Des Moines, IA",,,Des Moines,IA,,US,current_record,record_field,,https://discover.va.gov/va-locator-facility-list/
vha_636QC,Linn County VA Clinic,discoverva_va_locator_facility_list,636QC,va_health_facility,42.009048,,"Cedar Rapids, IA",,,Cedar Rapids,IA,,US,current_record,record_field,,https://discover.va.gov/va-locator-facility-list/
vha_636QI,Davenport VA Clinic,discoverva_va_locator_facility_list,636QI,va_health_facility,41.52397482,,"Davenport, IA",,,Davenport,IA,,US,current_record,record_field,,https://discover.va.gov/va-locator-facility-list/
vha_636QJ,Iowa City VA Clinic,discoverva_va_locator_facility_list,636QJ,va_health_facility,41.656176,,"Iowa City, IA",,,Iowa City,IA,,US,current_record,record_field,,https://discover.va.gov/va-locator-facility-list/
vha_637,Charles George Department of Veterans Affairs Medical Center,discoverva_va_locator_facility_list,637,va_health_facility,35.58834,,"Asheville, NC",,,Asheville,NC,,US,current_record,record_field,,https://discover.va.gov/va-locator-facility-list/
vha_637GA,Franklin VA Clinic,discoverva_va_locator_facility_list,637GA,va_health_facility,35.17554779,,"Franklin, NC",,,Franklin,NC,,US,current_record,record_field,,https://discover.va.gov/va-locator-facility-list/
vha_637GB,Master Sergeant Jerry K. Crump VA Clinic,discoverva_va_locator_facility_list,637GB,va_health_facility,35.33360399,,"Forest City, NC",,,Forest City,NC,,US,current_record,record_field,,https://discover.va.gov/va-locator-facility-list/
vha_637GC,Hickory VA Clinic,discoverva_va_locator_facility_list,637GC,va_health_facility,35.72674762,,"Hickory, NC",,,Hickory,NC,,US,current_record,record_field,,https://discover.va.gov/va-locator-facility-list/
vha_640,Palo Alto VA Medical Center,discoverva_va_locator_facility_list,640,va_health_facility,37.40132327,,"Palo Alto, CA",,,Palo Alto,CA,,US,current_record,record_field,,https://discover.va.gov/va-locator-facility-list/
vha_640A0,Palo Alto VA Medical Center-Menlo Park,discoverva_va_locator_facility_list,,va_health_facility,37.468341,,"Menlo Park, CA",,,Menlo Park,CA,,US,current_record,record_field,,https://discover.va.gov/va-locator-facility-list/
vha_640A4,Palo Alto VA Medical Center-Livermore,discoverva_va_locator_facility_list,,va_health_facility,37.62508753,,"Livermore, CA",,,Livermore,CA,,US,current_record,record_field,,https://discover.va.gov/va-locator-facility-list/
vha_640BY,San Jose VA Clinic,discoverva_va_locator_facility_list,640BY,va_health_facility,37.26833126,,"San Jose, CA",,,San Jose,CA,,US,current_record,record_field,,https://discover.va.gov/va-locator-facility-list/
vha_640GA,Capitola VA Clinic,discoverva_va_locator_facility_list,640GA,va_health_facility,36.970596,,"Capitola, CA",,,Capitola,CA,,US,current_record,record_field,,https://discover.va.gov/va-locator-facility-list/
vha_640GC,Fremont VA Clinic,discoverva_va_locator_facility_list,640GC,va_health_facility,37.5506205,,"Fremont, CA",,,Fremont,CA,,US,current_record,record_field,,https://discover.va.gov/va-locator-facility-list/
vha_640HC,Major General William H. Gourley VA-DoD Outpatient Clinic,discoverva_va_locator_facility_list,640HC,va_health_facility,36.66249151,,"Marina, CA",,,Marina,CA,,US,current_record,record_field,,https://discover.va.gov/va-locator-facility-list/
vha_640QB,Palo Alto 2 VA Mobile Clinic,discoverva_va_locator_facility_list,640QB,va_health_facility,37.25706307,,"San Jose, CA",,,San Jose,CA,,US,current_record,record_field,,https://discover.va.gov/va-locator-facility-list/
vha_642,Corporal Michael J. Crescenz Department of Veterans Affairs Medical Center,discoverva_va_locator_facility_list,642,va_health_facility,39.94974848,,"Philadelphia, PA",,,Philadelphia,PA,,US,current_record,record_field,,https://discover.va.gov/va-locator-facility-list/
vha_642BU,Philadelphia VA Domiciliary,discoverva_va_locator_facility_list,642BU,va_health_facility,39.92454307,,"Philadelphia, PA",,,Philadelphia,PA,,US,current_record,record_field,,https://discover.va.gov/va-locator-facility-list/
vha_642GA,Burlington County VA Clinic,discoverva_va_locator_facility_list,642GA,va_health_facility,39.91130443,,"Marlton, NJ",,,Marlton,NJ,,US,current_record,record_field,,https://discover.va.gov/va-locator-facility-list/
vha_642GC,Victor J. Saracini Department of Veterans Affairs Outpatient Clinic,discoverva_va_locator_facility_list,642GC,va_health_facility,40.201695,,"Horsham, PA",,,Horsham,PA,,US,current_record,record_field,,https://discover.va.gov/va-locator-facility-list/
vha_642GD,Gloucester County VA Clinic,discoverva_va_locator_facility_list,642GD,va_health_facility,39.77857943,,"Sewell, NJ",,,Sewell,NJ,,US,current_record,record_field,,https://discover.va.gov/va-locator-facility-list/
vha_642GF,Camden VA Clinic,discoverva_va_locator_facility_list,642GF,va_health_facility,39.94120797,,"Camden, NJ",,,Camden,NJ,,US,current_record,record_field,,https://discover.va.gov/va-locator-facility-list/
vha_642GH,West Philadelphia VA Clinic,discoverva_va_locator_facility_list,642GH,va_health_facility,39.962187,,"Philadelphia, PA",,,Philadelphia,PA,,US,current_record,record_field,,https://discover.va.gov/va-locator-facility-list/
vha_642QA,Chestnut Street VA Clinic,discoverva_va_locator_facility_list,642QA,va_health_facility,39.9563297,,"Philadelphia, PA",,,Philadelphia,PA,,US,current_record,record_field,,https://discover.va.gov/va-locator-facility-list/
vha_642QB,Fourth Street VA Clinic,discoverva_va_locator_facility_list,642QB,va_health_facility,39.954645,,"Philadelphia, PA",,,Philadelphia,PA,,US,current_record,record_field,,https://discover.va.gov/va-locator-facility-list/
vha_644,Carl T. Hayden Veterans' Administration Medical Center,discoverva_va_locator_facility_list,644,va_health_facility,33.497586,,"Phoenix, AZ",,,Phoenix,AZ,,US,current_record,record_field,,https://discover.va.gov/va-locator-facility-list/
vha_644BY,Staff Sergeant Alexander W. Conrad Veterans Affairs Health Care Clinic,discoverva_va_locator_facility_list,644BY,va_health_facility,33.293214,,"Gilbert, AZ",,,Gilbert,AZ,,US,current_record,record_field,,https://discover.va.gov/va-locator-facility-list/
vha_644GA,Northwest VA Clinic,discoverva_va_locator_facility_list,644GA,va_health_facility,33.6486222,,"Surprise, AZ",,,Surprise,AZ,,US,current_record,record_field,,https://discover.va.gov/va-locator-facility-list/
vha_644GB,Show Low VA Clinic,discoverva_va_locator_facility_list,644GB,va_health_facility,34.20207011,,"Show Low, AZ",,,Show Low,AZ,,US,current_record,record_field,,https://discover.va.gov/va-locator-facility-list/
vha_644GC,Southwest VA Clinic,discoverva_va_locator_facility_list,644GC,va_health_facility,33.480396,,"Phoenix, AZ",,,Phoenix,AZ,,US,current_record,record_field,,https://discover.va.gov/va-locator-facility-list/
vha_644GD,Payson VA Clinic,discoverva_va_locator_facility_list,644GD,va_health_facility,34.2423139,,"Payson, AZ",,,Payson,AZ,,US,current_record,record_field,,https://discover.va.gov/va-locator-facility-list/
vha_644GE,Thunderbird VA Clinic,discoverva_va_locator_facility_list,644GE,va_health_facility,33.5725683,,"Phoenix, AZ",,,Phoenix,AZ,,US,current_record,record_field,,https://discover.va.gov/va-locator-facility-list/
vha_644GF,Globe VA Clinic,discoverva_va_locator_facility_list,644GF,va_health_facility,33.40727531,,"Globe, AZ",,,Globe,AZ,,US,current_record,record_field,,https://discover.va.gov/va-locator-facility-list/
vha_644GG,Northeast Phoenix VA Clinic,discoverva_va_locator_facility_list,644GG,va_health_facility,33.590232,,"Scottsdale, AZ",,,Scottsdale,AZ,,US,current_record,record_field,,https://discover.va.gov/va-locator-facility-list/
vha_644GH,Phoenix Midtown VA Clinic,discoverva_va_locator_facility_list,644GH,va_health_facility,33.510762,,"Phoenix, AZ",,,Phoenix,AZ,,US,current_record,record_field,,https://discover.va.gov/va-locator-facility-list/
vha_644GI,Phoenix 32nd Street VA Clinic,discoverva_va_locator_facility_list,644GI,va_health_facility,33.45342296,,"Phoenix, AZ",,,Phoenix,AZ,,US,current_record,record_field,,https://discover.va.gov/va-locator-facility-list/
vha_644GJ,Mesa VA Clinic,discoverva_va_locator_facility_list,644GJ,va_health_facility,33.34026157,,"Mesa, AZ",,,Mesa,AZ,,US,current_record,record_field,,https://discover.va.gov/va-locator-facility-list/
vha_644QA,Phoenix VA Clinic,discoverva_va_locator_facility_list,644QA,va_health_facility,33.481161,,"Phoenix, AZ",,,Phoenix,AZ,,US,current_record,record_field,,https://discover.va.gov/va-locator-facility-list/
vha_646,Pittsburgh VA Medical Center-University Drive,discoverva_va_locator_facility_list,646,va_health_facility,40.44473269,,"Pittsburgh, PA",,,Pittsburgh,PA,,US,current_record,record_field,,https://discover.va.gov/va-locator-facility-list/
vha_646A4,H. John Heinz III Department of Veterans Affairs Medical Center,discoverva_va_locator_facility_list,,va_health_facility,40.495158,,"Pittsburgh, PA",,,Pittsburgh,PA,,US,current_record,record_field,,https://discover.va.gov/va-locator-facility-list/
vha_646GA,Belmont County VA Clinic,discoverva_va_locator_facility_list,646GA,va_health_facility,40.06922257,,"St. Clairsville, OH",,,St. Clairsville,OH,,US,current_record,record_field,,https://discover.va.gov/va-locator-facility-list/
vha_646GB,Westmoreland County VA Clinic,discoverva_va_locator_facility_list,646GB,va_health_facility,40.30300659,,"Greensburg, PA",,,Greensburg,PA,,US,current_record,record_field,,https://discover.va.gov/va-locator-facility-list/
vha_646GC,Beaver County VA Clinic,discoverva_va_locator_facility_list,646GC,va_health_facility,40.70193405,,"Rochester, PA",,,Rochester,PA,,US,current_record,record_field,,https://discover.va.gov/va-locator-facility-list/
vha_646GD,Washington County VA Clinic,discoverva_va_locator_facility_list,646GD,va_health_facility,40.170843,,"Washington, PA",,,Washington,PA,,US,current_record,record_field,,https://discover.va.gov/va-locator-facility-list/
vha_646GE,Fayette County VA Clinic,discoverva_va_locator_facility_list,646GE,va_health_facility,39.9249541,,"Uniontown, PA",,,Uniontown,PA,,US,current_record,record_field,,https://discover.va.gov/va-locator-facility-list/
vha_646GF,Henry Parham VA Clinic,discoverva_va_locator_facility_list,646GF,va_health_facility,40.42713863,,"Monroeville, PA",,,Monroeville,PA,,US,current_record,record_field,,https://discover.va.gov/va-locator-facility-list/
vha_648,Portland VA Medical Center,discoverva_va_locator_facility_list,648,va_health_facility,45.49690116,,"Portland, OR",,,Portland,OR,,US,current_record,record_field,,https://discover.va.gov/va-locator-facility-list/
vha_648A4,Vancouver VA Medical Center,discoverva_va_locator_facility_list,,va_health_facility,45.63938186,,"Vancouver, WA",,,Vancouver,WA,,US,current_record,record_field,,https://discover.va.gov/va-locator-facility-list/
vha_648GA,Robert D. Maxwell Department of Veterans Affairs Clinic,discoverva_va_locator_facility_list,648GA,va_health_facility,44.0720333,,"Bend, OR",,,Bend,OR,,US,current_record,record_field,,https://discover.va.gov/va-locator-facility-list/
vha_648GB,Salem VA Clinic,discoverva_va_locator_facility_list,648GB,va_health_facility,44.91603,,"Salem, OR",,,Salem,OR,,US,current_record,record_field,,https://discover.va.gov/va-locator-facility-list/
vha_648GD,Astoria VA Clinic,discoverva_va_locator_facility_list,648GD,va_health_facility,46.19142901,,"Astoria, OR",,,Astoria,OR,,US,current_record,record_field,,https://discover.va.gov/va-locator-facility-list/
vha_648GE,Fairview VA Clinic,discoverva_va_locator_facility_list,648GE,va_health_facility,45.53351337,,"Fairview, OR",,,Fairview,OR,,US,current_record,record_field,,https://discover.va.gov/va-locator-facility-list/
vha_648GF,Hillsboro VA Clinic,discoverva_va_locator_facility_list,648GF,va_health_facility,45.534465,,"Hillsboro, OR",,,Hillsboro,OR,,US,current_record,record_field,,https://discover.va.gov/va-locator-facility-list/
vha_648GG,West Linn VA Clinic,discoverva_va_locator_facility_list,648GG,va_health_facility,45.35109548,,"West Linn, OR",,,West Linn,OR,,US,current_record,record_field,,https://discover.va.gov/va-locator-facility-list/
vha_648GH,Newport VA Clinic,discoverva_va_locator_facility_list,648GH,va_health_facility,44.63598734,,"Newport, OR",,,Newport,OR,,US,current_record,record_field,,https://discover.va.gov/va-locator-facility-list/
vha_648GI,Portland VA Clinic,discoverva_va_locator_facility_list,648GI,va_health_facility,45.52023504,,"Portland, OR",,,Portland,OR,,US,current_record,record_field,,https://discover.va.gov/va-locator-facility-list/
vha_648GJ,Loren R. Kaufman VA Clinic,discoverva_va_locator_facility_list,648GJ,va_health_facility,45.60036501,,"The Dalles, OR",,,The Dalles,OR,,US,current_record,record_field,,https://discover.va.gov/va-locator-facility-list/
vha_648GK,Lincoln City VA Clinic,discoverva_va_locator_facility_list,648GK,va_health_facility,44.99801817,,"Lincoln City, OR",,,Lincoln City,OR,,US,current_record,record_field,,https://discover.va.gov/va-locator-facility-list/
vha_649,Bob Stump Department of Veterans Affairs Medical Center,discoverva_va_locator_facility_list,649,va_health_facility,34.55145201,,"Prescott, AZ",,,Prescott,AZ,,US,current_record,record_field,,https://discover.va.gov/va-locator-facility-list/
vha_649GA,Kingman VA Clinic,discoverva_va_locator_facility_list,649GA,va_health_facility,35.19120832,,"Kingman, AZ",,,Kingman,AZ,,US,current_record,record_field,,https://discover.va.gov/va-locator-facility-list/
vha_649GB,Flagstaff VA Clinic,discoverva_va_locator_facility_list,649GB,va_health_facility,35.18419144,,"Flagstaff, AZ",,,Flagstaff,AZ,,US,current_record,record_field,,https://discover.va.gov/va-locator-facility-list/
vha_649GC,Lake Havasu City VA Clinic,discoverva_va_locator_facility_list,649GC,va_health_facility,34.478406,,"Lake Havasu City, AZ",,,Lake Havasu City,AZ,,US,current_record,record_field,,https://discover.va.gov/va-locator-facility-list/
vha_649GD,Anthem VA Clinic,discoverva_va_locator_facility_list,649GD,va_health_facility,33.86367,,"Anthem, AZ",,,Anthem,AZ,,US,current_record,record_field,,https://discover.va.gov/va-locator-facility-list/
vha_649GE,Cottonwood VA Clinic,discoverva_va_locator_facility_list,649GE,va_health_facility,34.73052861,,"Cottonwood, AZ",,,Cottonwood,AZ,,US,current_record,record_field,,https://discover.va.gov/va-locator-facility-list/
vha_649QA,Chinle VA Clinic,discoverva_va_locator_facility_list,649QA,va_health_facility,36.1475628,,"Chinle, AZ",,,Chinle,AZ,,US,current_record,record_field,,https://discover.va.gov/va-locator-facility-list/
vha_649QB,Holbrook VA Clinic,discoverva_va_locator_facility_list,649QB,va_health_facility,34.93239317,,"Holbrook, AZ",,,Holbrook,AZ,,US,current_record,record_field,,https://discover.va.gov/va-locator-facility-list/
vha_649QD,Page VA Clinic,discoverva_va_locator_facility_list,649QD,va_health_facility,36.91970067,,"Page, AZ",,,Page,AZ,,US,current_record,record_field,,https://discover.va.gov/va-locator-facility-list/
vha_649QF,Tuba City VA Clinic,discoverva_va_locator_facility_list,649QF,va_health_facility,36.13538931,,"Tuba City, AZ",,,Tuba City,AZ,,US,current_record,record_field,,https://discover.va.gov/va-locator-facility-list/
vha_649QG,Polacca VA Clinic,discoverva_va_locator_facility_list,649QG,va_health_facility,35.802778,,"Polacca, AZ",,,Polacca,AZ,,US,current_record,record_field,,https://discover.va.gov/va-locator-facility-list/
vha_649QH,Kayenta VA Clinic,discoverva_va_locator_facility_list,649QH,va_health_facility,36.6608143,,"Kayenta, AZ",,,Kayenta,AZ,,US,current_record,record_field,,https://discover.va.gov/va-locator-facility-list/
vha_650,Providence VA Medical Center,discoverva_va_locator_facility_list,650,va_health_facility,41.831253,,"Providence, RI",,,Providence,RI,,US,current_record,record_field,,https://discover.va.gov/va-locator-facility-list/
vha_650GA,New Bedford VA Clinic,discoverva_va_locator_facility_list,650GA,va_health_facility,41.636268,,"New Bedford, MA",,,New Bedford,MA,,US,current_record,record_field,,https://discover.va.gov/va-locator-facility-list/
vha_650GB,Hyannis VA Clinic,discoverva_va_locator_facility_list,650GB,va_health_facility,41.6515538,,"Hyannis, MA",,,Hyannis,MA,,US,current_record,record_field,,https://discover.va.gov/va-locator-facility-list/
vha_650GD,Middletown VA Clinic,discoverva_va_locator_facility_list,650GD,va_health_facility,41.53034355,,"Middletown, RI",,,Middletown,RI,,US,current_record,record_field,,https://discover.va.gov/va-locator-facility-list/
vha_650QA,Eagle Square VA Clinic,discoverva_va_locator_facility_list,650QA,va_health_facility,41.82454948,,"Providence, RI",,,Providence,RI,,US,current_record,record_field,,https://discover.va.gov/va-locator-facility-list/
vha_650QB,Eagle Street VA Clinic,discoverva_va_locator_facility_list,650QB,va_health_facility,41.82565975,,"Providence, RI",,,Providence,RI,,US,current_record,record_field,,https://discover.va.gov/va-locator-facility-list/
vha_652,Richmond VA Medical Center,discoverva_va_locator_facility_list,652,va_health_facility,37.49792643,,"Richmond, VA",,,Richmond,VA,,US,current_record,record_field,,https://discover.va.gov/va-locator-facility-list/
vha_652GA,Fredericksburg VA Clinic,discoverva_va_locator_facility_list,652GA,va_health_facility,38.31121812,,"Fredericksburg, VA",,,Fredericksburg,VA,,US,current_record,record_field,,https://discover.va.gov/va-locator-facility-list/
vha_652GB,Fredericksburg 2 VA Clinic,discoverva_va_locator_facility_list,652GB,va_health_facility,38.24330497,,"Fredericksburg, VA",,,Fredericksburg,VA,,US,current_record,record_field,,https://discover.va.gov/va-locator-facility-list/
vha_652GC,Henrico County VA Clinic,discoverva_va_locator_facility_list,652GC,va_health_facility,37.631565,,"Richmond, VA",,,Richmond,VA,,US,current_record,record_field,,https://discover.va.gov/va-locator-facility-list/
vha_652GE,Charlottesville VA Clinic,discoverva_va_locator_facility_list,652GE,va_health_facility,38.02149186,,"Charlottesville, VA",,,Charlottesville,VA,,US,current_record,record_field,,https://discover.va.gov/va-locator-facility-list/
vha_652GF,Emporia VA Clinic,discoverva_va_locator_facility_list,652GF,va_health_facility,36.69014119,,"Emporia, VA",,,Emporia,VA,,US,current_record,record_field,,https://discover.va.gov/va-locator-facility-list/
vha_652GI,Massaponax VA Clinic,discoverva_va_locator_facility_list,652GI,va_health_facility,38.23022706,,"Fredericksburg, VA",,,Fredericksburg,VA,,US,current_record,record_field,,https://discover.va.gov/va-locator-facility-list/
vha_653,Roseburg VA Medical Center,discoverva_va_locator_facility_list,653,va_health_facility,43.22859108,,"Roseburg, OR",,,Roseburg,OR,,US,current_record,record_field,,https://discover.va.gov/va-locator-facility-list/
vha_653BY,Eugene VA Clinic,discoverva_va_locator_facility_list,653BY,va_health_facility,44.088462,,"Eugene, OR",,,Eugene,OR,,US,current_record,record_field,,https://discover.va.gov/va-locator-facility-list/
vha_653GA,North Bend VA Clinic,discoverva_va_locator_facility_list,653GA,va_health_facility,43.404291,,"North Bend, OR",,,North Bend,OR,,US,current_record,record_field,,https://discover.va.gov/va-locator-facility-list/
vha_653GB,Brookings VA Clinic,discoverva_va_locator_facility_list,653GB,va_health_facility,42.05213263,,"Brookings, OR",,,Brookings,OR,,US,current_record,record_field,,https://discover.va.gov/va-locator-facility-list/
vha_653QA,Downtown Eugene VA Clinic,discoverva_va_locator_facility_list,653QA,va_health_facility,44.05248,,"Eugene, OR",,,Eugene,OR,,US,current_record,record_field,,https://discover.va.gov/va-locator-facility-list/
vha_654,Ioannis A. Lougaris Veterans' Administration Medical Center,discoverva_va_locator_facility_list,654,va_health_facility,39.516318,,"Reno, NV",,,Reno,NV,,US,current_record,record_field,,https://discover.va.gov/va-locator-facility-list/
vha_654GB,Carson Valley VA Clinic,discoverva_va_locator_facility_list,654GB,va_health_facility,38.93497474,,"Gardnerville, NV",,,Gardnerville,NV,,US,current_record,record_field,,https://discover.va.gov/va-locator-facility-list/
vha_654GC,Lahontan Valley VA Clinic,discoverva_va_locator_facility_list,654GC,va_health_facility,39.46539947,,"Fallon, NV",,,Fallon,NV,,US,current_record,record_field,,https://discover.va.gov/va-locator-facility-list/
vha_654GD,Diamond View VA Clinic,discoverva_va_locator_facility_list,654GD,va_health_facility,40.40584984,,"Susanville, CA",,,Susanville,CA,,US,current_record,record_field,,https://discover.va.gov/va-locator-facility-list/
vha_654GE,Reno East VA Clinic,discoverva_va_locator_facility_list,654GE,va_health_facility,39.51015564,,"Reno, NV",,,Reno,NV,,US,current_record,record_field,,https://discover.va.gov/va-locator-facility-list/
vha_654GF,North Reno VA Clinic,discoverva_va_locator_facility_list,654GF,va_health_facility,39.55763568,,"Reno, NV",,,Reno,NV,,US,current_record,record_field,,https://discover.va.gov/va-locator-facility-list/
vha_654QA,Kietzke VA Clinic,discoverva_va_locator_facility_list,654QA,va_health_facility,39.50191487,,"Reno, NV",,,Reno,NV,,US,current_record,record_field,,https://discover.va.gov/va-locator-facility-list/
vha_654QB,Capitol Hill VA Clinic,discoverva_va_locator_facility_list,654QB,va_health_facility,39.51049649,,"Reno, NV",,,Reno,NV,,US,current_record,record_field,,https://discover.va.gov/va-locator-facility-list/
vha_654QC,Winnemucca VA Clinic,discoverva_va_locator_facility_list,654QC,va_health_facility,40.95717242,,"Winnemucca, NV",,,Winnemucca,NV,,US,current_record,record_field,,https://discover.va.gov/va-locator-facility-list/
vha_654QD,Virginia Street VA Clinic,discoverva_va_locator_facility_list,654QD,va_health_facility,39.48891778,,"Reno, NV",,,Reno,NV,,US,current_record,record_field,,https://discover.va.gov/va-locator-facility-list/
vha_655,Aleda E. Lutz Department of Veterans Affairs Medical Center,discoverva_va_locator_facility_list,655,va_health_facility,43.4436778,,"Saginaw, MI",,,Saginaw,MI,,US,current_record,record_field,,https://discover.va.gov/va-locator-facility-list/
vha_655GA,Navy Corpsman Steve Andrews Department of Veterans Affairs Health Care Clinic,discoverva_va_locator_facility_list,655GA,va_health_facility,44.99157585,,"Gaylord, MI",,,Gaylord,MI,,US,current_record,record_field,,https://discover.va.gov/va-locator-facility-list/
vha_655GB,Colonel Demas T. Craw VA Clinic,discoverva_va_locator_facility_list,655GB,va_health_facility,44.67872029,,"Traverse City, MI",,,Traverse City,MI,,US,current_record,record_field,,https://discover.va.gov/va-locator-facility-list/
vha_655GC,Oscoda VA Clinic,discoverva_va_locator_facility_list,655GC,va_health_facility,44.44755466,,"Oscoda, MI",,,Oscoda,MI,,US,current_record,record_field,,https://discover.va.gov/va-locator-facility-list/
vha_655GD,Lieutenant Colonel Clement C. Van Wagoner Department of Veterans Affairs Clinic,discoverva_va_locator_facility_list,655GD,va_health_facility,45.06106473,,"Alpena, MI",,,Alpena,MI,,US,current_record,record_field,,https://discover.va.gov/va-locator-facility-list/
vha_655GE,Clare VA Clinic,discoverva_va_locator_facility_list,655GE,va_health_facility,43.81183792,,"Clare, MI",,,Clare,MI,,US,current_record,record_field,,https://discover.va.gov/va-locator-facility-list/
vha_655GF,Bad Axe VA Clinic,discoverva_va_locator_facility_list,655GF,va_health_facility,43.80188543,,"Bad Axe, MI",,,Bad Axe,MI,,US,current_record,record_field,,https://discover.va.gov/va-locator-facility-list/
vha_655GG,Cadillac VA Clinic,discoverva_va_locator_facility_list,655GG,va_health_facility,44.27728928,,"Cadillac, MI",,,Cadillac,MI,,US,current_record,record_field,,https://discover.va.gov/va-locator-facility-list/
vha_655GH,Pfc. Justin T. Paton Department of Veterans Affairs Clinic,discoverva_va_locator_facility_list,655GH,va_health_facility,45.39878577,,"Indian River, MI",,,Indian River,MI,,US,current_record,record_field,,https://discover.va.gov/va-locator-facility-list/
vha_655GI,Grayling VA Clinic,discoverva_va_locator_facility_list,655GI,va_health_facility,44.70947041,,"Grayling, MI",,,Grayling,MI,,US,current_record,record_field,,https://discover.va.gov/va-locator-facility-list/
vha_655QA,Saginaw VA Clinic,discoverva_va_locator_facility_list,655QA,va_health_facility,43.46829883,,"Saginaw, MI",,,Saginaw,MI,,US,current_record,record_field,,https://discover.va.gov/va-locator-facility-list/
vha_656,St. Cloud VA Medical Center,discoverva_va_locator_facility_list,656,va_health_facility,45.572589,,"St. Cloud, MN",,,St. Cloud,MN,,US,current_record,record_field,,https://discover.va.gov/va-locator-facility-list/
vha_656GA,Brainerd VA Clinic,discoverva_va_locator_facility_list,656GA,va_health_facility,46.35940375,,"Brainerd, MN",,,Brainerd,MN,,US,current_record,record_field,,https://discover.va.gov/va-locator-facility-list/
vha_656GB,Montevideo VA Clinic,discoverva_va_locator_facility_list,656GB,va_health_facility,44.953029,,"Montevideo, MN",,,Montevideo,MN,,US,current_record,record_field,,https://discover.va.gov/va-locator-facility-list/
vha_656GC,Max J. Beilke Department of Veterans Affairs Outpatient Clinic,discoverva_va_locator_facility_list,656GC,va_health_facility,45.86480556,,"Alexandria, MN",,,Alexandria,MN,,US,current_record,record_field,,https://discover.va.gov/va-locator-facility-list/
vha_657,John J. Cochran Veterans Hospital,discoverva_va_locator_facility_list,657,va_health_facility,38.64258,,"St. Louis, MO",,,St. Louis,MO,,US,current_record,record_field,,https://discover.va.gov/va-locator-facility-list/
vha_657A0,St. Louis VA Medical Center-Jefferson Barracks,discoverva_va_locator_facility_list,,va_health_facility,38.50925313,,"St. Louis, MO",,,St. Louis,MO,,US,current_record,record_field,,https://discover.va.gov/va-locator-facility-list/
vha_657A4,John J. Pershing Veterans' Administration Medical Center,discoverva_va_locator_facility_list,,va_health_facility,36.77159032,,"Poplar Bluff, MO",,,Poplar Bluff,MO,,US,current_record,record_field,,https://discover.va.gov/va-locator-facility-list/
vha_657A5,Marion VA Medical Center,discoverva_va_locator_facility_list,,va_health_facility,37.72970596,,"Marion, IL",,,Marion,IL,,US,current_record,record_field,,https://discover.va.gov/va-locator-facility-list/
vha_657GA,St. Clair County VA Clinic,discoverva_va_locator_facility_list,657GA,va_health_facility,38.57348946,,"Shiloh, IL",,,Shiloh,IL,,US,current_record,record_field,,https://discover.va.gov/va-locator-facility-list/
vha_657GB,St. Louis County VA Clinic,discoverva_va_locator_facility_list,657GB,va_health_facility,38.7954,,"Florissant, MO",,,Florissant,MO,,US,current_record,record_field,,https://discover.va.gov/va-locator-facility-list/
vha_657GD,St. Charles County VA Clinic,discoverva_va_locator_facility_list,657GD,va_health_facility,38.78082,,"St. Charles, MO",,,St. Charles,MO,,US,current_record,record_field,,https://discover.va.gov/va-locator-facility-list/
vha_657GF,West Plains VA Clinic,discoverva_va_locator_facility_list,657GF,va_health_facility,36.72580217,,"West Plains, MO",,,West Plains,MO,,US,current_record,record_field,,https://discover.va.gov/va-locator-facility-list/
vha_657GG,Paragould VA Clinic,discoverva_va_locator_facility_list,657GG,va_health_facility,36.03096019,,"Paragould, AR",,,Paragould,AR,,US,current_record,record_field,,https://discover.va.gov/va-locator-facility-list/
vha_657GH,Cape Girardeau VA Clinic,discoverva_va_locator_facility_list,657GH,va_health_facility,37.29902718,,"Cape Girardeau, MO",,,Cape Girardeau,MO,,US,current_record,record_field,,https://discover.va.gov/va-locator-facility-list/
vha_657GI,Robert Silvey Department of Veterans Affairs Outpatient Clinic,discoverva_va_locator_facility_list,657GI,va_health_facility,37.77317189,,"Farmington, MO",,,Farmington,MO,,US,current_record,record_field,,https://discover.va.gov/va-locator-facility-list/
vha_657GJ,Evansville VA Clinic,discoverva_va_locator_facility_list,657GJ,va_health_facility,37.986084,,"Evansville, IN",,,Evansville,IN,,US,current_record,record_field,,https://discover.va.gov/va-locator-facility-list/
vha_657GK,Mount Vernon VA Clinic,discoverva_va_locator_facility_list,657GK,va_health_facility,38.3051913,,"Mount Vernon, IL",,,Mount Vernon,IL,,US,current_record,record_field,,https://discover.va.gov/va-locator-facility-list/
vha_657GL,Paducah VA Clinic,discoverva_va_locator_facility_list,657GL,va_health_facility,37.06695936,,"Paducah, KY",,,Paducah,KY,,US,current_record,record_field,,https://discover.va.gov/va-locator-facility-list/
vha_657GM,Effingham VA Clinic,discoverva_va_locator_facility_list,657GM,va_health_facility,39.14207228,,"Effingham, IL",,,Effingham,IL,,US,current_record,record_field,,https://discover.va.gov/va-locator-facility-list/
vha_657GO,Madisonville VA Clinic,discoverva_va_locator_facility_list,657GO,va_health_facility,37.36476464,,"Madisonville, KY",,,Madisonville,KY,,US,current_record,record_field,,https://discover.va.gov/va-locator-facility-list/
vha_657GP,Owensboro VA Clinic,discoverva_va_locator_facility_list,657GP,va_health_facility,37.76157135,,"Owensboro, KY",,,Owensboro,KY,,US,current_record,record_field,,https://discover.va.gov/va-locator-facility-list/
vha_657GQ,Vincennes VA Clinic,discoverva_va_locator_facility_list,657GQ,va_health_facility,38.66376488,,"Vincennes, IN",,,Vincennes,IN,,US,current_record,record_field,,https://discover.va.gov/va-locator-facility-list/
vha_657GR,Mayfield VA Clinic,discoverva_va_locator_facility_list,657GR,va_health_facility,36.72111133,,"Mayfield, KY",,,Mayfield,KY,,US,current_record,record_field,,https://discover.va.gov/va-locator-facility-list/
vha_657GS,Franklin County VA Clinic,discoverva_va_locator_facility_list,657GS,va_health_facility,38.53980104,,"Washington, MO",,,Washington,MO,,US,current_record,record_field,,https://discover.va.gov/va-locator-facility-list/
vha_657GT,Carbondale VA Clinic,discoverva_va_locator_facility_list,657GT,va_health_facility,37.72702147,,"Carbondale, IL",,,Carbondale,IL,,US,current_record,record_field,,https://discover.va.gov/va-locator-facility-list/
vha_657GU,Harrisburg VA Clinic,discoverva_va_locator_facility_list,657GU,va_health_facility,37.72878379,,"Harrisburg, IL",,,Harrisburg,IL,,US,current_record,record_field,,https://discover.va.gov/va-locator-facility-list/
vha_657GV,Sikeston VA Clinic,discoverva_va_locator_facility_list,657GV,va_health_facility,36.86859275,,"Sikeston, MO",,,Sikeston,MO,,US,current_record,record_field,,https://discover.va.gov/va-locator-facility-list/
vha_657GW,Pocahontas VA Clinic,discoverva_va_locator_facility_list,657GW,va_health_facility,36.28962745,,"Pocahontas, AR",,,Pocahontas,AR,,US,current_record,record_field,,https://discover.va.gov/va-locator-facility-list/
vha_657GX,Washington Avenue VA Clinic,discoverva_va_locator_facility_list,657GX,va_health_facility,38.63576314,,"St. Louis, MO",,,St. Louis,MO,,US,current_record,record_field,,https://discover.va.gov/va-locator-facility-list/
vha_657GY,Manchester Avenue VA Clinic,discoverva_va_locator_facility_list,657GY,va_health_facility,38.62546202,,"St. Louis, MO",,,St. Louis,MO,,US,current_record,record_field,,https://discover.va.gov/va-locator-facility-list/
vha_657QA,Olive Street VA Clinic,discoverva_va_locator_facility_list,657QA,va_health_facility,38.63840352,,"St. Louis, MO",,,St. Louis,MO,,US,current_record,record_field,,https://discover.va.gov/va-locator-facility-list/
vha_657QD,Heartland Street VA Clinic,discoverva_va_locator_facility_list,657QD,va_health_facility,37.74312888,,"Marion, IL",,,Marion,IL,,US,current_record,record_field,,https://discover.va.gov/va-locator-facility-list/
vha_657QE,Scott Air Force Base VA Clinic,discoverva_va_locator_facility_list,657QE,va_health_facility,38.54260389,,"Scott Air Force Base, IL",,,Scott Air Force Base,IL,,US,current_record,record_field,,https://discover.va.gov/va-locator-facility-list/
vha_658,Salem VA Medical Center,discoverva_va_locator_facility_list,658,va_health_facility,37.274463,,"Salem, VA",,,Salem,VA,,US,current_record,record_field,,https://discover.va.gov/va-locator-facility-list/
vha_658GA,Tazewell VA Clinic,discoverva_va_locator_facility_list,658GA,va_health_facility,37.12374,,"Tazewell, VA",,,Tazewell,VA,,US,current_record,record_field,,https://discover.va.gov/va-locator-facility-list/
vha_658GB,Danville VA Clinic,discoverva_va_locator_facility_list,658GB,va_health_facility,36.59531261,,"Danville, VA",,,Danville,VA,,US,current_record,record_field,,https://discover.va.gov/va-locator-facility-list/
vha_658GC,Private First Class Desmond T. Doss VA Clinic,discoverva_va_locator_facility_list,658GC,va_health_facility,37.402164,,"Lynchburg, VA",,,Lynchburg,VA,,US,current_record,record_field,,https://discover.va.gov/va-locator-facility-list/
vha_658GD,Staunton VA Clinic,discoverva_va_locator_facility_list,658GD,va_health_facility,38.13649785,,"Staunton, VA",,,Staunton,VA,,US,current_record,record_field,,https://discover.va.gov/va-locator-facility-list/
vha_658GE,Wytheville VA Clinic,discoverva_va_locator_facility_list,658GE,va_health_facility,36.95481,,"Wytheville, VA",,,Wytheville,VA,,US,current_record,record_field,,https://discover.va.gov/va-locator-facility-list/
vha_659,W.G. (Bill) Hefner Salisbury Department of Veterans Affairs Medical Center,discoverva_va_locator_facility_list,659,va_health_facility,35.681733,,"Salisbury, NC",,,Salisbury,NC,,US,current_record,record_field,,https://discover.va.gov/va-locator-facility-list/
vha_659BY,Kernersville VA Clinic,discoverva_va_locator_facility_list,659BY,va_health_facility,36.09333,,"Kernersville, NC",,,Kernersville,NC,,US,current_record,record_field,,https://discover.va.gov/va-locator-facility-list/
vha_659BZ,South Charlotte VA Clinic,discoverva_va_locator_facility_list,659BZ,va_health_facility,35.196858,,"Charlotte, NC",,,Charlotte,NC,,US,current_record,record_field,,https://discover.va.gov/va-locator-facility-list/
vha_659GA,North Charlotte VA Clinic,discoverva_va_locator_facility_list,659GA,va_health_facility,35.284122,,"Charlotte, NC",,,Charlotte,NC,,US,current_record,record_field,,https://discover.va.gov/va-locator-facility-list/
vha_660,George E. Wahlen Department of Veterans Affairs Medical Center,discoverva_va_locator_facility_list,660,va_health_facility,40.755051,,"Salt Lake City, UT",,,Salt Lake City,UT,,US,current_record,record_field,,https://discover.va.gov/va-locator-facility-list/
vha_660GA,Pocatello VA Clinic,discoverva_va_locator_facility_list,660GA,va_health_facility,42.86702235,,"Pocatello, ID",,,Pocatello,ID,,US,current_record,record_field,,https://discover.va.gov/va-locator-facility-list/
vha_660GB,Ogden VA Clinic,discoverva_va_locator_facility_list,660GB,va_health_facility,41.191524,,"South Ogden, UT",,,South Ogden,UT,,US,current_record,record_field,,https://discover.va.gov/va-locator-facility-list/
vha_660GD,Roosevelt VA Clinic,discoverva_va_locator_facility_list,660GD,va_health_facility,40.30206149,,"Roosevelt, UT",,,Roosevelt,UT,,US,current_record,record_field,,https://discover.va.gov/va-locator-facility-list/
vha_660GE,Orem VA Clinic,discoverva_va_locator_facility_list,660GE,va_health_facility,40.2831658,,"Orem, UT",,,Orem,UT,,US,current_record,record_field,,https://discover.va.gov/va-locator-facility-list/
vha_660GG,St. George VA Clinic,discoverva_va_locator_facility_list,660GG,va_health_facility,37.08689493,,"St. George, UT",,,St. George,UT,,US,current_record,record_field,,https://discover.va.gov/va-locator-facility-list/
vha_660GJ,South Jordan VA Clinic,discoverva_va_locator_facility_list,660GJ,va_health_facility,40.54147632,,"South Jordan, UT",,,South Jordan,UT,,US,current_record,record_field,,https://discover.va.gov/va-locator-facility-list/
vha_660GK,Elko VA Clinic,discoverva_va_locator_facility_list,660GK,va_health_facility,40.84001686,,"Elko, NV",,,Elko,NV,,US,current_record,record_field,,https://discover.va.gov/va-locator-facility-list/
vha_660QA,Idaho Falls VA Clinic,discoverva_va_locator_facility_list,660QA,va_health_facility,43.49181117,,"Idaho Falls, ID",,,Idaho Falls,ID,,US,current_record,record_field,,https://discover.va.gov/va-locator-facility-list/
vha_660QB,Price VA Clinic,discoverva_va_locator_facility_list,660QB,va_health_facility,39.59782192,,"Price, UT",,,Price,UT,,US,current_record,record_field,,https://discover.va.gov/va-locator-facility-list/
vha_660QD,Cache Valley VA Clinic,discoverva_va_locator_facility_list,660QD,va_health_facility,41.77597929,,"North Logan, UT",,,North Logan,UT,,US,current_record,record_field,,https://discover.va.gov/va-locator-facility-list/
vha_662,San Francisco VA Medical Center,discoverva_va_locator_facility_list,662,va_health_facility,37.781766,,"San Francisco, CA",,,San Francisco,CA,,US,current_record,record_field,,https://discover.va.gov/va-locator-facility-list/
vha_662GA,South Santa Rosa VA Clinic,discoverva_va_locator_facility_list,662GA,va_health_facility,38.423664,,"Santa Rosa, CA",,,Santa Rosa,CA,,US,current_record,record_field,,https://discover.va.gov/va-locator-facility-list/
vha_662GC,Eureka VA Clinic,discoverva_va_locator_facility_list,662GC,va_health_facility,40.78058447,,"Eureka, CA",,,Eureka,CA,,US,current_record,record_field,,https://discover.va.gov/va-locator-facility-list/
vha_662GD,Ukiah VA Clinic,discoverva_va_locator_facility_list,662GD,va_health_facility,39.14811949,,"Ukiah, CA",,,Ukiah,CA,,US,current_record,record_field,,https://discover.va.gov/va-locator-facility-list/
vha_662GE,San Bruno VA Clinic,discoverva_va_locator_facility_list,662GE,va_health_facility,37.63469178,,"San Bruno, CA",,,San Bruno,CA,,US,current_record,record_field,,https://discover.va.gov/va-locator-facility-list/
vha_662GF,San Francisco VA Clinic,discoverva_va_locator_facility_list,662GF,va_health_facility,37.782549,,"San Francisco, CA",,,San Francisco,CA,,US,current_record,record_field,,https://discover.va.gov/va-locator-facility-list/
vha_662GG,Clearlake VA Clinic,discoverva_va_locator_facility_list,662GG,va_health_facility,38.94984654,,"Clearlake, CA",,,Clearlake,CA,,US,current_record,record_field,,https://discover.va.gov/va-locator-facility-list/
vha_662GH,Oakland VA Clinic,discoverva_va_locator_facility_list,662GH,va_health_facility,37.81192328,,"Oakland, CA",,,Oakland,CA,,US,current_record,record_field,,https://discover.va.gov/va-locator-facility-list/
vha_662QA,Twenty-First Street VA Clinic,discoverva_va_locator_facility_list,662QA,va_health_facility,37.81045101,,"Oakland, CA",,,Oakland,CA,,US,current_record,record_field,,https://discover.va.gov/va-locator-facility-list/
vha_662QB,North Santa Rosa VA Clinic,discoverva_va_locator_facility_list,662QB,va_health_facility,38.51220505,,"Santa Rosa, CA",,,Santa Rosa,CA,,US,current_record,record_field,,https://discover.va.gov/va-locator-facility-list/
vha_663,Seattle VA Medical Center,discoverva_va_locator_facility_list,663,va_health_facility,47.562174,,"Seattle, WA",,,Seattle,WA,,US,current_record,record_field,,https://discover.va.gov/va-locator-facility-list/
vha_663A4,American Lake VA Medical Center,discoverva_va_locator_facility_list,,va_health_facility,47.14220758,,"Tacoma, WA",,,Tacoma,WA,,US,current_record,record_field,,https://discover.va.gov/va-locator-facility-list/
vha_663GB,Silverdale VA Clinic,discoverva_va_locator_facility_list,663GB,va_health_facility,47.65410281,,"Silverdale, WA",,,Silverdale,WA,,US,current_record,record_field,,https://discover.va.gov/va-locator-facility-list/
vha_663GC,Mount Vernon VA Clinic,discoverva_va_locator_facility_list,663GC,va_health_facility,48.41879822,,"Mount Vernon, WA",,,Mount Vernon,WA,,US,current_record,record_field,,https://discover.va.gov/va-locator-facility-list/
vha_663GE,North Olympic Peninsula VA Clinic,discoverva_va_locator_facility_list,663GE,va_health_facility,48.11302744,,"Port Angeles, WA",,,Port Angeles,WA,,US,current_record,record_field,,https://discover.va.gov/va-locator-facility-list/
vha_663GH,Edmonds VA Clinic,discoverva_va_locator_facility_list,663GH,va_health_facility,47.80286488,,"Edmonds, WA",,,Edmonds,WA,,US,current_record,record_field,,https://discover.va.gov/va-locator-facility-list/
vha_663GI,Olympia VA Clinic,discoverva_va_locator_facility_list,663GI,va_health_facility,47.053746,,"Olympia, WA",,,Olympia,WA,,US,current_record,record_field,,https://discover.va.gov/va-locator-facility-list/
vha_663GJ,Puyallup VA Clinic,discoverva_va_locator_facility_list,663GJ,va_health_facility,47.0973019,,"Puyallup, WA",,,Puyallup,WA,,US,current_record,record_field,,https://discover.va.gov/va-locator-facility-list/
vha_663GK,Everett VA Clinic,discoverva_va_locator_facility_list,663GK,va_health_facility,47.957643,,"Everett, WA",,,Everett,WA,,US,current_record,record_field,,https://discover.va.gov/va-locator-facility-list/
vha_663HK,Puget Sound VA Mobile Clinic,discoverva_va_locator_facility_list,663HK,va_health_facility,47.14220758,,"Tacoma, WA",,,Tacoma,WA,,US,current_record,record_field,,https://discover.va.gov/va-locator-facility-list/
vha_663QA,Renton VA Clinic,discoverva_va_locator_facility_list,663QA,va_health_facility,47.4811135,,"Renton, WA",,,Renton,WA,,US,current_record,record_field,,https://discover.va.gov/va-locator-facility-list/
vha_663QB,South Lucile Street VA Clinic,discoverva_va_locator_facility_list,663QB,va_health_facility,47.55338549,,"Seattle, WA",,,Seattle,WA,,US,current_record,record_field,,https://discover.va.gov/va-locator-facility-list/
vha_663QC,Seattle VA Mobile Clinic,discoverva_va_locator_facility_list,663QC,va_health_facility,47.563623,,"Seattle, WA",,,Seattle,WA,,US,current_record,record_field,,https://discover.va.gov/va-locator-facility-list/
vha_663QD,American Lake VA Mobile Clinic,discoverva_va_locator_facility_list,663QD,va_health_facility,47.563623,,"Seattle, WA",,,Seattle,WA,,US,current_record,record_field,,https://discover.va.gov/va-locator-facility-list/
vha_664,Jennifer Moreno Department of Veterans Affairs Medical Center,discoverva_va_locator_facility_list,664,va_health_facility,32.875551,,"San Diego, CA",,,San Diego,CA,,US,current_record,record_field,,https://discover.va.gov/va-locator-facility-list/
vha_664BV,San Diego VA Domiciliary,discoverva_va_locator_facility_list,664BV,va_health_facility,32.74651025,,"San Diego, CA",,,San Diego,CA,,US,current_record,record_field,,https://discover.va.gov/va-locator-facility-list/
vha_664BY,Kearny Mesa VA Clinic,discoverva_va_locator_facility_list,664BY,va_health_facility,32.80974319,,"San Diego, CA",,,San Diego,CA,,US,current_record,record_field,,https://discover.va.gov/va-locator-facility-list/
vha_664GA,Imperial Valley VA Clinic,discoverva_va_locator_facility_list,664GA,va_health_facility,32.78232058,,"El Centro, CA",,,El Centro,CA,,US,current_record,record_field,,https://discover.va.gov/va-locator-facility-list/
vha_664GB,Oceanside VA Clinic,discoverva_va_locator_facility_list,664GB,va_health_facility,33.207399,,"Oceanside, CA",,,Oceanside,CA,,US,current_record,record_field,,https://discover.va.gov/va-locator-facility-list/
vha_664GC,Chula Vista VA Clinic,discoverva_va_locator_facility_list,664GC,va_health_facility,32.63386758,,"Chula Vista, CA",,,Chula Vista,CA,,US,current_record,record_field,,https://discover.va.gov/va-locator-facility-list/
vha_664GD,Escondido VA Clinic,discoverva_va_locator_facility_list,664GD,va_health_facility,33.12762633,,"Escondido, CA",,,Escondido,CA,,US,current_record,record_field,,https://discover.va.gov/va-locator-facility-list/
vha_664GF,Sorrento Valley VA Clinic,discoverva_va_locator_facility_list,664GF,va_health_facility,32.89503489,,"San Diego, CA",,,San Diego,CA,,US,current_record,record_field,,https://discover.va.gov/va-locator-facility-list/
vha_664QA,Rio VA Clinic,discoverva_va_locator_facility_list,664QA,va_health_facility,32.77579719,,"San Diego, CA",,,San Diego,CA,,US,current_record,record_field,,https://discover.va.gov/va-locator-facility-list/
vha_666,Sheridan VA Medical Center,discoverva_va_locator_facility_list,666,va_health_facility,44.82696789,,"Sheridan, WY",,,Sheridan,WY,,US,current_record,record_field,,https://discover.va.gov/va-locator-facility-list/
vha_666GB,Casper VA Clinic,discoverva_va_locator_facility_list,666GB,va_health_facility,42.84315,,"Casper, WY",,,Casper,WY,,US,current_record,record_field,,https://discover.va.gov/va-locator-facility-list/
vha_666GC,Riverton VA Clinic,discoverva_va_locator_facility_list,666GC,va_health_facility,43.03564452,,"Riverton, WY",,,Riverton,WY,,US,current_record,record_field,,https://discover.va.gov/va-locator-facility-list/
vha_666GD,Cody VA Clinic,discoverva_va_locator_facility_list,666GD,va_health_facility,44.52714851,,"Cody, WY",,,Cody,WY,,US,current_record,record_field,,https://discover.va.gov/va-locator-facility-list/
vha_666GE,Gillette VA Clinic,discoverva_va_locator_facility_list,666GE,va_health_facility,44.24598598,,"Gillette, WY",,,Gillette,WY,,US,current_record,record_field,,https://discover.va.gov/va-locator-facility-list/
vha_666GF,Rock Springs VA Clinic,discoverva_va_locator_facility_list,666GF,va_health_facility,41.59237335,,"Rock Springs, WY",,,Rock Springs,WY,,US,current_record,record_field,,https://discover.va.gov/va-locator-facility-list/
vha_666QA,Afton VA Clinic,discoverva_va_locator_facility_list,666QA,va_health_facility,42.73130541,,"Afton, WY",,,Afton,WY,,US,current_record,record_field,,https://discover.va.gov/va-locator-facility-list/
vha_666QB,Evanston VA Clinic,discoverva_va_locator_facility_list,666QB,va_health_facility,41.25221466,,"Evanston, WY",,,Evanston,WY,,US,current_record,record_field,,https://discover.va.gov/va-locator-facility-list/
vha_666QC,Worland VA Clinic,discoverva_va_locator_facility_list,666QC,va_health_facility,44.01250153,,"Worland, WY",,,Worland,WY,,US,current_record,record_field,,https://discover.va.gov/va-locator-facility-list/
vha_667,Overton Brooks Veterans' Administration Medical Center,discoverva_va_locator_facility_list,667,va_health_facility,32.50001146,,"Shreveport, LA",,,Shreveport,LA,,US,current_record,record_field,,https://discover.va.gov/va-locator-facility-list/
vha_667GA,Texarkana VA Clinic,discoverva_va_locator_facility_list,667GA,va_health_facility,33.47483911,,"Texarkana, TX",,,Texarkana,TX,,US,current_record,record_field,,https://discover.va.gov/va-locator-facility-list/
vha_667GB,Monroe VA Clinic,discoverva_va_locator_facility_list,667GB,va_health_facility,32.53050689,,"Monroe, LA",,,Monroe,LA,,US,current_record,record_field,,https://discover.va.gov/va-locator-facility-list/
vha_667GC,Longview VA Clinic,discoverva_va_locator_facility_list,667GC,va_health_facility,32.512977,,"Longview, TX",,,Longview,TX,,US,current_record,record_field,,https://discover.va.gov/va-locator-facility-list/
vha_667QA,Knight Street VA Clinic,discoverva_va_locator_facility_list,667QA,va_health_facility,32.48369378,,"Shreveport, LA",,,Shreveport,LA,,US,current_record,record_field,,https://discover.va.gov/va-locator-facility-list/
vha_668,Mann-Grandstaff Department of Veterans Affairs Medical Center,discoverva_va_locator_facility_list,668,va_health_facility,47.70192635,,"Spokane, WA",,,Spokane,WA,,US,current_record,record_field,,https://discover.va.gov/va-locator-facility-list/
vha_668GA,Elwood “Bud” Link Department of Veterans Affairs Outpatient Clinic,discoverva_va_locator_facility_list,668GA,va_health_facility,47.46323864,,"Wenatchee, WA",,,Wenatchee,WA,,US,current_record,record_field,,https://discover.va.gov/va-locator-facility-list/
vha_668GB,Coeur d 'Alene VA Clinic,discoverva_va_locator_facility_list,668GB,va_health_facility,47.69263845,,"Coeur d'Alene, ID",,,Coeur d'Alene,ID,,US,current_record,record_field,,https://discover.va.gov/va-locator-facility-list/
vha_668GC,East Front Avenue VA Clinic,discoverva_va_locator_facility_list,668GC,va_health_facility,47.66032451,,"Spokane, WA",,,Spokane,WA,,US,current_record,record_field,,https://discover.va.gov/va-locator-facility-list/
vha_668GD,Spokane Valley VA Clinic,discoverva_va_locator_facility_list,668GD,va_health_facility,47.68627523,,"Spokane Valley, WA",,,Spokane Valley,WA,,US,current_record,record_field,,https://discover.va.gov/va-locator-facility-list/
vha_668QB,Libby VA Clinic,discoverva_va_locator_facility_list,668QB,va_health_facility,48.39322213,,"Libby, MT",,,Libby,MT,,US,current_record,record_field,,https://discover.va.gov/va-locator-facility-list/
vha_668QD,Bonner County VA Clinic,discoverva_va_locator_facility_list,668QD,va_health_facility,48.311631,,"Kootenai, ID",,,Kootenai,ID,,US,current_record,record_field,,https://discover.va.gov/va-locator-facility-list/
vha_668QE,Spokane VA Clinic,discoverva_va_locator_facility_list,668QE,va_health_facility,47.654433,,"Spokane, WA",,,Spokane,WA,,US,current_record,record_field,,https://discover.va.gov/va-locator-facility-list/
vha_671,Audie L. Murphy Memorial Veterans' Hospital,discoverva_va_locator_facility_list,671,va_health_facility,29.50841909,,"San Antonio, TX",,,San Antonio,TX,,US,current_record,record_field,,https://discover.va.gov/va-locator-facility-list/
vha_671A4,Kerrville VA Medical Center,discoverva_va_locator_facility_list,,va_health_facility,30.01378285,,"Kerrville, TX",,,Kerrville,TX,,US,current_record,record_field,,https://discover.va.gov/va-locator-facility-list/
vha_671GB,Victoria VA Clinic,discoverva_va_locator_facility_list,671GB,va_health_facility,28.811457,,"Victoria, TX",,,Victoria,TX,,US,current_record,record_field,,https://discover.va.gov/va-locator-facility-list/
vha_671GF,South Bexar County VA Clinic,discoverva_va_locator_facility_list,671GF,va_health_facility,29.374119,,"San Antonio, TX",,,San Antonio,TX,,US,current_record,record_field,,https://discover.va.gov/va-locator-facility-list/
vha_671GK,San Antonio VA Clinic,discoverva_va_locator_facility_list,671GK,va_health_facility,29.5113085,,"San Antonio, TX",,,San Antonio,TX,,US,current_record,record_field,,https://discover.va.gov/va-locator-facility-list/
vha_671GL,New Braunfels VA Clinic,discoverva_va_locator_facility_list,671GL,va_health_facility,29.72015179,,"New Braunfels, TX",,,New Braunfels,TX,,US,current_record,record_field,,https://discover.va.gov/va-locator-facility-list/
vha_671GO,North Central Federal VA Clinic,discoverva_va_locator_facility_list,671GO,va_health_facility,29.60335111,,"San Antonio, TX",,,San Antonio,TX,,US,current_record,record_field,,https://discover.va.gov/va-locator-facility-list/
vha_671GP,Balcones Heights VA Clinic,discoverva_va_locator_facility_list,671GP,va_health_facility,29.48970344,,"San Antonio, TX",,,San Antonio,TX,,US,current_record,record_field,,https://discover.va.gov/va-locator-facility-list/
vha_671GQ,Shavano Park VA Clinic,discoverva_va_locator_facility_list,671GQ,va_health_facility,29.57900214,,"San Antonio, TX",,,San Antonio,TX,,US,current_record,record_field,,https://discover.va.gov/va-locator-facility-list/
vha_671GR,North Bexar VA Clinic,discoverva_va_locator_facility_list,671GR,va_health_facility,29.587032,,"San Antonio, TX",,,San Antonio,TX,,US,current_record,record_field,,https://discover.va.gov/va-locator-facility-list/
vha_671GS,North West San Antonio VA Clinic,discoverva_va_locator_facility_list,671GS,va_health_facility,29.44694027,,"San Antonio, TX",,,San Antonio,TX,,US,current_record,record_field,,https://discover.va.gov/va-locator-facility-list/
vha_671GT,Walzem VA Clinic,discoverva_va_locator_facility_list,671GT,va_health_facility,29.49827559,,"San Antonio, TX",,,San Antonio,TX,,US,current_record,record_field,,https://discover.va.gov/va-locator-facility-list/
vha_671GU,San Antonio Pecan Valley VA Clinic,discoverva_va_locator_facility_list,671GU,va_health_facility,29.37701004,,"San Antonio, TX",,,San Antonio,TX,,US,current_record,record_field,,https://discover.va.gov/va-locator-facility-list/
vha_671GV,North East Bexar VA Clinic,discoverva_va_locator_facility_list,671GV,va_health_facility,29.51640147,,"San Antonio, TX",,,San Antonio,TX,,US,current_record,record_field,,https://discover.va.gov/va-locator-facility-list/
vha_671GW,Southwest VA Clinic,discoverva_va_locator_facility_list,671GW,va_health_facility,29.35660954,,"San Antonio, TX",,,San Antonio,TX,,US,current_record,record_field,,https://discover.va.gov/va-locator-facility-list/
vha_671QB,Data Point VA Clinic,discoverva_va_locator_facility_list,671QB,va_health_facility,29.51746496,,"San Antonio, TX",,,San Antonio,TX,,US,current_record,record_field,,https://discover.va.gov/va-locator-facility-list/
vha_671QD,San Antonio Randolph VA Clinic,discoverva_va_locator_facility_list,671QD,va_health_facility,29.53532608,,"Randolph Air Force Base, TX",,,Randolph Air Force Base,TX,,US,current_record,record_field,,https://discover.va.gov/va-locator-facility-list/
vha_672,San Juan VA Medical Center,discoverva_va_locator_facility_list,672,va_health_facility,18.39165303,,"San Juan, PR",,,San Juan,PR,,US,current_record,record_field,,https://discover.va.gov/va-locator-facility-list/
vha_672B0,Eurípides Rubio Department of Veterans Affairs Outpatient Clinic,discoverva_va_locator_facility_list,,va_health_facility,17.98783097,,"Ponce, PR",,,Ponce,PR,,US,current_record,record_field,,https://discover.va.gov/va-locator-facility-list/
vha_672BZ,Mayaguez VA Clinic,discoverva_va_locator_facility_list,672BZ,va_health_facility,18.18643468,,"Mayaguez, PR",,,Mayaguez,PR,,US,current_record,record_field,,https://discover.va.gov/va-locator-facility-list/
vha_672GA,Saint Croix VA Clinic,discoverva_va_locator_facility_list,672GA,va_health_facility,17.69725,,"St. Croix, VI",,,St. Croix,VI,,US,current_record,record_field,,https://discover.va.gov/va-locator-facility-list/
vha_672GB,Saint Thomas VA Clinic,discoverva_va_locator_facility_list,672GB,va_health_facility,18.340651,,"Saint Thomas, VI",,,Saint Thomas,VI,,US,current_record,record_field,,https://discover.va.gov/va-locator-facility-list/
vha_672GC,Arecibo VA Clinic,discoverva_va_locator_facility_list,672GC,va_health_facility,18.47101998,,"Arecibo, PR",,,Arecibo,PR,,US,current_record,record_field,,https://discover.va.gov/va-locator-facility-list/
vha_672GD,Ceiba VA Clinic,discoverva_va_locator_facility_list,672GD,va_health_facility,18.27328865,,"Pueblo Ward, PR",,,Pueblo Ward,PR,,US,current_record,record_field,,https://discover.va.gov/va-locator-facility-list/
vha_672GE,Guayama VA Clinic,discoverva_va_locator_facility_list,672GE,va_health_facility,17.97088958,,"Guayama, PR",,,Guayama,PR,,US,current_record,record_field,,https://discover.va.gov/va-locator-facility-list/
vha_672QA,Comerio VA Clinic,discoverva_va_locator_facility_list,672QA,va_health_facility,18.21818413,,"Comerio, PR",,,Comerio,PR,,US,current_record,record_field,,https://discover.va.gov/va-locator-facility-list/
vha_672QB,Utuado VA Clinic,discoverva_va_locator_facility_list,672QB,va_health_facility,18.26728457,,"Utuado, PR",,,Utuado,PR,,US,current_record,record_field,,https://discover.va.gov/va-locator-facility-list/
vha_672QC,Vieques VA Clinic,discoverva_va_locator_facility_list,672QC,va_health_facility,18.1386,,"Vieques, PR",,,Vieques,PR,,US,current_record,record_field,,https://discover.va.gov/va-locator-facility-list/
vha_672QH,Hato Rey VA Clinic,discoverva_va_locator_facility_list,672QH,va_health_facility,18.41057774,,"San Juan, PR",,,San Juan,PR,,US,current_record,record_field,,https://discover.va.gov/va-locator-facility-list/
vha_673,James A. Haley Veterans' Hospital,discoverva_va_locator_facility_list,673,va_health_facility,28.064718,,"Tampa, FL",,,Tampa,FL,,US,current_record,record_field,,https://discover.va.gov/va-locator-facility-list/
vha_673BZ,New Port Richey VA Clinic,discoverva_va_locator_facility_list,673BZ,va_health_facility,28.27148937,,"New Port Richey, FL",,,New Port Richey,FL,,US,current_record,record_field,,https://discover.va.gov/va-locator-facility-list/
vha_673GB,Lakeland VA Clinic,discoverva_va_locator_facility_list,673GB,va_health_facility,27.99970969,,"Lakeland, FL",,,Lakeland,FL,,US,current_record,record_field,,https://discover.va.gov/va-locator-facility-list/
vha_673GC,Brooksville VA Clinic,discoverva_va_locator_facility_list,673GC,va_health_facility,28.53374051,,"Brooksville, FL",,,Brooksville,FL,,US,current_record,record_field,,https://discover.va.gov/va-locator-facility-list/
vha_673GF,Zephyrhills VA Clinic,discoverva_va_locator_facility_list,673GF,va_health_facility,28.25183866,,"Zephyrhills, FL",,,Zephyrhills,FL,,US,current_record,record_field,,https://discover.va.gov/va-locator-facility-list/
vha_673GG,South Hillsborough VA Clinic,discoverva_va_locator_facility_list,673GG,va_health_facility,27.79583262,,"Riverview, FL",,,Riverview,FL,,US,current_record,record_field,,https://discover.va.gov/va-locator-facility-list/
vha_673GH,Lecanto VA Clinic,discoverva_va_locator_facility_list,673GH,va_health_facility,28.90564659,,"Lecanto, FL",,,Lecanto,FL,,US,current_record,record_field,,https://discover.va.gov/va-locator-facility-list/
vha_673QA,Forty-Sixth Street North VA Clinic,discoverva_va_locator_facility_list,673QA,va_health_facility,28.074105,,"Tampa, FL",,,Tampa,FL,,US,current_record,record_field,,https://discover.va.gov/va-locator-facility-list/
vha_673QB,Forty-Sixth Street South VA Clinic,discoverva_va_locator_facility_list,673QB,va_health_facility,28.047879,,"Tampa, FL",,,Tampa,FL,,US,current_record,record_field,,https://discover.va.gov/va-locator-facility-list/
vha_673QH,Bruce B. Downs Boulevard VA Clinic,discoverva_va_locator_facility_list,673QH,va_health_facility,28.05908942,,"Tampa, FL",,,Tampa,FL,,US,current_record,record_field,,https://discover.va.gov/va-locator-facility-list/
vha_673QJ,Hidden River VA Clinic,discoverva_va_locator_facility_list,673QJ,va_health_facility,28.07089029,,"Tampa, FL",,,Tampa,FL,,US,current_record,record_field,,https://discover.va.gov/va-locator-facility-list/
vha_673QM,Temple Terrace VA Clinic,discoverva_va_locator_facility_list,673QM,va_health_facility,28.03248725,,"Temple Terrace, FL",,,Temple Terrace,FL,,US,current_record,record_field,,https://discover.va.gov/va-locator-facility-list/
vha_673QN,Sabal Park VA Clinic,discoverva_va_locator_facility_list,673QN,va_health_facility,27.97670148,,"Tampa, FL",,,Tampa,FL,,US,current_record,record_field,,https://discover.va.gov/va-locator-facility-list/
vha_673QO,Forty-Second Street VA Clinic,discoverva_va_locator_facility_list,673QO,va_health_facility,28.07997945,,"Tampa, FL",,,Tampa,FL,,US,current_record,record_field,,https://discover.va.gov/va-locator-facility-list/
vha_674,Olin E. Teague Veterans' Center,discoverva_va_locator_facility_list,674,va_health_facility,31.07901994,,"Temple, TX",,,Temple,TX,,US,current_record,record_field,,https://discover.va.gov/va-locator-facility-list/
vha_674A4,Doris Miller Department of Veterans Affairs Medical Center,discoverva_va_locator_facility_list,,va_health_facility,31.511601,,"Waco, TX",,,Waco,TX,,US,current_record,record_field,,https://discover.va.gov/va-locator-facility-list/
vha_674BY,Austin VA Clinic,discoverva_va_locator_facility_list,674BY,va_health_facility,30.205656,,"Austin, TX",,,Austin,TX,,US,current_record,record_field,,https://discover.va.gov/va-locator-facility-list/
vha_674GA,Palestine VA Clinic,discoverva_va_locator_facility_list,674GA,va_health_facility,31.73513557,,"Palestine, TX",,,Palestine,TX,,US,current_record,record_field,,https://discover.va.gov/va-locator-facility-list/
vha_674GB,Brownwood VA Clinic,discoverva_va_locator_facility_list,674GB,va_health_facility,31.67874766,,"Brownwood, TX",,,Brownwood,TX,,US,current_record,record_field,,https://discover.va.gov/va-locator-facility-list/
vha_674GC,Bryan VA Clinic,discoverva_va_locator_facility_list,674GC,va_health_facility,30.5828319,,"College Station, TX",,,College Station,TX,,US,current_record,record_field,,https://discover.va.gov/va-locator-facility-list/
vha_674GD,Cedar Park VA Clinic,discoverva_va_locator_facility_list,674GD,va_health_facility,30.5310884,,"Cedar Park, TX",,,Cedar Park,TX,,US,current_record,record_field,,https://discover.va.gov/va-locator-facility-list/
vha_674GF,Temple VA Clinic,discoverva_va_locator_facility_list,674GF,va_health_facility,31.08680036,,"Temple, TX",,,Temple,TX,,US,current_record,record_field,,https://discover.va.gov/va-locator-facility-list/
vha_674GG,Copperas Cove VA Clinic,discoverva_va_locator_facility_list,674GG,va_health_facility,31.11405308,,"Copperas Cove, TX",,,Copperas Cove,TX,,US,current_record,record_field,,https://discover.va.gov/va-locator-facility-list/
vha_674GH,Killeen VA Clinic,discoverva_va_locator_facility_list,674GH,va_health_facility,31.11405848,,"Killeen, TX",,,Killeen,TX,,US,current_record,record_field,,https://discover.va.gov/va-locator-facility-list/
vha_674HB,LaGrange VA Clinic,discoverva_va_locator_facility_list,674HB,va_health_facility,29.93610753,,"LaGrange, TX",,,LaGrange,TX,,US,current_record,record_field,,https://discover.va.gov/va-locator-facility-list/
vha_675,Orlando VA Medical Center,discoverva_va_locator_facility_list,675,va_health_facility,28.36668938,,"Orlando, FL",,,Orlando,FL,,US,current_record,record_field,,https://discover.va.gov/va-locator-facility-list/
vha_675GA,Viera VA Clinic,discoverva_va_locator_facility_list,675GA,va_health_facility,28.25527705,,"Viera, FL",,,Viera,FL,,US,current_record,record_field,,https://discover.va.gov/va-locator-facility-list/
vha_675GB,Daytona Beach VA Clinic,discoverva_va_locator_facility_list,675GB,va_health_facility,29.229696,,"Daytona Beach, FL",,,Daytona Beach,FL,,US,current_record,record_field,,https://discover.va.gov/va-locator-facility-list/
vha_675GC,Kissimmee VA Clinic,discoverva_va_locator_facility_list,675GC,va_health_facility,28.2971397,,"Kissimmee, FL",,,Kissimmee,FL,,US,current_record,record_field,,https://discover.va.gov/va-locator-facility-list/
vha_675GD,Deltona VA Clinic,discoverva_va_locator_facility_list,675GD,va_health_facility,28.89575302,,"Deltona, FL",,,Deltona,FL,,US,current_record,record_field,,https://discover.va.gov/va-locator-facility-list/
vha_675GE,Tavares VA Clinic,discoverva_va_locator_facility_list,675GE,va_health_facility,28.82177702,,"Tavares, FL",,,Tavares,FL,,US,current_record,record_field,,https://discover.va.gov/va-locator-facility-list/
vha_675GF,Clermont VA Clinic,discoverva_va_locator_facility_list,675GF,va_health_facility,28.52198066,,"Clermont, FL",,,Clermont,FL,,US,current_record,record_field,,https://discover.va.gov/va-locator-facility-list/
vha_675GG,Lake Baldwin VA Clinic,discoverva_va_locator_facility_list,675GG,va_health_facility,28.57912348,,"Orlando, FL",,,Orlando,FL,,US,current_record,record_field,,https://discover.va.gov/va-locator-facility-list/
vha_675QB,Port Orange VA Clinic,discoverva_va_locator_facility_list,675QB,va_health_facility,29.14561908,,"Port Orange, FL",,,Port Orange,FL,,US,current_record,record_field,,https://discover.va.gov/va-locator-facility-list/
vha_675QC,Westside Pavilion VA Clinic,discoverva_va_locator_facility_list,675QC,va_health_facility,29.20365,,"Daytona Beach, FL",,,Daytona Beach,FL,,US,current_record,record_field,,https://discover.va.gov/va-locator-facility-list/
vha_675QE,Orlando 1 VA Mobile Clinic,discoverva_va_locator_facility_list,675QE,va_health_facility,28.57912348,,"Orlando, FL",,,Orlando,FL,,US,current_record,record_field,,https://discover.va.gov/va-locator-facility-list/
vha_675QG,Palm Bay VA Clinic,discoverva_va_locator_facility_list,675QG,va_health_facility,28.0212942,,"Palm Bay, FL",,,Palm Bay,FL,,US,current_record,record_field,,https://discover.va.gov/va-locator-facility-list/
vha_676,Tomah VA Medical Center,discoverva_va_locator_facility_list,676,va_health_facility,44.00110847,,"Tomah, WI",,,Tomah,WI,,US,current_record,record_field,,https://discover.va.gov/va-locator-facility-list/
vha_676GA,Wausau VA Clinic,discoverva_va_locator_facility_list,676GA,va_health_facility,44.897049,,"Rothschild, WI",,,Rothschild,WI,,US,current_record,record_field,,https://discover.va.gov/va-locator-facility-list/
vha_676GC,La Crosse VA Clinic,discoverva_va_locator_facility_list,676GC,va_health_facility,43.867818,,"La Crosse, WI",,,La Crosse,WI,,US,current_record,record_field,,https://discover.va.gov/va-locator-facility-list/
vha_676GD,Wisconsin Rapids VA Clinic,discoverva_va_locator_facility_list,676GD,va_health_facility,44.3929666,,"Wisconsin Rapids, WI",,,Wisconsin Rapids,WI,,US,current_record,record_field,,https://discover.va.gov/va-locator-facility-list/
vha_676GE,Clark County VA Clinic,discoverva_va_locator_facility_list,676GE,va_health_facility,44.94588209,,"Owen, WI",,,Owen,WI,,US,current_record,record_field,,https://discover.va.gov/va-locator-facility-list/
vha_678,Tucson VA Medical Center,discoverva_va_locator_facility_list,678,va_health_facility,32.18110796,,"Tucson, AZ",,,Tucson,AZ,,US,current_record,record_field,,https://discover.va.gov/va-locator-facility-list/
vha_678GA,Sierra Vista VA Clinic,discoverva_va_locator_facility_list,678GA,va_health_facility,31.5557658,,"Sierra Vista, AZ",,,Sierra Vista,AZ,,US,current_record,record_field,,https://discover.va.gov/va-locator-facility-list/
vha_678GB,Yuma VA Clinic,discoverva_va_locator_facility_list,678GB,va_health_facility,32.67086995,,"Yuma, AZ",,,Yuma,AZ,,US,current_record,record_field,,https://discover.va.gov/va-locator-facility-list/
vha_678GC,Casa Grande VA Clinic,discoverva_va_locator_facility_list,678GC,va_health_facility,32.88167745,,"Casa Grande, AZ",,,Casa Grande,AZ,,US,current_record,record_field,,https://discover.va.gov/va-locator-facility-list/
vha_678GD,Safford VA Clinic,discoverva_va_locator_facility_list,678GD,va_health_facility,32.84108147,,"Safford, AZ",,,Safford,AZ,,US,current_record,record_field,,https://discover.va.gov/va-locator-facility-list/
vha_678GE,Green Valley VA Clinic,discoverva_va_locator_facility_list,678GE,va_health_facility,31.85417246,,"Green Valley, AZ",,,Green Valley,AZ,,US,current_record,record_field,,https://discover.va.gov/va-locator-facility-list/
vha_678GF,Northwest Tucson VA Clinic,discoverva_va_locator_facility_list,678GF,va_health_facility,32.38085615,,"Tucson, AZ",,,Tucson,AZ,,US,current_record,record_field,,https://discover.va.gov/va-locator-facility-list/
vha_678GG,Southeast Tucson VA Clinic,discoverva_va_locator_facility_list,678GG,va_health_facility,32.117616,,"Tucson, AZ",,,Tucson,AZ,,US,current_record,record_field,,https://discover.va.gov/va-locator-facility-list/
vha_678QA,Cochise County VA Clinic,discoverva_va_locator_facility_list,678QA,va_health_facility,31.55688802,,"Sierra Vista, AZ",,,Sierra Vista,AZ,,US,current_record,record_field,,https://discover.va.gov/va-locator-facility-list/
vha_678QB,Pinal County VA Clinic,discoverva_va_locator_facility_list,678QB,va_health_facility,32.89404201,,"Casa Grande, AZ",,,Casa Grande,AZ,,US,current_record,record_field,,https://discover.va.gov/va-locator-facility-list/
vha_679,Tuscaloosa VA Medical Center,discoverva_va_locator_facility_list,679,va_health_facility,33.190146,,"Tuscaloosa, AL",,,Tuscaloosa,AL,,US,current_record,record_field,,https://discover.va.gov/va-locator-facility-list/
vha_679GA,Selma VA Clinic,discoverva_va_locator_facility_list,679GA,va_health_facility,32.40531246,,"Selma, AL",,,Selma,AL,,US,current_record,record_field,,https://discover.va.gov/va-locator-facility-list/
vha_687,Jonathan M. Wainwright Memorial VA Medical Center,discoverva_va_locator_facility_list,687,va_health_facility,46.05323845,,"Walla Walla, WA",,,Walla Walla,WA,,US,current_record,record_field,,https://discover.va.gov/va-locator-facility-list/
vha_687GA,Richland VA Clinic,discoverva_va_locator_facility_list,687GA,va_health_facility,46.27710017,,"Richland, WA",,,Richland,WA,,US,current_record,record_field,,https://discover.va.gov/va-locator-facility-list/
vha_687GB,Lewiston VA Clinic,discoverva_va_locator_facility_list,687GB,va_health_facility,46.39729031,,"Lewiston, ID",,,Lewiston,ID,,US,current_record,record_field,,https://discover.va.gov/va-locator-facility-list/
vha_687GC,La Grande VA Clinic,discoverva_va_locator_facility_list,687GC,va_health_facility,45.3139126,,"La Grande, OR",,,La Grande,OR,,US,current_record,record_field,,https://discover.va.gov/va-locator-facility-list/
vha_687HA,Yakima Valley VA Clinic,discoverva_va_locator_facility_list,687HA,va_health_facility,46.55667198,,"Union Gap, WA",,,Union Gap,WA,,US,current_record,record_field,,https://discover.va.gov/va-locator-facility-list/
vha_687QB,Morrow County VA Clinic,discoverva_va_locator_facility_list,687QB,va_health_facility,45.84775042,,"Boardman, OR",,,Boardman,OR,,US,current_record,record_field,,https://discover.va.gov/va-locator-facility-list/
vha_687QC,Wallowa County VA Clinic,discoverva_va_locator_facility_list,687QC,va_health_facility,45.42874256,,"Enterprise, OR",,,Enterprise,OR,,US,current_record,record_field,,https://discover.va.gov/va-locator-facility-list/
vha_688,Washington VA Medical Center,discoverva_va_locator_facility_list,688,va_health_facility,38.929401,,"Washington, DC",,,Washington,DC,,US,current_record,record_field,,https://discover.va.gov/va-locator-facility-list/
vha_688GA,Fort Belvoir VA Clinic,discoverva_va_locator_facility_list,688GA,va_health_facility,38.70478797,,"Fort Belvoir, VA",,,Fort Belvoir,VA,,US,current_record,record_field,,https://discover.va.gov/va-locator-facility-list/
vha_688GB,Southeast Washington VA Clinic,discoverva_va_locator_facility_list,688GB,va_health_facility,38.829393,,"Washington, DC",,,Washington,DC,,US,current_record,record_field,,https://discover.va.gov/va-locator-facility-list/
vha_688GD,Charlotte Hall VA Clinic,discoverva_va_locator_facility_list,688GD,va_health_facility,38.48311657,,"Charlotte Hall, MD",,,Charlotte Hall,MD,,US,current_record,record_field,,https://discover.va.gov/va-locator-facility-list/
vha_688GE,Southern Prince George's County VA Clinic,discoverva_va_locator_facility_list,688GE,va_health_facility,38.808405,,"Camp Springs, MD",,,Camp Springs,MD,,US,current_record,record_field,,https://discover.va.gov/va-locator-facility-list/
vha_688GF,Montgomery County VA Clinic,discoverva_va_locator_facility_list,688GF,va_health_facility,39.115062,,"Gaithersburg, MD",,,Gaithersburg,MD,,US,current_record,record_field,,https://discover.va.gov/va-locator-facility-list/
vha_688GG,Lexington Park VA Clinic,discoverva_va_locator_facility_list,688GG,va_health_facility,38.259315,,"Lexington Park, MD",,,Lexington Park,MD,,US,current_record,record_field,,https://discover.va.gov/va-locator-facility-list/
vha_688QA,Franklin Street VA Clinic,discoverva_va_locator_facility_list,688QA,va_health_facility,38.926008,,"Washington, DC",,,Washington,DC,,US,current_record,record_field,,https://discover.va.gov/va-locator-facility-list/
vha_689,West Haven VA Medical Center,discoverva_va_locator_facility_list,689,va_health_facility,41.28432479,,"West Haven, CT",,,West Haven,CT,,US,current_record,record_field,,https://discover.va.gov/va-locator-facility-list/
vha_689A4,Newington VA Clinic,discoverva_va_locator_facility_list,,va_health_facility,41.702148,,"Newington, CT",,,Newington,CT,,US,current_record,record_field,,https://discover.va.gov/va-locator-facility-list/
vha_689GA,Waterbury VA Clinic,discoverva_va_locator_facility_list,689GA,va_health_facility,41.55361819,,"Waterbury, CT",,,Waterbury,CT,,US,current_record,record_field,,https://discover.va.gov/va-locator-facility-list/
vha_689GB,Stamford VA Clinic,discoverva_va_locator_facility_list,689GB,va_health_facility,41.061978,,"Stamford, CT",,,Stamford,CT,,US,current_record,record_field,,https://discover.va.gov/va-locator-facility-list/
vha_689GC,Willimantic VA Clinic,discoverva_va_locator_facility_list,689GC,va_health_facility,41.71521922,,"Willimantic, CT",,,Willimantic,CT,,US,current_record,record_field,,https://discover.va.gov/va-locator-facility-list/
vha_689GD,Winsted VA Clinic,discoverva_va_locator_facility_list,689GD,va_health_facility,41.93038034,,"Winsted, CT",,,Winsted,CT,,US,current_record,record_field,,https://discover.va.gov/va-locator-facility-list/
vha_689GE,Danbury VA Clinic,discoverva_va_locator_facility_list,689GE,va_health_facility,41.40889422,,"Danbury, CT",,,Danbury,CT,,US,current_record,record_field,,https://discover.va.gov/va-locator-facility-list/
vha_689GF,Orange VA Clinic,discoverva_va_locator_facility_list,689GF,va_health_facility,41.25795206,,"Orange, CT",,,Orange,CT,,US,current_record,record_field,,https://discover.va.gov/va-locator-facility-list/
vha_689HC,John J. McGuirk Department of Veterans Affairs Outpatient Clinic,discoverva_va_locator_facility_list,689HC,va_health_facility,41.34614153,,"New London, CT",,,New London,CT,,US,current_record,record_field,,https://discover.va.gov/va-locator-facility-list/
vha_689QA,Errera VA Clinic,discoverva_va_locator_facility_list,689QA,va_health_facility,41.29676649,,"West Haven, CT",,,West Haven,CT,,US,current_record,record_field,,https://discover.va.gov/va-locator-facility-list/
vha_691,West Los Angeles VA Medical Center,discoverva_va_locator_facility_list,691,va_health_facility,34.05243241,,"Los Angeles, CA",,,Los Angeles,CA,,US,current_record,record_field,,https://discover.va.gov/va-locator-facility-list/
vha_691A4,Sepulveda VA Medical Center,discoverva_va_locator_facility_list,,va_health_facility,34.24292261,,"Sepulveda, CA",,,Sepulveda,CA,,US,current_record,record_field,,https://discover.va.gov/va-locator-facility-list/
vha_691GB,Santa Barbara VA Clinic,discoverva_va_locator_facility_list,691GB,va_health_facility,34.44240299,,"Santa Barbara, CA",,,Santa Barbara,CA,,US,current_record,record_field,,https://discover.va.gov/va-locator-facility-list/
vha_691GD,Bakersfield VA Clinic,discoverva_va_locator_facility_list,691GD,va_health_facility,35.37581914,,"Bakersfield, CA",,,Bakersfield,CA,,US,current_record,record_field,,https://discover.va.gov/va-locator-facility-list/
vha_691GE,Los Angeles VA Clinic,discoverva_va_locator_facility_list,691GE,va_health_facility,34.05149131,,"Los Angeles, CA",,,Los Angeles,CA,,US,current_record,record_field,,https://discover.va.gov/va-locator-facility-list/
vha_691GF,East Los Angeles VA Clinic,discoverva_va_locator_facility_list,691GF,va_health_facility,34.01553574,,"Commerce, CA",,,Commerce,CA,,US,current_record,record_field,,https://discover.va.gov/va-locator-facility-list/
vha_691GG,Antelope Valley VA Clinic,discoverva_va_locator_facility_list,691GG,va_health_facility,34.70402594,,"Lancaster, CA",,,Lancaster,CA,,US,current_record,record_field,,https://discover.va.gov/va-locator-facility-list/
vha_691GK,San Luis Obispo VA Clinic,discoverva_va_locator_facility_list,691GK,va_health_facility,35.27924306,,"San Luis Obispo, CA",,,San Luis Obispo,CA,,US,current_record,record_field,,https://discover.va.gov/va-locator-facility-list/
vha_691GL,Santa Maria VA Clinic,discoverva_va_locator_facility_list,691GL,va_health_facility,34.95274328,,"Santa Maria, CA",,,Santa Maria,CA,,US,current_record,record_field,,https://discover.va.gov/va-locator-facility-list/
vha_691GP,San Gabriel Valley VA Clinic,discoverva_va_locator_facility_list,691GP,va_health_facility,34.15108223,,"Arcadia, CA",,,Arcadia,CA,,US,current_record,record_field,,https://discover.va.gov/va-locator-facility-list/
vha_691GQ,Captain Rosemary Bryant Mariner Outpatient Clinic,discoverva_va_locator_facility_list,691GQ,va_health_facility,34.25955593,,"Ventura, CA",,,Ventura,CA,,US,current_record,record_field,,https://discover.va.gov/va-locator-facility-list/
vha_692,White City VA Medical Center,discoverva_va_locator_facility_list,692,va_health_facility,42.43994933,,"White City, OR",,,White City,OR,,US,current_record,record_field,,https://discover.va.gov/va-locator-facility-list/
vha_692GA,Klamath Falls VA Clinic,discoverva_va_locator_facility_list,692GA,va_health_facility,42.2481744,,"Klamath Falls, OR",,,Klamath Falls,OR,,US,current_record,record_field,,https://discover.va.gov/va-locator-facility-list/
vha_692GB,Grants Pass VA Clinic,discoverva_va_locator_facility_list,692GB,va_health_facility,42.416559,,"Grants Pass, OR",,,Grants Pass,OR,,US,current_record,record_field,,https://discover.va.gov/va-locator-facility-list/
vha_693,Wilkes-Barre VA Medical Center,discoverva_va_locator_facility_list,693,va_health_facility,41.2480423,,"Wilkes-Barre, PA",,,Wilkes-Barre,PA,,US,current_record,record_field,,https://discover.va.gov/va-locator-facility-list/
vha_693B4,Allentown VA Clinic,discoverva_va_locator_facility_list,,va_health_facility,40.58346462,,"Allentown, PA",,,Allentown,PA,,US,current_record,record_field,,https://discover.va.gov/va-locator-facility-list/
vha_693GA,Sayre VA Clinic,discoverva_va_locator_facility_list,693GA,va_health_facility,41.970825,,"Sayre, PA",,,Sayre,PA,,US,current_record,record_field,,https://discover.va.gov/va-locator-facility-list/
vha_693GB,Williamsport VA Clinic,discoverva_va_locator_facility_list,693GB,va_health_facility,41.25899713,,"Williamsport, PA",,,Williamsport,PA,,US,current_record,record_field,,https://discover.va.gov/va-locator-facility-list/
vha_693GC,Tobyhanna VA Clinic,discoverva_va_locator_facility_list,693GC,va_health_facility,41.18581805,,"Tobyhanna, PA",,,Tobyhanna,PA,,US,current_record,record_field,,https://discover.va.gov/va-locator-facility-list/
vha_693GF,Columbia County VA Clinic,discoverva_va_locator_facility_list,693GF,va_health_facility,41.01592293,,"Bloomsburg, PA",,,Bloomsburg,PA,,US,current_record,record_field,,https://discover.va.gov/va-locator-facility-list/
vha_693GG,Northampton County VA Clinic,discoverva_va_locator_facility_list,693GG,va_health_facility,40.87414841,,"Bangor, PA",,,Bangor,PA,,US,current_record,record_field,,https://discover.va.gov/va-locator-facility-list/
vha_693QA,Wayne County VA Clinic,discoverva_va_locator_facility_list,693QA,va_health_facility,41.574978,,"Honesdale, PA",,,Honesdale,PA,,US,current_record,record_field,,https://discover.va.gov/va-locator-facility-list/
vha_693QB,Cedar Crest Boulevard VA Clinic,discoverva_va_locator_facility_list,693QB,va_health_facility,40.61443817,,"Allentown, PA",,,Allentown,PA,,US,current_record,record_field,,https://discover.va.gov/va-locator-facility-list/
vha_695,Clement J. Zablocki Veterans' Administration Medical Center,discoverva_va_locator_facility_list,695,va_health_facility,43.023168,,"Milwaukee, WI",,,Milwaukee,WI,,US,current_record,record_field,,https://discover.va.gov/va-locator-facility-list/
vha_695BY,John H. Bradley Department of Veterans Affairs Outpatient Clinic,discoverva_va_locator_facility_list,695BY,va_health_facility,44.28053791,,"Appleton, WI",,,Appleton,WI,,US,current_record,record_field,,https://discover.va.gov/va-locator-facility-list/
vha_695GA,Union Grove VA Clinic,discoverva_va_locator_facility_list,695GA,va_health_facility,42.693273,,"Union Grove, WI",,,Union Grove,WI,,US,current_record,record_field,,https://discover.va.gov/va-locator-facility-list/
vha_695GC,Cleveland VA Clinic,discoverva_va_locator_facility_list,695GC,va_health_facility,43.92124391,,"Cleveland, WI",,,Cleveland,WI,,US,current_record,record_field,,https://discover.va.gov/va-locator-facility-list/
vha_695GD,Milo C. Huempfner Department of Veterans Affairs Outpatient Clinic,discoverva_va_locator_facility_list,695GD,va_health_facility,44.523648,,"Green Bay, WI",,,Green Bay,WI,,US,current_record,record_field,,https://discover.va.gov/va-locator-facility-list/
vha_695GE,Oconomowoc VA Clinic,discoverva_va_locator_facility_list,695GE,va_health_facility,43.107735,,"Oconomowoc, WI",,,Oconomowoc,WI,,US,current_record,record_field,,https://discover.va.gov/va-locator-facility-list/
vha_695QA,Milwaukee VA Clinic,discoverva_va_locator_facility_list,695QA,va_health_facility,43.054308,,"Milwaukee, WI",,,Milwaukee,WI,,US,current_record,record_field,,https://discover.va.gov/va-locator-facility-list/
vha_740,Harlingen VA Clinic,discoverva_va_locator_facility_list,740,va_health_facility,26.17062357,,"Harlingen, TX",,,Harlingen,TX,,US,current_record,record_field,,https://discover.va.gov/va-locator-facility-list/
vha_740GA,Harlingen VA Clinic-Treasure Hills,discoverva_va_locator_facility_list,740GA,va_health_facility,26.17450135,,"Harlingen, TX",,,Harlingen,TX,,US,current_record,record_field,,https://discover.va.gov/va-locator-facility-list/
vha_740GB,McAllen VA Clinic,discoverva_va_locator_facility_list,740GB,va_health_facility,26.20855012,,"McAllen, TX",,,McAllen,TX,,US,current_record,record_field,,https://discover.va.gov/va-locator-facility-list/
vha_740GC,Corpus Christi VA Clinic,discoverva_va_locator_facility_list,740GC,va_health_facility,27.7573084,,"Corpus Christi, TX",,,Corpus Christi,TX,,US,current_record,record_field,,https://discover.va.gov/va-locator-facility-list/
vha_740GD,Laredo VA Clinic,discoverva_va_locator_facility_list,740GD,va_health_facility,27.537273,,"Laredo, TX",,,Laredo,TX,,US,current_record,record_field,,https://discover.va.gov/va-locator-facility-list/
vha_740GH,South Enterprize VA Clinic,discoverva_va_locator_facility_list,740GH,va_health_facility,27.762192,,"Corpus Christi, TX",,,Corpus Christi,TX,,US,current_record,record_field,,https://discover.va.gov/va-locator-facility-list/
vha_740GK,Brownsville VA Clinic,discoverva_va_locator_facility_list,740GK,va_health_facility,25.98745526,,"Brownsville, TX",,,Brownsville,TX,,US,current_record,record_field,,https://discover.va.gov/va-locator-facility-list/
vha_740QA,McAllen VA Mobile Clinic,discoverva_va_locator_facility_list,740QA,va_health_facility,26.20833563,,"McAllen, TX",,,McAllen,TX,,US,current_record,record_field,,https://discover.va.gov/va-locator-facility-list/
vha_740QB,Corpus Christi West Point VA Clinic,discoverva_va_locator_facility_list,740QB,va_health_facility,27.74976224,,"Corpus Christi, TX",,,Corpus Christi,TX,,US,current_record,record_field,,https://discover.va.gov/va-locator-facility-list/
vha_740QC,Corpus Christi VA Mobile Clinic,discoverva_va_locator_facility_list,740QC,va_health_facility,27.74976224,,"Corpus Christi, TX",,,Corpus Christi,TX,,US,current_record,record_field,,https://discover.va.gov/va-locator-facility-list/
vha_756,El Paso VA Clinic,discoverva_va_locator_facility_list,756,va_health_facility,31.81883652,,"El Paso, TX",,,El Paso,TX,,US,current_record,record_field,,https://discover.va.gov/va-locator-facility-list/
vha_756GA,Las Cruces VA Clinic,discoverva_va_locator_facility_list,756GA,va_health_facility,32.35492081,,"Las Cruces, NM",,,Las Cruces,NM,,US,current_record,record_field,,https://discover.va.gov/va-locator-facility-list/
vha_756GB,El Paso Eastside VA Clinic,discoverva_va_locator_facility_list,756GB,va_health_facility,31.764168,,"El Paso, TX",,,El Paso,TX,,US,current_record,record_field,,https://discover.va.gov/va-locator-facility-list/
vha_756GC,El Paso Westside VA Clinic,discoverva_va_locator_facility_list,756GC,va_health_facility,31.90279164,,"El Paso, TX",,,El Paso,TX,,US,current_record,record_field,,https://discover.va.gov/va-locator-facility-list/
vha_756GD,El Paso Northeast VA Clinic,discoverva_va_locator_facility_list,756GD,va_health_facility,31.881411,,"El Paso, TX",,,El Paso,TX,,US,current_record,record_field,,https://discover.va.gov/va-locator-facility-list/
vha_756QA,El Paso South Central VA Clinic,discoverva_va_locator_facility_list,756QA,va_health_facility,31.7753394,,"El Paso, TX",,,El Paso,TX,,US,current_record,record_field,,https://discover.va.gov/va-locator-facility-list/
vha_756QB,El Paso Central VA Clinic,discoverva_va_locator_facility_list,756QB,va_health_facility,31.776444,,"El Paso, TX",,,El Paso,TX,,US,current_record,record_field,,https://discover.va.gov/va-locator-facility-list/
vha_757,Chalmers P. Wylie Veterans Outpatient Clinic,discoverva_va_locator_facility_list,757,va_health_facility,39.98048191,,"Columbus, OH",,,Columbus,OH,,US,current_record,record_field,,https://discover.va.gov/va-locator-facility-list/
vha_757GA,Zanesville VA Clinic,discoverva_va_locator_facility_list,757GA,va_health_facility,39.975381,,"Zanesville, OH",,,Zanesville,OH,,US,current_record,record_field,,https://discover.va.gov/va-locator-facility-list/
vha_757GB,Grove City VA Clinic,discoverva_va_locator_facility_list,757GB,va_health_facility,39.84366105,,"Grove City, OH",,,Grove City,OH,,US,current_record,record_field,,https://discover.va.gov/va-locator-facility-list/
vha_757GC,Marion VA Clinic,discoverva_va_locator_facility_list,757GC,va_health_facility,40.56756338,,"Marion, OH",,,Marion,OH,,US,current_record,record_field,,https://discover.va.gov/va-locator-facility-list/
vha_757GD,Daniel L. Kinnard VA Clinic,discoverva_va_locator_facility_list,757GD,va_health_facility,40.04125422,,"Newark, OH",,,Newark,OH,,US,current_record,record_field,,https://discover.va.gov/va-locator-facility-list/
vha_757QC,Columbus VA Clinic,discoverva_va_locator_facility_list,757QC,va_health_facility,39.996592,,"Columbus, OH",,,Columbus,OH,,US,current_record,record_field,,https://discover.va.gov/va-locator-facility-list/
