facility_id,name,facility_type,classification,visn,station_code,station_code_confidence,approval_state,source_system,source_snapshot_utc,source_url,website,lat,long
nca_042,Baxter Springs City Soldiers' Lot,va_cemetery,Soldiers Lot,,042,derived,review_pending,discoverva_va_locator_facility_list,2026-05-05T16:33:37+00:00,https://discover.va.gov/va-locator-facility-list/,https://www.cem.va.gov/cems/lots/BaxterSprings.asp,37.0320575,-94.7706605
nca_054,Congressional Cemetery Government Lots,va_cemetery,Government Lots,,054,derived,review_pending,discoverva_va_locator_facility_list,2026-05-05T16:33:37+00:00,https://discover.va.gov/va-locator-facility-list/,https://www.cem.va.gov/cems/lots/Congressional.asp,38.8827797,-76.9790111
nca_055,Evergreen Cemetery Soldiers' Lot,va_cemetery,Soldiers Lot,,055,derived,review_pending,discoverva_va_locator_facility_list,2026-05-05T16:33:37+00:00,https://discover.va.gov/va-locator-facility-list/,https://www.cem.va.gov/cems/lots/Evergreen.asp,39.0696513,-84.4688541
nca_058,Forest Lawn Cemetery Soldiers' Lot,va_cemetery,Soldiers Lot,,058,derived,review_pending,discoverva_va_locator_facility_list,2026-05-05T16:33:37+00:00,https://discover.va.gov/va-locator-facility-list/,https://www.cem.va.gov/cems/lots/ForestLawn.asp,41.3312428,-95.9936119
nca_059,Fort Crawford Cemetery Soldiers' Lot,va_cemetery,Soldiers Lot,,059,derived,review_pending,discoverva_va_locator_facility_list,2026-05-05T16:33:37+00:00,https://discover.va.gov/va-locator-facility-list/,https://www.cem.va.gov/cems/lots/Fort_Crawford.asp,43.0470782,-91.1464848
nca_061,Green Mount Cemetery Soldiers' Lot,va_cemetery,Soldiers Lot,,061,derived,review_pending,discoverva_va_locator_facility_list,2026-05-05T16:33:37+00:00,https://discover.va.gov/va-locator-facility-list/,https://www.cem.va.gov/cems/lots/Green_Mount.asp,44.2573071,-72.599746
nca_062,Lakeside Cemetery Soldiers' Lot,va_cemetery,Soldiers Lot,,062,derived,review_pending,discoverva_va_locator_facility_list,2026-05-05T16:33:37+00:00,https://discover.va.gov/va-locator-facility-list/,https://www.cem.va.gov/cems/lots/Lakeside.asp,43.0173537,-82.4326933
nca_063,Mound Cemetery Soldiers' Lot,va_cemetery,Soldiers Lot,,063,derived,review_pending,discoverva_va_locator_facility_list,2026-05-05T16:33:37+00:00,https://discover.va.gov/va-locator-facility-list/,https://www.cem.va.gov/cems/lots/Mound.asp,42.7193155,-87.8160956
nca_064,Mound City Cemetery Soldiers' Lot,va_cemetery,Soldiers Lot,,064,derived,review_pending,discoverva_va_locator_facility_list,2026-05-05T16:33:37+00:00,https://discover.va.gov/va-locator-facility-list/,https://www.cem.va.gov/cems/lots/MoundCity.asp,38.145552,-94.8132282
nca_065,Mount Moriah Cemetery Soldiers' Lot,va_cemetery,Soldiers Lot,,065,derived,review_pending,discoverva_va_locator_facility_list,2026-05-05T16:33:37+00:00,https://discover.va.gov/va-locator-facility-list/,https://www.cem.va.gov/cems/lots/MountMoriah.asp,39.9324553,-75.2367967
nca_066,Mount Moriah Cemetery Naval Plot,va_cemetery,Government Lots,,066,derived,review_pending,discoverva_va_locator_facility_list,2026-05-05T16:33:37+00:00,https://discover.va.gov/va-locator-facility-list/,https://www.cem.va.gov/cems/lots/MountMoriah_Naval.asp,39.9366809,-75.241257
nca_067,Mount Pleasant Cemetery Soldiers' Lot,va_cemetery,Soldiers Lot,,067,derived,review_pending,discoverva_va_locator_facility_list,2026-05-05T16:33:37+00:00,https://discover.va.gov/va-locator-facility-list/,https://www.cem.va.gov/cems/lots/MountPleasant.asp,44.3171994,-69.7891925
nca_068,Oakdale Cemetery Soldiers' Lot,va_cemetery,Soldiers Lot,,068,derived,review_pending,discoverva_va_locator_facility_list,2026-05-05T16:33:37+00:00,https://discover.va.gov/va-locator-facility-list/,https://www.cem.va.gov/cems/lots/Oakdale.asp,41.5449264,-90.5513845
nca_069,Prospect Hill Cemetery Soldiers' Lot,va_cemetery,Soldiers Lot,,069,derived,review_pending,discoverva_va_locator_facility_list,2026-05-05T16:33:37+00:00,https://discover.va.gov/va-locator-facility-list/,https://www.cem.va.gov/cems/lots/ProspectHill_PA.asp,39.9719974,-76.7320498
nca_070,Prospect Hill Cemetery Soldiers' Lot,va_cemetery,Soldiers Lot,,070,derived,review_pending,discoverva_va_locator_facility_list,2026-05-05T16:33:37+00:00,https://discover.va.gov/va-locator-facility-list/,https://www.cem.va.gov/cems/lots/ProspectHill_VT.asp,42.8452919,-72.5565865
nca_071,Woodland Cemetery Soldiers' Lot,va_cemetery,Soldiers Lot,,071,derived,review_pending,discoverva_va_locator_facility_list,2026-05-05T16:33:37+00:00,https://discover.va.gov/va-locator-facility-list/,https://www.cem.va.gov/cems/lots/Woodland.asp,41.4882022,-81.6420108
nca_072,Woodlawn Cemetery Soldiers' Lot,va_cemetery,Soldiers Lot,,072,derived,review_pending,discoverva_va_locator_facility_list,2026-05-05T16:33:37+00:00,https://discover.va.gov/va-locator-facility-list/,https://www.cem.va.gov/cems/lots/Woodlawn.asp,42.5503228,-71.5720134
nca_073,Confederate Mound,va_cemetery,Confederate Cemetery,,073,derived,review_pending,discoverva_va_locator_facility_list,2026-05-05T16:33:37+00:00,https://discover.va.gov/va-locator-facility-list/,https://www.cem.va.gov/cems/lots/Confederate_Mound.asp,41.7669953,-87.6025293
nca_074,Crown Hill Confederate Plot,va_cemetery,Confederate Cemetery,,074,derived,review_pending,discoverva_va_locator_facility_list,2026-05-05T16:33:37+00:00,https://discover.va.gov/va-locator-facility-list/,https://www.cem.va.gov/cems/lots/CrownHill.asp,39.8200713,-86.1695929
nca_075,Camp Chase Confederate Cemetery,va_cemetery,Confederate Cemetery,,075,derived,review_pending,discoverva_va_locator_facility_list,2026-05-05T16:33:37+00:00,https://discover.va.gov/va-locator-facility-list/,https://www.cem.va.gov/cems/lots/CampChase.asp,39.9436622,-83.0759775
nca_076,Confederate Stockade Cemetery,va_cemetery,Confederate Cemetery,,076,derived,review_pending,discoverva_va_locator_facility_list,2026-05-05T16:33:37+00:00,https://discover.va.gov/va-locator-facility-list/,https://www.cem.va.gov/cems/lots/Confederate_Stockade.asp,41.5009036,-82.730054
nca_077,North Alton Confederate Cemetery,va_cemetery,Confederate Cemetery,,077,derived,review_pending,discoverva_va_locator_facility_list,2026-05-05T16:33:37+00:00,https://discover.va.gov/va-locator-facility-list/,https://www.cem.va.gov/cems/lots/North_Alton.asp,38.9184878,-90.1949907
nca_078,Point Lookout Confederate Cemetery,va_cemetery,Confederate Cemetery,,078,derived,review_pending,discoverva_va_locator_facility_list,2026-05-05T16:33:37+00:00,https://discover.va.gov/va-locator-facility-list/,https://www.cem.va.gov/cems/lots/Point_Lookout.asp,38.0736906,-76.3422684
nca_079,Rock Island Confederate Cemetery,va_cemetery,Confederate Cemetery,,079,derived,review_pending,discoverva_va_locator_facility_list,2026-05-05T16:33:37+00:00,https://discover.va.gov/va-locator-facility-list/,https://www.cem.va.gov/cems/lots/RockIsland_Confed.asp,41.5181653,-90.5339821
nca_080,Union Confederate Monument Site,va_cemetery,Monument Sites,,080,derived,review_pending,discoverva_va_locator_facility_list,2026-05-05T16:33:37+00:00,https://discover.va.gov/va-locator-facility-list/,https://www.cem.va.gov/cems/lots/Union_Confed.asp,39.0759927,-94.5806864
nca_081,Woodlawn Monument Site,va_cemetery,Monument Sites,,081,derived,review_pending,discoverva_va_locator_facility_list,2026-05-05T16:33:37+00:00,https://discover.va.gov/va-locator-facility-list/,https://www.cem.va.gov/cems/lots/Woodlawn_Monument.asp,39.4816348,-87.4141952
nca_082,Fort Mackinac Post Cemetery,va_cemetery,Post Cemetery,,082,derived,review_pending,discoverva_va_locator_facility_list,2026-05-05T16:33:37+00:00,https://discover.va.gov/va-locator-facility-list/,https://www.cem.va.gov/cems/lots/Fort_Mackinac.asp,45.8584669,-84.6209773
nca_083,Fort Winnebago Cemetery Soldiers' Lot,va_cemetery,Soldiers Lot,,083,derived,review_pending,discoverva_va_locator_facility_list,2026-05-05T16:33:37+00:00,https://discover.va.gov/va-locator-facility-list/,https://www.cem.va.gov/cems/lots/Fort_Winnebago.asp,43.5571611,-89.4274931
nca_088,Albany Rural Cemetery Soldiers' Lot,va_cemetery,Rural,,088,derived,review_pending,discoverva_va_locator_facility_list,2026-05-05T16:33:37+00:00,https://discover.va.gov/va-locator-facility-list/,https://www.cem.va.gov/cems/lots/Albany_Rural.asp,42.7038449,-73.723565
nca_089,Fort McClellan EPW Cemetery,va_cemetery,Post Cemetery,,089,derived,review_pending,discoverva_va_locator_facility_list,2026-05-05T16:33:37+00:00,https://discover.va.gov/va-locator-facility-list/,https://www.cem.va.gov/cems/lots/FtMcClellanEPW.asp,33.7177002,-85.8093059
nca_120,Allegheny Cemetery Soldiers' Lot,va_cemetery,Soldiers Lot,,120,derived,review_pending,discoverva_va_locator_facility_list,2026-05-05T16:33:37+00:00,https://discover.va.gov/va-locator-facility-list/,https://www.cem.va.gov/cems/lots/Allegheny.asp,40.4744345,-79.9575824
nca_121,Ashland Cemetery Soldiers' Lot,va_cemetery,Soldiers Lot,,121,derived,review_pending,discoverva_va_locator_facility_list,2026-05-05T16:33:37+00:00,https://discover.va.gov/va-locator-facility-list/,https://www.cem.va.gov/cems/lots/Ashland.asp,40.1999354,-77.1781172
nca_122,Forest Home Cemetery Soldiers' Lot,va_cemetery,Soldiers Lot,,122,derived,review_pending,discoverva_va_locator_facility_list,2026-05-05T16:33:37+00:00,https://discover.va.gov/va-locator-facility-list/,https://www.cem.va.gov/cems/lots/Forest_Home.asp,43.0018755,-87.9463503
nca_123,Forest Hill Cemetery Soldiers' Lot,va_cemetery,Soldiers Lot,,123,derived,review_pending,discoverva_va_locator_facility_list,2026-05-05T16:33:37+00:00,https://discover.va.gov/va-locator-facility-list/,https://www.cem.va.gov/cems/lots/Forest_Hill.asp,43.0657552,-89.4295433
nca_800,Alton National Cemetery,va_cemetery,National Cemetery,,800,derived,review_pending,discoverva_va_locator_facility_list,2026-05-05T16:33:37+00:00,https://discover.va.gov/va-locator-facility-list/,https://www.cem.va.gov/cems/nchp/Alton.asp,38.8905167,-90.1630421
nca_801,Annapolis National Cemetery,va_cemetery,National Cemetery,,801,derived,review_pending,discoverva_va_locator_facility_list,2026-05-05T16:33:37+00:00,https://discover.va.gov/va-locator-facility-list/,https://www.cem.va.gov/cems/nchp/Annapolis.asp,38.9765256,-76.5054231
nca_802,Baltimore National Cemetery,va_cemetery,National Cemetery,,802,derived,review_pending,discoverva_va_locator_facility_list,2026-05-05T16:33:37+00:00,https://discover.va.gov/va-locator-facility-list/,https://www.cem.va.gov/cems/nchp/Baltimore.asp,39.2784415,-76.7090694
nca_803,Bath National Cemetery,va_cemetery,National Cemetery,,803,derived,review_pending,discoverva_va_locator_facility_list,2026-05-05T16:33:37+00:00,https://discover.va.gov/va-locator-facility-list/,https://www.cem.va.gov/cems/nchp/Bath.asp,42.3472515,-77.3503042
nca_804,Beverly National Cemetery,va_cemetery,National Cemetery,,804,derived,review_pending,discoverva_va_locator_facility_list,2026-05-05T16:33:37+00:00,https://discover.va.gov/va-locator-facility-list/,https://www.cem.va.gov/cems/nchp/Beverly.asp,40.0537261,-74.9209766
nca_805,Calverton National Cemetery,va_cemetery,National Cemetery,,805,derived,review_pending,discoverva_va_locator_facility_list,2026-05-05T16:33:37+00:00,https://discover.va.gov/va-locator-facility-list/,https://www.cem.va.gov/cems/nchp/Calverton.asp,40.9230295,-72.8147831
nca_806,Camp Butler National Cemetery,va_cemetery,National Cemetery,,806,derived,review_pending,discoverva_va_locator_facility_list,2026-05-05T16:33:37+00:00,https://discover.va.gov/va-locator-facility-list/,https://www.cem.va.gov/cems/nchp/CampButler.asp,39.8318442,-89.5582857
nca_807,Crown Hill National Cemetery,va_cemetery,National Cemetery,,807,derived,review_pending,discoverva_va_locator_facility_list,2026-05-05T16:33:37+00:00,https://discover.va.gov/va-locator-facility-list/,https://www.cem.va.gov/cems/nchp/CrownHill.asp,39.824635,-86.173019
nca_808,Cypress Hills National Cemetery,va_cemetery,National Cemetery,,808,derived,review_pending,discoverva_va_locator_facility_list,2026-05-05T16:33:37+00:00,https://discover.va.gov/va-locator-facility-list/,https://www.cem.va.gov/cems/nchp/CypressHills.asp,40.6859545,-73.8812332
nca_809,Danville National Cemetery,va_cemetery,National Cemetery,,809,derived,review_pending,discoverva_va_locator_facility_list,2026-05-05T16:33:37+00:00,https://discover.va.gov/va-locator-facility-list/,https://www.cem.va.gov/cems/nchp/DanvilleIL.asp,40.1271172,-87.5833918
nca_810,Dayton National Cemetery,va_cemetery,National Cemetery,,810,derived,review_pending,discoverva_va_locator_facility_list,2026-05-05T16:33:37+00:00,https://discover.va.gov/va-locator-facility-list/,https://www.cem.va.gov/cems/nchp/Dayton.asp,39.7482822,-84.2591278
nca_811,Finn's Point National Cemetery,va_cemetery,National Cemetery,,811,derived,review_pending,discoverva_va_locator_facility_list,2026-05-05T16:33:37+00:00,https://discover.va.gov/va-locator-facility-list/,https://www.cem.va.gov/cems/nchp/FinnsPoint.asp,39.6103333,-75.5553227
nca_812,Grafton National Cemetery,va_cemetery,National Cemetery,,812,derived,review_pending,discoverva_va_locator_facility_list,2026-05-05T16:33:37+00:00,https://discover.va.gov/va-locator-facility-list/,https://www.cem.va.gov/cems/nchp/Grafton.asp,39.3361282,-80.0298152
nca_813,Indiantown Gap National Cemetery,va_cemetery,National Cemetery,,813,derived,review_pending,discoverva_va_locator_facility_list,2026-05-05T16:33:37+00:00,https://discover.va.gov/va-locator-facility-list/,https://www.cem.va.gov/cems/nchp/IndiantownGap.asp,40.4198112,-76.5777925
nca_814,Keokuk National Cemetery,va_cemetery,National Cemetery,,814,derived,review_pending,discoverva_va_locator_facility_list,2026-05-05T16:33:37+00:00,https://discover.va.gov/va-locator-facility-list/,https://www.cem.va.gov/cems/nchp/Keokuk.asp,40.3987678,-91.4070999
nca_815,Long Island National Cemetery,va_cemetery,National Cemetery,,815,derived,review_pending,discoverva_va_locator_facility_list,2026-05-05T16:33:37+00:00,https://discover.va.gov/va-locator-facility-list/,https://www.cem.va.gov/cems/nchp/LongIsland.asp,40.7505637,-73.4014964
nca_816,Loudon Park National Cemetery,va_cemetery,National Cemetery,,816,derived,review_pending,discoverva_va_locator_facility_list,2026-05-05T16:33:37+00:00,https://discover.va.gov/va-locator-facility-list/,https://www.cem.va.gov/cems/nchp/LoudonPark.asp,39.2812904,-76.6752428
nca_817,Marion National Cemetery,va_cemetery,National Cemetery,,817,derived,review_pending,discoverva_va_locator_facility_list,2026-05-05T16:33:37+00:00,https://discover.va.gov/va-locator-facility-list/,https://www.cem.va.gov/cems/nchp/Marion.asp,40.5238124,-85.6303287
nca_818,Massachusetts National Cemetery,va_cemetery,National Cemetery,,818,derived,review_pending,discoverva_va_locator_facility_list,2026-05-05T16:33:37+00:00,https://discover.va.gov/va-locator-facility-list/,https://www.cem.va.gov/cems/nchp/Massachusetts.asp,41.6756266,-70.582344
nca_819,Philadelphia National Cemetery,va_cemetery,National Cemetery,,819,derived,review_pending,discoverva_va_locator_facility_list,2026-05-05T16:33:37+00:00,https://discover.va.gov/va-locator-facility-list/,https://www.cem.va.gov/cems/nchp/Philadelphia.asp,40.0586589,-75.1530284
nca_820,Quincy National Cemetery,va_cemetery,National Cemetery,,820,derived,review_pending,discoverva_va_locator_facility_list,2026-05-05T16:33:37+00:00,https://discover.va.gov/va-locator-facility-list/,https://www.cem.va.gov/cems/nchp/Quincy.asp,39.9316814,-91.3561561
nca_821,Rock Island National Cemetery,va_cemetery,National Cemetery,,821,derived,review_pending,discoverva_va_locator_facility_list,2026-05-05T16:33:37+00:00,https://discover.va.gov/va-locator-facility-list/,https://www.cem.va.gov/cems/nchp/RockIsland.asp,41.5149656,-90.5239228
nca_822,Togus National Cemetery (East),va_cemetery,National Cemetery,,822,derived,review_pending,discoverva_va_locator_facility_list,2026-05-05T16:33:37+00:00,https://discover.va.gov/va-locator-facility-list/,https://www.cem.va.gov/cems/nchp/Togus.asp,44.2762961,-69.7117776
nca_823,Wood National Cemetery,va_cemetery,National Cemetery,,823,derived,review_pending,discoverva_va_locator_facility_list,2026-05-05T16:33:37+00:00,https://discover.va.gov/va-locator-facility-list/,https://www.cem.va.gov/cems/nchp/Wood.asp,43.0278683,-87.9795305
nca_824,Woodlawn National Cemetery,va_cemetery,National Cemetery,,824,derived,review_pending,discoverva_va_locator_facility_list,2026-05-05T16:33:37+00:00,https://discover.va.gov/va-locator-facility-list/,https://www.cem.va.gov/cems/nchp/Woodlawn.asp,42.1110956,-76.8265631
nca_825,Alexandria National Cemetery,va_cemetery,National Cemetery,,825,derived,review_pending,discoverva_va_locator_facility_list,2026-05-05T16:33:37+00:00,https://discover.va.gov/va-locator-facility-list/,https://www.cem.va.gov/cems/nchp/AlexandriaLA.asp,31.3215576,-92.4330322
nca_826,Alexandria National Cemetery,va_cemetery,National Cemetery,,826,derived,review_pending,discoverva_va_locator_facility_list,2026-05-05T16:33:37+00:00,https://discover.va.gov/va-locator-facility-list/,https://www.cem.va.gov/cems/nchp/AlexandriaVA.asp,38.8017832,-77.0577389
nca_827,Ball's Bluff National Cemetery,va_cemetery,National Cemetery,,827,derived,review_pending,discoverva_va_locator_facility_list,2026-05-05T16:33:37+00:00,https://discover.va.gov/va-locator-facility-list/,https://www.cem.va.gov/cems/nchp/BallsBluff.asp,39.1318417,-77.5275361
nca_828,Barrancas National Cemetery,va_cemetery,National Cemetery,,828,derived,review_pending,discoverva_va_locator_facility_list,2026-05-05T16:33:37+00:00,https://discover.va.gov/va-locator-facility-list/,https://www.cem.va.gov/cems/nchp/Barrancas.asp,30.3576903,-87.289195
nca_829,Baton Rouge National Cemetery,va_cemetery,National Cemetery,,829,derived,review_pending,discoverva_va_locator_facility_list,2026-05-05T16:33:37+00:00,https://discover.va.gov/va-locator-facility-list/,https://www.cem.va.gov/cems/nchp/BatonRouge.asp,30.449361,-91.1691828
nca_830,Bay Pines National Cemetery,va_cemetery,National Cemetery,,830,derived,review_pending,discoverva_va_locator_facility_list,2026-05-05T16:33:37+00:00,https://discover.va.gov/va-locator-facility-list/,https://www.cem.va.gov/cems/nchp/BayPines.asp,27.8101209,-82.7742233
nca_831,Beaufort National Cemetery,va_cemetery,National Cemetery,,831,derived,review_pending,discoverva_va_locator_facility_list,2026-05-05T16:33:37+00:00,https://discover.va.gov/va-locator-facility-list/,https://www.cem.va.gov/cems/nchp/Beaufort.asp,32.4398083,-80.6799086
nca_832,Biloxi National Cemetery,va_cemetery,National Cemetery,,832,derived,review_pending,discoverva_va_locator_facility_list,2026-05-05T16:33:37+00:00,https://discover.va.gov/va-locator-facility-list/,https://www.cem.va.gov/cems/nchp/Biloxi.asp,30.4091016,-88.9470791
nca_833,Camp Nelson National Cemetery,va_cemetery,National Cemetery,,833,derived,review_pending,discoverva_va_locator_facility_list,2026-05-05T16:33:37+00:00,https://discover.va.gov/va-locator-facility-list/,https://www.cem.va.gov/cems/nchp/CampNelson.asp,37.7875607,-84.6060745
nca_834,Cave Hill National Cemetery,va_cemetery,National Cemetery,,834,derived,review_pending,discoverva_va_locator_facility_list,2026-05-05T16:33:37+00:00,https://discover.va.gov/va-locator-facility-list/,https://www.cem.va.gov/cems/nchp/CaveHill.asp,38.2484678,-85.7221659
nca_835,Chattanooga National Cemetery,va_cemetery,National Cemetery,,835,derived,review_pending,discoverva_va_locator_facility_list,2026-05-05T16:33:37+00:00,https://discover.va.gov/va-locator-facility-list/,https://www.cem.va.gov/cems/nchp/Chattanooga.asp,35.0334229,-85.2861947
nca_836,City Point National Cemetery,va_cemetery,National Cemetery,,836,derived,review_pending,discoverva_va_locator_facility_list,2026-05-05T16:33:37+00:00,https://discover.va.gov/va-locator-facility-list/,https://www.cem.va.gov/cems/nchp/CityPoint.asp,37.305596,-77.2967034
nca_837,Cold Harbor National Cemetery,va_cemetery,National Cemetery,,837,derived,review_pending,discoverva_va_locator_facility_list,2026-05-05T16:33:37+00:00,https://discover.va.gov/va-locator-facility-list/,https://www.cem.va.gov/cems/nchp/ColdHarbor.asp,37.5890924,-77.2798499
nca_838,Corinth National Cemetery,va_cemetery,National Cemetery,,838,derived,review_pending,discoverva_va_locator_facility_list,2026-05-05T16:33:37+00:00,https://discover.va.gov/va-locator-facility-list/,https://www.cem.va.gov/cems/nchp/Corinth.asp,34.9252225,-88.5101834
nca_839,Culpeper National Cemetery,va_cemetery,National Cemetery,,839,derived,review_pending,discoverva_va_locator_facility_list,2026-05-05T16:33:37+00:00,https://discover.va.gov/va-locator-facility-list/,https://www.cem.va.gov/cems/nchp/Culpeper.asp,38.4705941,-77.9940185
nca_840,Danville National Cemetery,va_cemetery,National Cemetery,,840,derived,review_pending,discoverva_va_locator_facility_list,2026-05-05T16:33:37+00:00,https://discover.va.gov/va-locator-facility-list/,https://www.cem.va.gov/cems/nchp/DanvilleKY.asp,37.6528934,-84.7703515
nca_841,Danville National Cemetery,va_cemetery,National Cemetery,,841,derived,review_pending,discoverva_va_locator_facility_list,2026-05-05T16:33:37+00:00,https://discover.va.gov/va-locator-facility-list/,https://www.cem.va.gov/cems/nchp/DanvilleVA.asp,36.5773326,-79.3901096
nca_842,Fayetteville National Cemetery,va_cemetery,National Cemetery,,842,derived,review_pending,discoverva_va_locator_facility_list,2026-05-05T16:33:37+00:00,https://discover.va.gov/va-locator-facility-list/,https://www.cem.va.gov/cems/nchp/Fayetteville.asp,36.05347,-94.1679585
nca_843,Florence National Cemetery,va_cemetery,National Cemetery,,843,derived,review_pending,discoverva_va_locator_facility_list,2026-05-05T16:33:37+00:00,https://discover.va.gov/va-locator-facility-list/,https://www.cem.va.gov/cems/nchp/Florence.asp,34.1841027,-79.7536585
nca_844,Fort Gibson National Cemetery,va_cemetery,National Cemetery,,844,derived,review_pending,discoverva_va_locator_facility_list,2026-05-05T16:33:37+00:00,https://discover.va.gov/va-locator-facility-list/,https://www.cem.va.gov/cems/nchp/FtGibson.asp,35.8055933,-95.2303025
nca_845,Fort Harrison National Cemetery,va_cemetery,National Cemetery,,845,derived,review_pending,discoverva_va_locator_facility_list,2026-05-05T16:33:37+00:00,https://discover.va.gov/va-locator-facility-list/,https://www.cem.va.gov/cems/nchp/FtHarrison.asp,37.4290426,-77.3662067
nca_846,Fort Sam Houston National Cemetery,va_cemetery,National Cemetery,,846,derived,review_pending,discoverva_va_locator_facility_list,2026-05-05T16:33:37+00:00,https://discover.va.gov/va-locator-facility-list/,https://www.cem.va.gov/cems/nchp/FtSamHouston.asp,29.4768195,-98.4341908
nca_847,Fort Smith National Cemetery,va_cemetery,National Cemetery,,847,derived,review_pending,discoverva_va_locator_facility_list,2026-05-05T16:33:37+00:00,https://discover.va.gov/va-locator-facility-list/,https://www.cem.va.gov/cems/nchp/FtSmith.asp,35.3846933,-94.4277942
nca_848,Glendale National Cemetery,va_cemetery,National Cemetery,,848,derived,review_pending,discoverva_va_locator_facility_list,2026-05-05T16:33:37+00:00,https://discover.va.gov/va-locator-facility-list/,https://www.cem.va.gov/cems/nchp/Glendale.asp,37.436178,-77.2351453
nca_849,Hampton National Cemetery,va_cemetery,National Cemetery,,849,derived,review_pending,discoverva_va_locator_facility_list,2026-05-05T16:33:37+00:00,https://discover.va.gov/va-locator-facility-list/,https://www.cem.va.gov/cems/nchp/Hampton.asp,37.0204886,-76.3358467
nca_850,Hampton National Cemetery (VAMC),va_cemetery,National Cemetery,,850,derived,review_pending,discoverva_va_locator_facility_list,2026-05-05T16:33:37+00:00,https://discover.va.gov/va-locator-facility-list/,https://www.cem.va.gov/cems/nchp/HamptonVAMC.asp,37.0185094,-76.3310058
nca_851,Houston National Cemetery,va_cemetery,National Cemetery,,851,derived,review_pending,discoverva_va_locator_facility_list,2026-05-05T16:33:37+00:00,https://discover.va.gov/va-locator-facility-list/,https://www.cem.va.gov/cems/nchp/Houston.asp,29.9335788,-95.4552508
nca_852,Jefferson Barracks National Cemetery,va_cemetery,National Cemetery,,852,derived,review_pending,discoverva_va_locator_facility_list,2026-05-05T16:33:37+00:00,https://discover.va.gov/va-locator-facility-list/,https://www.cem.va.gov/cems/nchp/JeffersonBarracks.asp,38.5014506,-90.2882008
nca_853,Jefferson City National Cemetery,va_cemetery,National Cemetery,,853,derived,review_pending,discoverva_va_locator_facility_list,2026-05-05T16:33:37+00:00,https://discover.va.gov/va-locator-facility-list/,https://www.cem.va.gov/cems/nchp/JeffersonCity.asp,38.5669389,-92.1611644
nca_854,Kerrville National Cemetery,va_cemetery,National Cemetery,,854,derived,review_pending,discoverva_va_locator_facility_list,2026-05-05T16:33:37+00:00,https://discover.va.gov/va-locator-facility-list/,https://www.cem.va.gov/cems/nchp/Kerrville.asp,30.0139991,-99.1098264
nca_855,Knoxville National Cemetery,va_cemetery,National Cemetery,,855,derived,review_pending,discoverva_va_locator_facility_list,2026-05-05T16:33:37+00:00,https://discover.va.gov/va-locator-facility-list/,https://www.cem.va.gov/cems/nchp/Knoxville.asp,35.9760621,-83.9265416
nca_856,Lebanon National Cemetery,va_cemetery,National Cemetery,,856,derived,review_pending,discoverva_va_locator_facility_list,2026-05-05T16:33:37+00:00,https://discover.va.gov/va-locator-facility-list/,https://www.cem.va.gov/cems/nchp/Lebanon.asp,37.5529796,-85.2697806
nca_857,Lexington National Cemetery,va_cemetery,National Cemetery,,857,derived,review_pending,discoverva_va_locator_facility_list,2026-05-05T16:33:37+00:00,https://discover.va.gov/va-locator-facility-list/,https://www.cem.va.gov/cems/nchp/Lexington.asp,38.0579153,-84.5107924
nca_858,Little Rock National Cemetery,va_cemetery,National Cemetery,,858,derived,review_pending,discoverva_va_locator_facility_list,2026-05-05T16:33:37+00:00,https://discover.va.gov/va-locator-facility-list/,https://www.cem.va.gov/cems/nchp/LittleRock.asp,34.7242505,-92.2595659
nca_859,Marietta National Cemetery,va_cemetery,National Cemetery,,859,derived,review_pending,discoverva_va_locator_facility_list,2026-05-05T16:33:37+00:00,https://discover.va.gov/va-locator-facility-list/,https://www.cem.va.gov/cems/nchp/Marietta.asp,33.9520794,-84.5434107
nca_860,Memphis National Cemetery,va_cemetery,National Cemetery,,860,derived,review_pending,discoverva_va_locator_facility_list,2026-05-05T16:33:37+00:00,https://discover.va.gov/va-locator-facility-list/,https://www.cem.va.gov/cems/nchp/Memphis.asp,35.1738958,-89.9409269
nca_861,Mill Springs National Cemetery,va_cemetery,National Cemetery,,861,derived,review_pending,discoverva_va_locator_facility_list,2026-05-05T16:33:37+00:00,https://discover.va.gov/va-locator-facility-list/,https://www.cem.va.gov/cems/nchp/MillSprings.asp,37.0683486,-84.7377645
nca_862,Mobile National Cemetery,va_cemetery,National Cemetery,,862,derived,review_pending,discoverva_va_locator_facility_list,2026-05-05T16:33:37+00:00,https://discover.va.gov/va-locator-facility-list/,https://www.cem.va.gov/cems/nchp/Mobile.asp,30.6728616,-88.0633086
nca_863,Mound City National Cemetery,va_cemetery,National Cemetery,,863,derived,review_pending,discoverva_va_locator_facility_list,2026-05-05T16:33:37+00:00,https://discover.va.gov/va-locator-facility-list/,https://www.cem.va.gov/cems/nchp/MoundCity.asp,37.0869224,-89.1782249
nca_864,Mountain Home National Cemetery,va_cemetery,National Cemetery,,864,derived,review_pending,discoverva_va_locator_facility_list,2026-05-05T16:33:37+00:00,https://discover.va.gov/va-locator-facility-list/,https://www.cem.va.gov/cems/nchp/MountainHome.asp,36.3106644,-82.373671
nca_865,Nashville National Cemetery,va_cemetery,National Cemetery,,865,derived,review_pending,discoverva_va_locator_facility_list,2026-05-05T16:33:37+00:00,https://discover.va.gov/va-locator-facility-list/,https://www.cem.va.gov/cems/nchp/Nashville.asp,36.2416737,-86.723401
nca_866,Natchez National Cemetery,va_cemetery,National Cemetery,,866,derived,review_pending,discoverva_va_locator_facility_list,2026-05-05T16:33:37+00:00,https://discover.va.gov/va-locator-facility-list/,https://www.cem.va.gov/cems/nchp/Natchez.asp,31.5801627,-91.3960424
nca_867,New Albany National Cemetery,va_cemetery,National Cemetery,,867,derived,review_pending,discoverva_va_locator_facility_list,2026-05-05T16:33:37+00:00,https://discover.va.gov/va-locator-facility-list/,https://www.cem.va.gov/cems/nchp/NewAlbany.asp,38.2992425,-85.8048489
nca_868,New Bern National Cemetery,va_cemetery,National Cemetery,,868,derived,review_pending,discoverva_va_locator_facility_list,2026-05-05T16:33:37+00:00,https://discover.va.gov/va-locator-facility-list/,https://www.cem.va.gov/cems/nchp/NewBern.asp,35.1242297,-77.0519459
nca_870,Port Hudson National Cemetery,va_cemetery,National Cemetery,,870,derived,review_pending,discoverva_va_locator_facility_list,2026-05-05T16:33:37+00:00,https://discover.va.gov/va-locator-facility-list/,https://www.cem.va.gov/cems/nchp/PortHudson.asp,30.6607949,-91.2760476
nca_871,Puerto Rico National Cemetery,va_cemetery,National Cemetery,,871,derived,review_pending,discoverva_va_locator_facility_list,2026-05-05T16:33:37+00:00,https://discover.va.gov/va-locator-facility-list/,https://www.cem.va.gov/cems/nchp/PuertoRico.asp,18.4093757,-66.1712732
nca_872,National Memorial Cemetery at Quantico,va_cemetery,National Cemetery,,872,derived,review_pending,discoverva_va_locator_facility_list,2026-05-05T16:33:37+00:00,https://discover.va.gov/va-locator-facility-list/,https://www.cem.va.gov/cems/nchp/NMCQ.asp,38.5524914,-77.3575056
nca_873,Raleigh National Cemetery,va_cemetery,National Cemetery,,873,derived,review_pending,discoverva_va_locator_facility_list,2026-05-05T16:33:37+00:00,https://discover.va.gov/va-locator-facility-list/,https://www.cem.va.gov/cems/nchp/Raleigh.asp,35.7745939,-78.6214243
nca_874,Richmond National Cemetery,va_cemetery,National Cemetery,,874,derived,review_pending,discoverva_va_locator_facility_list,2026-05-05T16:33:37+00:00,https://discover.va.gov/va-locator-facility-list/,https://www.cem.va.gov/cems/nchp/Richmond.asp,37.5151461,-77.3932177
nca_875,St. Augustine National Cemetery,va_cemetery,National Cemetery,,875,derived,review_pending,discoverva_va_locator_facility_list,2026-05-05T16:33:37+00:00,https://discover.va.gov/va-locator-facility-list/,https://www.cem.va.gov/cems/nchp/StAugustine.asp,29.8863527,-81.3094048
nca_876,Salisbury National Cemetery,va_cemetery,National Cemetery,,876,derived,review_pending,discoverva_va_locator_facility_list,2026-05-05T16:33:37+00:00,https://discover.va.gov/va-locator-facility-list/,https://www.cem.va.gov/cems/nchp/Salisbury.asp,35.6879709,-80.4912555
nca_877,San Antonio National Cemetery,va_cemetery,National Cemetery,,877,derived,review_pending,discoverva_va_locator_facility_list,2026-05-05T16:33:37+00:00,https://discover.va.gov/va-locator-facility-list/,https://www.cem.va.gov/cems/nchp/SanAntonio.asp,29.4212205,-98.4667417
nca_878,Seven Pines National Cemetery,va_cemetery,National Cemetery,,878,derived,review_pending,discoverva_va_locator_facility_list,2026-05-05T16:33:37+00:00,https://discover.va.gov/va-locator-facility-list/,https://www.cem.va.gov/cems/nchp/SevenPines.asp,37.5201698,-77.3015022
nca_879,Springfield National Cemetery,va_cemetery,National Cemetery,,879,derived,review_pending,discoverva_va_locator_facility_list,2026-05-05T16:33:37+00:00,https://discover.va.gov/va-locator-facility-list/,https://www.cem.va.gov/cems/nchp/Springfield.asp,37.1742681,-93.2639661
nca_880,Staunton National Cemetery,va_cemetery,National Cemetery,,880,derived,review_pending,discoverva_va_locator_facility_list,2026-05-05T16:33:37+00:00,https://discover.va.gov/va-locator-facility-list/,https://www.cem.va.gov/cems/nchp/Staunton.asp,38.1402567,-79.0499459
nca_881,Wilmington National Cemetery,va_cemetery,National Cemetery,,881,derived,review_pending,discoverva_va_locator_facility_list,2026-05-05T16:33:37+00:00,https://discover.va.gov/va-locator-facility-list/,https://www.cem.va.gov/cems/nchp/Wilmington.asp,34.2375874,-77.922638
nca_882,Winchester National Cemetery,va_cemetery,National Cemetery,,882,derived,review_pending,discoverva_va_locator_facility_list,2026-05-05T16:33:37+00:00,https://discover.va.gov/va-locator-facility-list/,https://www.cem.va.gov/cems/nchp/Winchester.asp,39.1850791,-78.1562432
nca_883,Zachary Taylor National Cemetery,va_cemetery,National Cemetery,,883,derived,review_pending,discoverva_va_locator_facility_list,2026-05-05T16:33:37+00:00,https://discover.va.gov/va-locator-facility-list/,https://www.cem.va.gov/cems/nchp/ZacharyTaylor.asp,38.276576,-85.6415359
nca_884,Black Hills National Cemetery,va_cemetery,National Cemetery,,884,derived,review_pending,discoverva_va_locator_facility_list,2026-05-05T16:33:37+00:00,https://discover.va.gov/va-locator-facility-list/,https://www.cem.va.gov/cems/nchp/BlackHills.asp,44.3705412,-103.4740521
nca_885,Fort Bayard National Cemetery,va_cemetery,National Cemetery,,885,derived,review_pending,discoverva_va_locator_facility_list,2026-05-05T16:33:37+00:00,https://discover.va.gov/va-locator-facility-list/,https://www.cem.va.gov/cems/nchp/FtBayard.asp,32.798806,-108.1538075
nca_886,Fort Bliss National Cemetery,va_cemetery,National Cemetery,,886,derived,review_pending,discoverva_va_locator_facility_list,2026-05-05T16:33:37+00:00,https://discover.va.gov/va-locator-facility-list/,https://www.cem.va.gov/cems/nchp/FtBliss.asp,31.8260677,-106.423732
nca_887,Fort Leavenworth National Cemetery,va_cemetery,National Cemetery,,887,derived,review_pending,discoverva_va_locator_facility_list,2026-05-05T16:33:37+00:00,https://discover.va.gov/va-locator-facility-list/,https://www.cem.va.gov/cems/nchp/FtLeavenworth.asp,39.3516712,-94.9299983
nca_888,Fort Logan National Cemetery,va_cemetery,National Cemetery,,888,derived,review_pending,discoverva_va_locator_facility_list,2026-05-05T16:33:37+00:00,https://discover.va.gov/va-locator-facility-list/,https://www.cem.va.gov/cems/nchp/FtLogan.asp,39.645574,-105.0528594
nca_889,Fort Lyon National Cemetery,va_cemetery,National Cemetery,,889,derived,review_pending,discoverva_va_locator_facility_list,2026-05-05T16:33:37+00:00,https://discover.va.gov/va-locator-facility-list/,https://www.cem.va.gov/cems/nchp/FtLyon.asp,38.0834403,-103.1295618
nca_890,Fort McPherson National Cemetery,va_cemetery,National Cemetery,,890,derived,review_pending,discoverva_va_locator_facility_list,2026-05-05T16:33:37+00:00,https://discover.va.gov/va-locator-facility-list/,https://www.cem.va.gov/cems/nchp/FtMcPherson.asp,41.0247961,-100.5246225
nca_891,Fort Meade National Cemetery,va_cemetery,National Cemetery,,891,derived,review_pending,discoverva_va_locator_facility_list,2026-05-05T16:33:37+00:00,https://discover.va.gov/va-locator-facility-list/,https://www.cem.va.gov/cems/nchp/FtMeade.asp,44.4024957,-103.4776638
nca_892,Fort Rosecrans National Cemetery,va_cemetery,National Cemetery,,892,derived,review_pending,discoverva_va_locator_facility_list,2026-05-05T16:33:37+00:00,https://discover.va.gov/va-locator-facility-list/,https://www.cem.va.gov/cems/nchp/FtRosecrans.asp,32.688767,-117.2451317
nca_893,Fort Scott National Cemetery,va_cemetery,National Cemetery,,893,derived,review_pending,discoverva_va_locator_facility_list,2026-05-05T16:33:37+00:00,https://discover.va.gov/va-locator-facility-list/,https://www.cem.va.gov/cems/nchp/FtScott.asp,37.8197453,-94.6943393
nca_894,Fort Snelling National Cemetery,va_cemetery,National Cemetery,,894,derived,review_pending,discoverva_va_locator_facility_list,2026-05-05T16:33:37+00:00,https://discover.va.gov/va-locator-facility-list/,https://www.cem.va.gov/cems/nchp/FtSnelling.asp,44.8646006,-93.2228822
nca_895,Golden Gate National Cemetery,va_cemetery,National Cemetery,,895,derived,review_pending,discoverva_va_locator_facility_list,2026-05-05T16:33:37+00:00,https://discover.va.gov/va-locator-facility-list/,https://www.cem.va.gov/cems/nchp/GoldenGate.asp,37.6310949,-122.4334732
nca_896,Hot Springs National Cemetery,va_cemetery,National Cemetery,,896,derived,review_pending,discoverva_va_locator_facility_list,2026-05-05T16:33:37+00:00,https://discover.va.gov/va-locator-facility-list/,https://www.cem.va.gov/cems/nchp/HotSprings.asp,43.4392508,-103.4726167
nca_897,Leavenworth National Cemetery,va_cemetery,National Cemetery,,897,derived,review_pending,discoverva_va_locator_facility_list,2026-05-05T16:33:37+00:00,https://discover.va.gov/va-locator-facility-list/,https://www.cem.va.gov/cems/nchp/Leavenworth.asp,39.274382,-94.8932549
nca_898,Los Angeles National Cemetery,va_cemetery,National Cemetery,,898,derived,review_pending,discoverva_va_locator_facility_list,2026-05-05T16:33:37+00:00,https://discover.va.gov/va-locator-facility-list/,https://www.cem.va.gov/cems/nchp/LosAngeles.asp,34.0602046,-118.4549435
nca_899,National Memorial Cemetery of the Pacific,va_cemetery,National Cemetery,,899,derived,review_pending,discoverva_va_locator_facility_list,2026-05-05T16:33:37+00:00,https://discover.va.gov/va-locator-facility-list/,https://www.cem.va.gov/cems/nchp/NMCP.asp,21.3139152,-157.8424786
nca_900,Prescott National Cemetery,va_cemetery,National Cemetery,,900,derived,review_pending,discoverva_va_locator_facility_list,2026-05-05T16:33:37+00:00,https://discover.va.gov/va-locator-facility-list/,https://www.cem.va.gov/cems/nchp/Prescott.asp,34.5459895,-112.448732
nca_901,Riverside National Cemetery,va_cemetery,National Cemetery,,901,derived,review_pending,discoverva_va_locator_facility_list,2026-05-05T16:33:37+00:00,https://discover.va.gov/va-locator-facility-list/,https://www.cem.va.gov/cems/nchp/Riverside.asp,33.8875891,-117.2799647
nca_902,Roseburg National Cemetery,va_cemetery,National Cemetery,,902,derived,review_pending,discoverva_va_locator_facility_list,2026-05-05T16:33:37+00:00,https://discover.va.gov/va-locator-facility-list/,https://www.cem.va.gov/cems/nchp/Roseburg.asp,43.2202162,-123.3664157
nca_903,San Francisco National Cemetery,va_cemetery,National Cemetery,,903,derived,review_pending,discoverva_va_locator_facility_list,2026-05-05T16:33:37+00:00,https://discover.va.gov/va-locator-facility-list/,https://www.cem.va.gov/cems/nchp/SanFrancisco.asp,37.8011118,-122.4617241
nca_904,Santa Fe National Cemetery,va_cemetery,National Cemetery,,904,derived,review_pending,discoverva_va_locator_facility_list,2026-05-05T16:33:37+00:00,https://discover.va.gov/va-locator-facility-list/,https://www.cem.va.gov/cems/nchp/SantaFe.asp,35.6967849,-105.951317
nca_905,Sitka National Cemetery,va_cemetery,National Cemetery,,905,derived,review_pending,discoverva_va_locator_facility_list,2026-05-05T16:33:37+00:00,https://discover.va.gov/va-locator-facility-list/,https://www.cem.va.gov/cems/nchp/Sitka.asp,57.0541618,-135.3232977
nca_906,Eagle Point National Cemetery,va_cemetery,National Cemetery,,906,derived,review_pending,discoverva_va_locator_facility_list,2026-05-05T16:33:37+00:00,https://discover.va.gov/va-locator-facility-list/,https://www.cem.va.gov/cems/nchp/EaglePoint.asp,42.4644705,-122.788576
nca_907,Willamette National Cemetery,va_cemetery,National Cemetery,,907,derived,review_pending,discoverva_va_locator_facility_list,2026-05-05T16:33:37+00:00,https://discover.va.gov/va-locator-facility-list/,https://www.cem.va.gov/cems/nchp/Willamette.asp,45.4568386,-122.5408447
nca_908,Fort Mitchell National Cemetery,va_cemetery,National Cemetery,,908,derived,review_pending,discoverva_va_locator_facility_list,2026-05-05T16:33:37+00:00,https://discover.va.gov/va-locator-facility-list/,https://www.cem.va.gov/cems/nchp/FtMitchell.asp,32.3464167,-85.0240002
nca_909,Fort Custer National Cemetery,va_cemetery,National Cemetery,,909,derived,review_pending,discoverva_va_locator_facility_list,2026-05-05T16:33:37+00:00,https://discover.va.gov/va-locator-facility-list/,https://www.cem.va.gov/cems/nchp/FtCuster.asp,42.3350797,-85.3162891
nca_910,Fort Richardson National Cemetery,va_cemetery,National Cemetery,,910,derived,review_pending,discoverva_va_locator_facility_list,2026-05-05T16:33:37+00:00,https://discover.va.gov/va-locator-facility-list/,https://www.cem.va.gov/cems/nchp/FtRichardson.asp,61.2724291,-149.6582501
nca_911,Florida National Cemetery,va_cemetery,National Cemetery,,911,derived,review_pending,discoverva_va_locator_facility_list,2026-05-05T16:33:37+00:00,https://discover.va.gov/va-locator-facility-list/,https://www.cem.va.gov/cems/nchp/Florida.asp,28.6078753,-82.208927
nca_912,West Virginia National Cemetery,va_cemetery,National Cemetery,,912,derived,review_pending,discoverva_va_locator_facility_list,2026-05-05T16:33:37+00:00,https://discover.va.gov/va-locator-facility-list/,https://www.cem.va.gov/cems/nchp/WestVirginia.asp,39.3348677,-80.0730316
nca_913,San Joaquin Valley National Cemetery,va_cemetery,National Cemetery,,913,derived,review_pending,discoverva_va_locator_facility_list,2026-05-05T16:33:37+00:00,https://discover.va.gov/va-locator-facility-list/,https://www.cem.va.gov/cems/nchp/SanJoaquinValley.asp,37.121285,-121.0714608
nca_914,National Memorial Cemetery of Arizona,va_cemetery,National Cemetery,,914,derived,review_pending,discoverva_va_locator_facility_list,2026-05-05T16:33:37+00:00,https://discover.va.gov/va-locator-facility-list/,https://www.cem.va.gov/cems/nchp/NMCA.asp,33.6944747,-112.0225416
nca_915,Abraham Lincoln National Cemetery,va_cemetery,National Cemetery,,915,derived,review_pending,discoverva_va_locator_facility_list,2026-05-05T16:33:37+00:00,https://discover.va.gov/va-locator-facility-list/,https://www.cem.va.gov/cems/nchp/AbrahamLincoln.asp,41.3903337,-88.1235776
nca_916,Dallas-Fort Worth National Cemetery,va_cemetery,National Cemetery,,916,derived,review_pending,discoverva_va_locator_facility_list,2026-05-05T16:33:37+00:00,https://discover.va.gov/va-locator-facility-list/,https://www.cem.va.gov/cems/nchp/DallasFtWorth.asp,32.7179467,-96.9469534
nca_917,Gerald B. H. Solomon Saratoga National Cemetery,va_cemetery,National Cemetery,,917,derived,review_pending,discoverva_va_locator_facility_list,2026-05-05T16:33:37+00:00,https://discover.va.gov/va-locator-facility-list/,https://www.cem.va.gov/cems/nchp/GeraldBHSolomonSaratoga.asp,43.0263899,-73.6170799
nca_918,Ohio Western Reserve National Cemetery,va_cemetery,National Cemetery,,918,derived,review_pending,discoverva_va_locator_facility_list,2026-05-05T16:33:37+00:00,https://discover.va.gov/va-locator-facility-list/,https://www.cem.va.gov/cems/nchp/OhioWesternReserve.asp,41.0036414,-81.8151483
nca_919,Tahoma National Cemetery,va_cemetery,National Cemetery,,919,derived,review_pending,discoverva_va_locator_facility_list,2026-05-05T16:33:37+00:00,https://discover.va.gov/va-locator-facility-list/,https://www.cem.va.gov/cems/nchp/Tahoma.asp,47.3871278,-122.0935517
nca_920,Fort Sill National Cemetery,va_cemetery,National Cemetery,,920,derived,review_pending,discoverva_va_locator_facility_list,2026-05-05T16:33:37+00:00,https://discover.va.gov/va-locator-facility-list/,https://www.cem.va.gov/cems/nchp/FtSill.asp,34.7659428,-98.3520681
nca_921,Sacramento Valley National Cemetery,va_cemetery,National Cemetery,,921,derived,review_pending,discoverva_va_locator_facility_list,2026-05-05T16:33:37+00:00,https://discover.va.gov/va-locator-facility-list/,https://www.cem.va.gov/cems/nchp/Sacramento.asp,38.4167102,-121.8754412
nca_922,Georgia National Cemetery,va_cemetery,National Cemetery,,922,derived,review_pending,discoverva_va_locator_facility_list,2026-05-05T16:33:37+00:00,https://discover.va.gov/va-locator-facility-list/,https://www.cem.va.gov/cems/nchp/Georgia.asp,34.2350636,-84.5879393
nca_923,Great Lakes National Cemetery,va_cemetery,National Cemetery,,923,derived,review_pending,discoverva_va_locator_facility_list,2026-05-05T16:33:37+00:00,https://discover.va.gov/va-locator-facility-list/,https://www.cem.va.gov/cems/nchp/GreatLakes.asp,42.8598272,-83.6219562
nca_924,South Florida National Cemetery,va_cemetery,National Cemetery,,924,derived,review_pending,discoverva_va_locator_facility_list,2026-05-05T16:33:37+00:00,https://discover.va.gov/va-locator-facility-list/,https://www.cem.va.gov/cems/nchp/SouthFlorida.asp,26.5788156,-80.2063396
nca_925,National Cemetery of the Alleghenies,va_cemetery,National Cemetery,,925,derived,review_pending,discoverva_va_locator_facility_list,2026-05-05T16:33:37+00:00,https://discover.va.gov/va-locator-facility-list/,https://www.cem.va.gov/cems/nchp/NCAlleghenies.asp,40.3133213,-80.1543564
nca_926,Washington Crossing National Cemetery,va_cemetery,National Cemetery,,926,derived,review_pending,discoverva_va_locator_facility_list,2026-05-05T16:33:37+00:00,https://discover.va.gov/va-locator-facility-list/,https://www.cem.va.gov/cems/nchp/WashingtonCrossing.asp,40.2649124,-74.90484
nca_927,Alabama National Cemetery,va_cemetery,National Cemetery,,927,derived,review_pending,discoverva_va_locator_facility_list,2026-05-05T16:33:37+00:00,https://discover.va.gov/va-locator-facility-list/,https://www.cem.va.gov/cems/nchp/Alabama.asp,33.1295806,-86.8365308
nca_928,Jacksonville National Cemetery,va_cemetery,National Cemetery,,928,derived,review_pending,discoverva_va_locator_facility_list,2026-05-05T16:33:37+00:00,https://discover.va.gov/va-locator-facility-list/,https://www.cem.va.gov/cems/nchp/Jacksonville.asp,30.544996,-81.7178441
nca_929,Bakersfield National Cemetery,va_cemetery,National Cemetery,,929,derived,review_pending,discoverva_va_locator_facility_list,2026-05-05T16:33:37+00:00,https://discover.va.gov/va-locator-facility-list/,https://www.cem.va.gov/cems/nchp/Bakersfield.asp,35.2551255,-118.6664543
nca_930,Fort Jackson National Cemetery,va_cemetery,National Cemetery,,930,derived,review_pending,discoverva_va_locator_facility_list,2026-05-05T16:33:37+00:00,https://discover.va.gov/va-locator-facility-list/,https://www.cem.va.gov/cems/nchp/FtJackson.asp,34.09022,-80.85443
nca_931,Sarasota National Cemetery,va_cemetery,National Cemetery,,931,derived,review_pending,discoverva_va_locator_facility_list,2026-05-05T16:33:37+00:00,https://discover.va.gov/va-locator-facility-list/,https://www.cem.va.gov/cems/nchp/Sarasota.asp,27.2476144,-82.3817698
nca_933,Pikes Peak National Cemetery,va_cemetery,National Cemetery,,933,derived,review_pending,discoverva_va_locator_facility_list,2026-05-05T16:33:37+00:00,https://discover.va.gov/va-locator-facility-list/,https://www.cem.va.gov/cems/nchp/PikesPeak.asp,38.7809718,-104.6324154
nca_934,Cape Canaveral National Cemetery,va_cemetery,National Cemetery,,934,derived,review_pending,discoverva_va_locator_facility_list,2026-05-05T16:33:37+00:00,https://discover.va.gov/va-locator-facility-list/,https://www.cem.va.gov/cems/nchp/CapeCanaveral.asp,28.7551827,-80.8738888
nca_935,Omaha National Cemetery,va_cemetery,National Cemetery,,935,derived,review_pending,discoverva_va_locator_facility_list,2026-05-05T16:33:37+00:00,https://discover.va.gov/va-locator-facility-list/,https://www.cem.va.gov/cems/nchp/Omaha.asp,41.1325804,-96.1365323
nca_936,Western New York National Cemetery,va_cemetery,National Cemetery,,936,derived,review_pending,discoverva_va_locator_facility_list,2026-05-05T16:33:37+00:00,https://discover.va.gov/va-locator-facility-list/,https://www.cem.va.gov/cems/nchp/WesternNewYork.asp,43.020639,-78.3985732
nca_937,Tallahassee National Cemetery,va_cemetery,National Cemetery,,937,derived,review_pending,discoverva_va_locator_facility_list,2026-05-05T16:33:37+00:00,https://discover.va.gov/va-locator-facility-list/,https://www.cem.va.gov/cems/nchp/Tallahassee.asp,30.4273323,-84.1887463
nca_938,Yellowstone National Cemetery,va_cemetery,National Cemetery,,938,derived,review_pending,discoverva_va_locator_facility_list,2026-05-05T16:33:37+00:00,https://discover.va.gov/va-locator-facility-list/,https://www.cem.va.gov/cems/nchp/Yellowstone.asp,45.6953984,-108.7728145
nca_939,Northwoods National Cemetery,va_cemetery,Rural,,939,derived,review_pending,discoverva_va_locator_facility_list,2026-05-05T16:33:37+00:00,https://discover.va.gov/va-locator-facility-list/,https://www.cem.va.gov/cems/nchp/Northwoods.asp,45.6852782,-89.6776785
nca_940,Fargo National Cemetery,va_cemetery,Rural,,940,derived,review_pending,discoverva_va_locator_facility_list,2026-05-05T16:33:37+00:00,https://discover.va.gov/va-locator-facility-list/,https://www.cem.va.gov/cems/nchp/Fargo.asp,46.9354336,-96.9346014
nca_941,Snake River Canyon National Cemetery,va_cemetery,Rural,,941,derived,review_pending,discoverva_va_locator_facility_list,2026-05-05T16:33:37+00:00,https://discover.va.gov/va-locator-facility-list/,https://www.cem.va.gov/cems/nchp/SnakeRiverCanyon.asp,42.6007057,-114.7367268
nca_944,Acadia National Cemetery,va_cemetery,Rural,,944,derived,review_pending,discoverva_va_locator_facility_list,2026-05-05T16:33:37+00:00,https://discover.va.gov/va-locator-facility-list/,https://www.cem.va.gov/cems/nchp/Acadia.asp,44.6462265,-67.6609873
nca_945,Cheyenne National Cemetery,va_cemetery,National Cemetery,,945,derived,review_pending,discoverva_va_locator_facility_list,2026-05-05T16:33:37+00:00,https://discover.va.gov/va-locator-facility-list/,https://www.cem.va.gov/cems/nchp/Cheyenne.asp,41.1789532,-104.9037886
nca_951,Fort Lawton Post Cemetery,va_cemetery,Post Cemetery,,951,derived,review_pending,discoverva_va_locator_facility_list,2026-05-05T16:33:37+00:00,https://discover.va.gov/va-locator-facility-list/,https://www.cem.va.gov/cems/nchp/FtLawtonPost.asp,47.6605247,-122.405533
nca_952,Fort Missoula Post Cemetery,va_cemetery,Post Cemetery,,952,derived,review_pending,discoverva_va_locator_facility_list,2026-05-05T16:33:37+00:00,https://discover.va.gov/va-locator-facility-list/,https://www.cem.va.gov/cems/nchp/FtMissoula.asp,46.8468634,-114.0582325
nca_953,Fort Sheridan National Cemetery,va_cemetery,Post Cemetery,,953,derived,review_pending,discoverva_va_locator_facility_list,2026-05-05T16:33:37+00:00,https://discover.va.gov/va-locator-facility-list/,https://www.cem.va.gov/cems/nchp/FtSheridan.asp,42.2237266,-87.8205642
nca_954,Vancouver Barracks National Cemetery,va_cemetery,Post Cemetery,,954,derived,review_pending,discoverva_va_locator_facility_list,2026-05-05T16:33:37+00:00,https://discover.va.gov/va-locator-facility-list/,https://www.cem.va.gov/cems/nchp/VancouverBarracks.asp,45.6395655,-122.6595883
nca_955,Fort McClellan Post Cemetery,va_cemetery,Post Cemetery,,955,derived,review_pending,discoverva_va_locator_facility_list,2026-05-05T16:33:37+00:00,https://discover.va.gov/va-locator-facility-list/,https://www.cem.va.gov/cems/nchp/FtMcClellan.asp,33.7302679,-85.7833751
nca_957,Fort Douglas Post Cemetery,va_cemetery,Post Cemetery,,957,derived,review_pending,discoverva_va_locator_facility_list,2026-05-05T16:33:37+00:00,https://discover.va.gov/va-locator-facility-list/,https://www.cem.va.gov/cems/nchp/FtDouglas.asp,40.7604944,-111.8246569
nca_958,Fort Worden Post Cemetery,va_cemetery,Post Cemetery,,958,derived,review_pending,discoverva_va_locator_facility_list,2026-05-05T16:33:37+00:00,https://discover.va.gov/va-locator-facility-list/,https://www.cem.va.gov/cems/nchp/FtWorden.asp,48.1336907,-122.773915
nca_959,Fort Stevens National Cemetery,va_cemetery,Post Cemetery,,959,derived,review_pending,discoverva_va_locator_facility_list,2026-05-05T16:33:37+00:00,https://discover.va.gov/va-locator-facility-list/,https://www.cem.va.gov/cems/nchp/FtStevens.asp,46.1948252,-123.9611236
nca_960,Fort Devens Post Cemetery,va_cemetery,Post Cemetery,,960,derived,review_pending,discoverva_va_locator_facility_list,2026-05-05T16:33:37+00:00,https://discover.va.gov/va-locator-facility-list/,https://www.cem.va.gov/cems/nchp/FtDevens.asp,42.529261,-71.6216501
nca_961,Benicia Arsenal Post Cemetery,va_cemetery,Post Cemetery,,961,derived,review_pending,discoverva_va_locator_facility_list,2026-05-05T16:33:37+00:00,https://discover.va.gov/va-locator-facility-list/,https://www.cem.va.gov/cems/nchp/BeniciaArsenal.asp,38.0510733,-122.1418801
nca_962,Mare Island Naval Cemetery,va_cemetery,Post Cemetery,,962,derived,review_pending,discoverva_va_locator_facility_list,2026-05-05T16:33:37+00:00,https://discover.va.gov/va-locator-facility-list/,https://www.cem.va.gov/cems/nchp/MareIslandNaval.asp,38.079654,-122.252709
nca_970,Louisiana National Cemetery,va_cemetery,National Cemetery,,970,derived,review_pending,discoverva_va_locator_facility_list,2026-05-05T16:33:37+00:00,https://discover.va.gov/va-locator-facility-list/,https://www.cem.va.gov/cems/nchp/Louisiana.asp,30.6467642,-91.2541848
nca_971,Morovis National Cemetery,va_cemetery,National Cemetery,,971,derived,review_pending,discoverva_va_locator_facility_list,2026-05-05T16:33:37+00:00,https://discover.va.gov/va-locator-facility-list/,https://www.cem.va.gov/cems/nchp/Morovis.asp,18.3526141,-66.4249265
nca_992,Miramar National Cemetery,va_cemetery,National Cemetery,,992,derived,review_pending,discoverva_va_locator_facility_list,2026-05-05T16:33:37+00:00,https://discover.va.gov/va-locator-facility-list/,https://www.cem.va.gov/cems/nchp/Miramar.asp,32.872725,-117.1917162
nca_s1001,Alabama State Veterans Memorial Cemetery at Spanish Fort,va_cemetery,State Cemetery,,,not_available,review_pending,discoverva_va_locator_facility_list,2026-05-05T16:33:37+00:00,https://discover.va.gov/va-locator-facility-list/,https://va.alabama.gov/veterans-memorial-cemetery/,30.7346233,-87.8985442
nca_s1002,Arizona Veterans Memorial Cemetery at Camp Navajo,va_cemetery,State Cemetery,,,not_available,review_pending,discoverva_va_locator_facility_list,2026-05-05T16:33:37+00:00,https://discover.va.gov/va-locator-facility-list/,https://dvs.az.gov/services/cemeteries/arizona-veterans-memorial-cemetery-camp-navajo,35.23669537,-111.84505385
nca_s1003,Arizona Veterans Memorial Cemetery at Marana,va_cemetery,State Cemetery,,,not_available,review_pending,discoverva_va_locator_facility_list,2026-05-05T16:33:37+00:00,https://discover.va.gov/va-locator-facility-list/,https://dvs.az.gov/services/cemeteries/arizona-veterans-memorial-cemetery-marana,32.49484897,-111.27015555
nca_s1004,Monte Calvario Veterans Cemetery,va_cemetery,State Cemetery,,,not_available,review_pending,discoverva_va_locator_facility_list,2026-05-05T16:33:37+00:00,https://discover.va.gov/va-locator-facility-list/,https://www.pascuayaqui-nsn.gov/,32.11461661,-111.07451384
nca_s1005,San Carlos Apache Tribal Veterans Cemetery,va_cemetery,State Cemetery,,,not_available,review_pending,discoverva_va_locator_facility_list,2026-05-05T16:33:37+00:00,https://discover.va.gov/va-locator-facility-list/,https://itcaonline.com/member-tribes/san-carlos-apache-tribe/,33.29260215,-110.42546558
nca_s1006,Southern Arizona Veterans Memorial Cemetery,va_cemetery,State Cemetery,,,not_available,review_pending,discoverva_va_locator_facility_list,2026-05-05T16:33:37+00:00,https://discover.va.gov/va-locator-facility-list/,https://dvs.az.gov/services/cemeteries/southern-arizona-veterans-memorial-cemetery,31.54017549,-110.3004384
nca_s1007,Arkansas State Veterans Cemetery at North Little Rock,va_cemetery,State Cemetery,,,not_available,review_pending,discoverva_va_locator_facility_list,2026-05-05T16:33:37+00:00,https://discover.va.gov/va-locator-facility-list/,https://www.veterans.arkansas.gov/cemetery-nlr-1,34.84093784,-92.25542665
nca_s1008,Arkansas State Veterans Cemetery at Birdeye,va_cemetery,State Cemetery,,,not_available,review_pending,discoverva_va_locator_facility_list,2026-05-05T16:33:37+00:00,https://discover.va.gov/va-locator-facility-list/,https://www.veterans.arkansas.gov/cemetery-birdeye,35.39308983,-90.68049777
nca_s1009,Big Sandy Rancheria Veterans Cemetery,va_cemetery,State Cemetery,,,not_available,review_pending,discoverva_va_locator_facility_list,2026-05-05T16:33:37+00:00,https://discover.va.gov/va-locator-facility-list/,https://www.bigsandyrancheria.com/,37.081576,-119.463667
nca_s1011,California Central Coast Veterans Cemetery,va_cemetery,State Cemetery,,,not_available,review_pending,discoverva_va_locator_facility_list,2026-05-05T16:33:37+00:00,https://discover.va.gov/va-locator-facility-list/,https://www.calvet.ca.gov/VetServices/Pages/California-Central-Coast-Veterans-Cemetery.aspx,36.63731481,-121.79633455
nca_s1012,Northern California Veterans Cemetery,va_cemetery,State Cemetery,,,not_available,review_pending,discoverva_va_locator_facility_list,2026-05-05T16:33:37+00:00,https://discover.va.gov/va-locator-facility-list/,https://www.calvet.ca.gov/VetServices/Pages/Northern-California-Veterans-Cemetery.aspx,40.47852893,-122.54449725
nca_s1015,Yurok Veterans Cemetery,va_cemetery,State Cemetery,,,not_available,review_pending,discoverva_va_locator_facility_list,2026-05-05T16:33:37+00:00,https://discover.va.gov/va-locator-facility-list/,https://www.yuroktribe.org/,41.19953687,-123.78486327
nca_s1016,Veterans Memorial Cemetery of Western Colorado,va_cemetery,State Cemetery,,,not_available,review_pending,discoverva_va_locator_facility_list,2026-05-05T16:33:37+00:00,https://discover.va.gov/va-locator-facility-list/,https://dmva.colorado.gov/veterans/veterans-memorial-cemetery,39.06294043,-108.52623224
nca_s1021,Connecticut State Veterans Cemetery,va_cemetery,State Cemetery,,,not_available,review_pending,discoverva_va_locator_facility_list,2026-05-05T16:33:37+00:00,https://discover.va.gov/va-locator-facility-list/,https://portal.ct.gov/DVA/pages/Cemetery-Rules-and-Code-of-Conduct,41.54896346,-72.62315333
nca_s1022,Delaware Veterans Memorial Cemetery - New Castle County,va_cemetery,State Cemetery,,,not_available,review_pending,discoverva_va_locator_facility_list,2026-05-05T16:33:37+00:00,https://discover.va.gov/va-locator-facility-list/,https://vets.delaware.gov/delaware-veterans-memorial-cemetery/,39.54820302,-75.74558258
nca_s1023,Delaware Veterans Memorial Cemetery - Sussex County,va_cemetery,State Cemetery,,,not_available,review_pending,discoverva_va_locator_facility_list,2026-05-05T16:33:37+00:00,https://discover.va.gov/va-locator-facility-list/,https://vets.delaware.gov/delaware-veterans-memorial-cemetery/,38.61422144,-75.31669736
nca_s1025,Georgia Veterans Memorial Cemetery - Milledgeville,va_cemetery,State Cemetery,,,not_available,review_pending,discoverva_va_locator_facility_list,2026-05-05T16:33:37+00:00,https://discover.va.gov/va-locator-facility-list/,https://veterans.georgia.gov/services/memorial-cemeteries/gvmc-milledgeville,33.01024697,-83.19614768
nca_s1026,Georgia Veterans Memorial Cemetery - Glennville,va_cemetery,State Cemetery,,,not_available,review_pending,discoverva_va_locator_facility_list,2026-05-05T16:33:37+00:00,https://discover.va.gov/va-locator-facility-list/,https://veterans.georgia.gov/services/memorial-cemeteries/gvmc-glennville,31.95918973,-81.92299962
nca_s1028,Hawaii State Veterans Cemetery,va_cemetery,State Cemetery,,,not_available,review_pending,discoverva_va_locator_facility_list,2026-05-05T16:33:37+00:00,https://discover.va.gov/va-locator-facility-list/,https://dod.hawaii.gov/ovs/veteran-cemeteries/,21.38922219,-157.79443281
nca_s1029,East Hawaii Veterans Cemetery - 1,va_cemetery,State Cemetery,,,not_available,review_pending,discoverva_va_locator_facility_list,2026-05-05T16:33:37+00:00,https://discover.va.gov/va-locator-facility-list/,https://dod.hawaii.gov/ovs/veteran-cemeteries/,19.72023193,-155.08890867
nca_s1030,East Hawaii Veterans Cemetery - 2,va_cemetery,State Cemetery,,,not_available,review_pending,discoverva_va_locator_facility_list,2026-05-05T16:33:37+00:00,https://discover.va.gov/va-locator-facility-list/,https://dod.hawaii.gov/ovs/veteran-cemeteries/,19.7182322,-155.09202003
nca_s1031,Kauai Veterans Cemetery,va_cemetery,State Cemetery,,,not_available,review_pending,discoverva_va_locator_facility_list,2026-05-05T16:33:37+00:00,https://discover.va.gov/va-locator-facility-list/,https://dod.hawaii.gov/ovs/veteran-cemeteries/,21.90329332,-159.59771276
nca_s1032,Maui Veterans Cemetery,va_cemetery,State Cemetery,,,not_available,review_pending,discoverva_va_locator_facility_list,2026-05-05T16:33:37+00:00,https://discover.va.gov/va-locator-facility-list/,https://dod.hawaii.gov/ovs/veteran-cemeteries/,20.86121793,-156.3137126
nca_s1033,Molokai Veterans Cemetery,va_cemetery,State Cemetery,,,not_available,review_pending,discoverva_va_locator_facility_list,2026-05-05T16:33:37+00:00,https://discover.va.gov/va-locator-facility-list/,https://dod.hawaii.gov/ovs/veteran-cemeteries/,21.1771088,-157.05879807
nca_s1034,West Hawaii State Veterans Cemetery,va_cemetery,State Cemetery,,,not_available,review_pending,discoverva_va_locator_facility_list,2026-05-05T16:33:37+00:00,https://discover.va.gov/va-locator-facility-list/,https://dod.hawaii.gov/ovs/veteran-cemeteries/,19.79353823,-156.00474358
nca_s1035,Lanai Veterans Cemetery,va_cemetery,State Cemetery,,,not_available,review_pending,discoverva_va_locator_facility_list,2026-05-05T16:33:37+00:00,https://discover.va.gov/va-locator-facility-list/,https://dod.hawaii.gov/ovs/veteran-cemeteries/,20.84777519,-156.92173238
nca_s1036,Idaho State Veterans Cemetery at Boise,va_cemetery,State Cemetery,,,not_available,review_pending,discoverva_va_locator_facility_list,2026-05-05T16:33:37+00:00,https://discover.va.gov/va-locator-facility-list/,https://veterans.idaho.gov/cemeteries/boise-cemetery/,43.69530009,-116.30655701
nca_s1037,Sunset Veterans Cemetery,va_cemetery,State Cemetery,,,not_available,review_pending,discoverva_va_locator_facility_list,2026-05-05T16:33:37+00:00,https://discover.va.gov/va-locator-facility-list/,https://www2.illinois.gov/veterans/services%20benefits/homes/pages/Quincy.aspx,39.959614,-91.405166
nca_s1039,Indiana Veterans Memorial Cemetery,va_cemetery,State Cemetery,,,not_available,review_pending,discoverva_va_locator_facility_list,2026-05-05T16:33:37+00:00,https://discover.va.gov/va-locator-facility-list/,https://www.in.gov/dva/veterans-memorial-cemetery/,38.75207941,-85.40334821
nca_s1041,Iowa Veterans Cemetery,va_cemetery,State Cemetery,,,not_available,review_pending,discoverva_va_locator_facility_list,2026-05-05T16:33:37+00:00,https://discover.va.gov/va-locator-facility-list/,https://dva.iowa.gov/iowa-veterans-cemetery,41.54424002,-93.95198822
nca_s1044,Kansas Veterans Cemetery at Ft. Dodge,va_cemetery,State Cemetery,,,not_available,review_pending,discoverva_va_locator_facility_list,2026-05-05T16:33:37+00:00,https://discover.va.gov/va-locator-facility-list/,https://kcva.ks.gov/veteran-cemeteries/fort-dodge,37.73156547,-99.93150115
nca_s1045,Kansas Veterans Cemetery at Ft. Riley,va_cemetery,State Cemetery,,,not_available,review_pending,discoverva_va_locator_facility_list,2026-05-05T16:33:37+00:00,https://discover.va.gov/va-locator-facility-list/,https://kcva.ks.gov/veteran-cemeteries/services-directory,39.1360106,-96.68200493
nca_s1046,Kansas Veterans Cemetery at WaKeeney,va_cemetery,State Cemetery,,,not_available,review_pending,discoverva_va_locator_facility_list,2026-05-05T16:33:37+00:00,https://discover.va.gov/va-locator-facility-list/,https://kcva.ks.gov/veteran-cemeteries/wakeeney,39.01722479,-99.8714304
nca_s1047,Kansas Veterans Cemetery at Winfield,va_cemetery,State Cemetery,,,not_available,review_pending,discoverva_va_locator_facility_list,2026-05-05T16:33:37+00:00,https://discover.va.gov/va-locator-facility-list/,https://kcva.ks.gov/veteran-cemeteries/winfield,37.26044289,-96.97853923
nca_s1049,Kentucky Veterans Cemetery - Central,va_cemetery,State Cemetery,,,not_available,review_pending,discoverva_va_locator_facility_list,2026-05-05T16:33:37+00:00,https://discover.va.gov/va-locator-facility-list/,https://veterans.ky.gov/cemeteries/pages/Kentucky-Veterans-Cemetery-Central.aspx,37.86823046,-85.95917702
nca_s1050,Kentucky Veterans Cemetery - North,va_cemetery,State Cemetery,,,not_available,review_pending,discoverva_va_locator_facility_list,2026-05-05T16:33:37+00:00,https://discover.va.gov/va-locator-facility-list/,https://veterans.ky.gov/cemeteries/pages/Kentucky-Veterans-Cemetery-North.aspx,38.60904047,-84.57877278
nca_s1051,Kentucky Veterans Cemetery - Northeast,va_cemetery,State Cemetery,,,not_available,review_pending,discoverva_va_locator_facility_list,2026-05-05T16:33:37+00:00,https://discover.va.gov/va-locator-facility-list/,https://veterans.ky.gov/cemeteries/pages/Kentucky-Veterans-Cemetery-North-East.aspx,38.38271848,-82.81750373
nca_s1052,Kentucky Veterans Cemetery - Southeast,va_cemetery,State Cemetery,,,not_available,review_pending,discoverva_va_locator_facility_list,2026-05-05T16:33:37+00:00,https://discover.va.gov/va-locator-facility-list/,https://veterans.ky.gov/cemeteries/pages/Kentucky-Veterans-Cemetery-South-East.aspx,37.16879,-83.39952
nca_s1053,Kentucky Veterans Cemetery - West,va_cemetery,State Cemetery,,,not_available,review_pending,discoverva_va_locator_facility_list,2026-05-05T16:33:37+00:00,https://discover.va.gov/va-locator-facility-list/,https://veterans.ky.gov/cemeteries/pages/Kentucky-Veterans-Cemetery-West.aspx,36.79693147,-87.47306943
nca_s1054,Northwest Louisiana Veterans Cemetery,va_cemetery,State Cemetery,,,not_available,review_pending,discoverva_va_locator_facility_list,2026-05-05T16:33:37+00:00,https://discover.va.gov/va-locator-facility-list/,https://www.vetaffairs.la.gov/benefit/veterans-cemeteries/,32.2650718,-93.93246174
nca_s1055,Central Louisiana Veterans Cemetery,va_cemetery,State Cemetery,,,not_available,review_pending,discoverva_va_locator_facility_list,2026-05-05T16:33:37+00:00,https://discover.va.gov/va-locator-facility-list/,https://www.vetaffairs.la.gov/benefit/veterans-cemeteries/,31.0893258,-93.23126721
nca_s1056,Northeast Louisiana Veterans Cemetery,va_cemetery,State Cemetery,,,not_available,review_pending,discoverva_va_locator_facility_list,2026-05-05T16:33:37+00:00,https://discover.va.gov/va-locator-facility-list/,https://www.vetaffairs.la.gov/benefit/veterans-cemeteries/,32.42335632,-91.76255834
nca_s1057,Southeast Louisiana Veterans Cemetery,va_cemetery,State Cemetery,,,not_available,review_pending,discoverva_va_locator_facility_list,2026-05-05T16:33:37+00:00,https://discover.va.gov/va-locator-facility-list/,https://www.vetaffairs.la.gov/southeast-louisiana-veterans-cemetery/,30.310458,-89.81292559
nca_s1058,Houlton Band of Maliseet Indians Veterans Cemetery,va_cemetery,State Cemetery,,,not_available,review_pending,discoverva_va_locator_facility_list,2026-05-05T16:33:37+00:00,https://discover.va.gov/va-locator-facility-list/,https://maliseets.net/,46.18689,-67.80971
nca_s1060,Central Maine Veterans Cemetery - Civic Center Dr,va_cemetery,State Cemetery,,,not_available,review_pending,discoverva_va_locator_facility_list,2026-05-05T16:33:37+00:00,https://discover.va.gov/va-locator-facility-list/,https://www.maine.gov/veterans/memorial-cemetery-system/central-maine-civic-center-drive/index.html,44.35009984,-69.79660392
nca_s1061,Central Maine Veterans Cemetery - Mt. Vernon Rd,va_cemetery,State Cemetery,,,not_available,review_pending,discoverva_va_locator_facility_list,2026-05-05T16:33:37+00:00,https://discover.va.gov/va-locator-facility-list/,https://www.maine.gov/veterans/memorial-cemetery-system/central-maine-mt-vernon-road/index.html,44.3525088,-69.81488585
nca_s1062,Northern Maine Veterans Cemetery,va_cemetery,State Cemetery,,,not_available,review_pending,discoverva_va_locator_facility_list,2026-05-05T16:33:37+00:00,https://discover.va.gov/va-locator-facility-list/,https://www.maine.gov/veterans/memorial-cemetery-system/northern-maine/index.html,46.85125481,-68.0431366
nca_s1063,Southern Maine Veterans Cemetery,va_cemetery,State Cemetery,,,not_available,review_pending,discoverva_va_locator_facility_list,2026-05-05T16:33:37+00:00,https://discover.va.gov/va-locator-facility-list/,https://www.maine.gov/veterans/memorial-cemetery-system/southern-maine/index.html,43.48095052,-70.80875902
nca_s1065,Cheltenham Veterans Cemetery,va_cemetery,State Cemetery,,,not_available,review_pending,discoverva_va_locator_facility_list,2026-05-05T16:33:37+00:00,https://discover.va.gov/va-locator-facility-list/,https://veterans.maryland.gov/cemetery-and-memorial-program/,38.73252721,-76.82964563
nca_s1066,Crownsville Veterans Cemetery,va_cemetery,State Cemetery,,,not_available,review_pending,discoverva_va_locator_facility_list,2026-05-05T16:33:37+00:00,https://discover.va.gov/va-locator-facility-list/,https://veterans.maryland.gov/cemetery-and-memorial-program/,39.06376514,-76.59178734
nca_s1067,Eastern Shore Veterans Cemetery,va_cemetery,State Cemetery,,,not_available,review_pending,discoverva_va_locator_facility_list,2026-05-05T16:33:37+00:00,https://discover.va.gov/va-locator-facility-list/,https://veterans.maryland.gov/cemetery-and-memorial-program/,38.67473895,-75.89956284
nca_s1068,Garrison Forest Veterans Cemetery,va_cemetery,State Cemetery,,,not_available,review_pending,discoverva_va_locator_facility_list,2026-05-05T16:33:37+00:00,https://discover.va.gov/va-locator-facility-list/,https://veterans.maryland.gov/cemetery-and-memorial-program/,39.4406757,-76.76819086
nca_s1069,Rocky Gap Veterans Cemetery,va_cemetery,State Cemetery,,,not_available,review_pending,discoverva_va_locator_facility_list,2026-05-05T16:33:37+00:00,https://discover.va.gov/va-locator-facility-list/,https://veterans.maryland.gov/cemetery-and-memorial-program/,39.71969019,-78.63542676
nca_s1070,Massachusetts State Veterans Cemetery - Agawam,va_cemetery,State Cemetery,,,not_available,review_pending,discoverva_va_locator_facility_list,2026-05-05T16:33:37+00:00,https://discover.va.gov/va-locator-facility-list/,https://www.facebook.com/Massvetscemetery/,42.04619742,-72.61631906
nca_s1071,Massachusetts State Veterans Cemetery - Winchendon,va_cemetery,State Cemetery,,,not_available,review_pending,discoverva_va_locator_facility_list,2026-05-05T16:33:37+00:00,https://discover.va.gov/va-locator-facility-list/,https://www.facebook.com/MVMCWinchendon/,42.68524705,-72.01858878
nca_s1073,Minnesota State Veterans Cemetery - Duluth,va_cemetery,State Cemetery,,,not_available,review_pending,discoverva_va_locator_facility_list,2026-05-05T16:33:37+00:00,https://discover.va.gov/va-locator-facility-list/,https://mn.gov/mdva/memorials/stateveteranscemeteries/minnesota-state-veterans-cemetery-duluth.jsp,46.81963,-92.18263
nca_s1074,Minnesota State Veterans Cemetery - Little Falls,va_cemetery,State Cemetery,,,not_available,review_pending,discoverva_va_locator_facility_list,2026-05-05T16:33:37+00:00,https://discover.va.gov/va-locator-facility-list/,https://mn.gov/mdva/memorials/stateveteranscemeteries/minnesota-state-veterans-cemetery-little-falls.jsp,46.075064,-94.331669
nca_s1075,Minnesota State Veterans Cemetery - Preston,va_cemetery,State Cemetery,,,not_available,review_pending,discoverva_va_locator_facility_list,2026-05-05T16:33:37+00:00,https://discover.va.gov/va-locator-facility-list/,https://mn.gov/mdva/memorials/stateveteranscemeteries/minnesota-state-veterans-cemetery-preston.jsp,43.67305877,-92.06661756
nca_s1077,Mississippi Veterans Memorial Cemetery - Newton,va_cemetery,State Cemetery,,,not_available,review_pending,discoverva_va_locator_facility_list,2026-05-05T16:33:37+00:00,https://discover.va.gov/va-locator-facility-list/,https://www.msva.ms.gov/cemeteries,32.33802844,-89.08357232
nca_s1079,Missouri State Veterans Cemetery - Higginsville,va_cemetery,State Cemetery,,,not_available,review_pending,discoverva_va_locator_facility_list,2026-05-05T16:33:37+00:00,https://discover.va.gov/va-locator-facility-list/,https://mvc.dps.mo.gov/cemeteries/higginsville.php,39.09525518,-93.73432159
nca_s1080,Missouri State Veterans Cemetery - Springfield,va_cemetery,State Cemetery,,,not_available,review_pending,discoverva_va_locator_facility_list,2026-05-05T16:33:37+00:00,https://discover.va.gov/va-locator-facility-list/,https://mvc.dps.mo.gov/cemeteries/springfield.php,37.11761698,-93.23576331
nca_s1081,Missouri State Veterans Cemetery - Bloomfield,va_cemetery,State Cemetery,,,not_available,review_pending,discoverva_va_locator_facility_list,2026-05-05T16:33:37+00:00,https://discover.va.gov/va-locator-facility-list/,https://mvc.dps.mo.gov/cemeteries/bloomfield.php,36.86419724,-89.9314642
nca_s1082,Missouri State Veterans Cemetery - Fort Leonard Wood,va_cemetery,State Cemetery,,,not_available,review_pending,discoverva_va_locator_facility_list,2026-05-05T16:33:37+00:00,https://discover.va.gov/va-locator-facility-list/,https://mvc.dps.mo.gov/cemeteries/ftleonardwood.php,37.79200506,-92.20775644
nca_s1083,Missouri State Veterans Cemetery - Jacksonville,va_cemetery,State Cemetery,,,not_available,review_pending,discoverva_va_locator_facility_list,2026-05-05T16:33:37+00:00,https://discover.va.gov/va-locator-facility-list/,https://mvc.dps.mo.gov/cemeteries/jacksonville.php,39.58157197,-92.48087168
nca_s1085,Montana State Veterans Cemetery - Fort Harrison,va_cemetery,State Cemetery,,,not_available,review_pending,discoverva_va_locator_facility_list,2026-05-05T16:33:37+00:00,https://discover.va.gov/va-locator-facility-list/,https://dma.mt.gov/MVAD/MSVC,46.615728,-112.099241
nca_s1086,Eastern Montana State Veterans Cemetery - Miles City,va_cemetery,State Cemetery,,,not_available,review_pending,discoverva_va_locator_facility_list,2026-05-05T16:33:37+00:00,https://discover.va.gov/va-locator-facility-list/,https://dma.mt.gov/MVAD/EMSVC,46.37917866,-105.82502246
nca_s1088,Western Montana State Veterans Cemetery - Missoula,va_cemetery,State Cemetery,,,not_available,review_pending,discoverva_va_locator_facility_list,2026-05-05T16:33:37+00:00,https://discover.va.gov/va-locator-facility-list/,https://dma.mt.gov/MVAD/WMSVC,46.85311848,-114.06070232
nca_s1089,Nebraska Veterans Cemetery at Alliance,va_cemetery,State Cemetery,,,not_available,review_pending,discoverva_va_locator_facility_list,2026-05-05T16:33:37+00:00,https://discover.va.gov/va-locator-facility-list/,https://veterans.nebraska.gov/nvca,42.07333205,-102.81821215
nca_s1091,Northern Nevada Veterans Memorial Cemetery,va_cemetery,State Cemetery,,,not_available,review_pending,discoverva_va_locator_facility_list,2026-05-05T16:33:37+00:00,https://discover.va.gov/va-locator-facility-list/,https://veterans.nv.gov/benefits-and-services/northern-nevada-veterans-memorial-cemetery/,39.61664807,-119.22912598
nca_s1092,Southern Nevada Veterans Memorial Cemetery,va_cemetery,State Cemetery,,,not_available,review_pending,discoverva_va_locator_facility_list,2026-05-05T16:33:37+00:00,https://discover.va.gov/va-locator-facility-list/,https://veterans.nv.gov/southern-nevada-veterans-memorial-cemetery/,35.94647905,-114.84544694
nca_s1093,New Hampshire State Veterans Cemetery,va_cemetery,State Cemetery,,,not_available,review_pending,discoverva_va_locator_facility_list,2026-05-05T16:33:37+00:00,https://discover.va.gov/va-locator-facility-list/,https://www.nhsvc.com/,43.33266994,-71.63561225
nca_s1094,Brigadier General William C. Doyle Veterans Memorial Cemetery,va_cemetery,State Cemetery,,,not_available,review_pending,discoverva_va_locator_facility_list,2026-05-05T16:33:37+00:00,https://discover.va.gov/va-locator-facility-list/,https://www.nj.gov/military/veterans/services/cemetery/,40.09400688,-74.56197617
nca_s1096,Fort Stanton State Veterans Cemetery,va_cemetery,State Cemetery,,,not_available,review_pending,discoverva_va_locator_facility_list,2026-05-05T16:33:37+00:00,https://discover.va.gov/va-locator-facility-list/,https://www.nmdvs.org/cemetery/,33.41641,-105.64842
nca_s1098,Coastal Carolina State Veterans Cemetery,va_cemetery,State Cemetery,,,not_available,review_pending,discoverva_va_locator_facility_list,2026-05-05T16:33:37+00:00,https://discover.va.gov/va-locator-facility-list/,https://www.milvets.nc.gov/nc-veterans-cemetery-program-0,34.74723705,-77.41523623
nca_s1099,Eastern Carolina State Veterans Cemetery,va_cemetery,State Cemetery,,,not_available,review_pending,discoverva_va_locator_facility_list,2026-05-05T16:33:37+00:00,https://discover.va.gov/va-locator-facility-list/,https://www.milvets.nc.gov/nc-veterans-cemetery-program-0,35.34576283,-77.90806323
nca_s1100,Sandhills State Veterans Cemetery,va_cemetery,State Cemetery,,,not_available,review_pending,discoverva_va_locator_facility_list,2026-05-05T16:33:37+00:00,https://discover.va.gov/va-locator-facility-list/,https://www.milvets.nc.gov/nc-veterans-cemetery-program-0,35.15805616,-78.96807432
nca_s1101,Western Carolina State Veterans Cemetery,va_cemetery,State Cemetery,,,not_available,review_pending,discoverva_va_locator_facility_list,2026-05-05T16:33:37+00:00,https://discover.va.gov/va-locator-facility-list/,https://www.milvets.nc.gov/nc-veterans-cemetery-program-0,35.6097637,-82.3553288
nca_s1102,North Dakota Veterans Cemetery,va_cemetery,State Cemetery,,,not_available,review_pending,discoverva_va_locator_facility_list,2026-05-05T16:33:37+00:00,https://discover.va.gov/va-locator-facility-list/,https://www.ndguard.nd.gov/veterans-cemetery,46.74885208,-100.84811926
nca_s1104,Seminole Nation and Veterans Memorial Cemetery,va_cemetery,State Cemetery,,,not_available,review_pending,discoverva_va_locator_facility_list,2026-05-05T16:33:37+00:00,https://discover.va.gov/va-locator-facility-list/,https://www.sno-nsn.gov/getpage.php?name=Veterans_Service_Office&sub=Tribal%20Services,35.18844849,-96.69749339
nca_s1105,Ohio Veterans Home Cemetery,va_cemetery,State Cemetery,,,not_available,review_pending,discoverva_va_locator_facility_list,2026-05-05T16:33:37+00:00,https://discover.va.gov/va-locator-facility-list/,https://dvs.ohio.gov/veterans-homes/sandusky,41.41941898,-82.68995047
nca_s1106,Pennsylvania Soldiers' and Sailors' Home Cemetery,va_cemetery,State Cemetery,,,not_available,review_pending,discoverva_va_locator_facility_list,2026-05-05T16:33:37+00:00,https://discover.va.gov/va-locator-facility-list/,https://www.dmva.pa.gov/paveteranshomes/PASoldiersandSailors/Pages/Cemetery.aspx,42.13721018,-80.07403493
nca_s1107,Atlantic Garden Veteran Cemetery,va_cemetery,State Cemetery,,,not_available,review_pending,discoverva_va_locator_facility_list,2026-05-05T16:33:37+00:00,https://discover.va.gov/va-locator-facility-list/,https://www.facebook.com/CementerioVeteranosAguadilla/,18.50060531,-67.09843326
nca_s1108,Rhode Island Veterans Memorial Cemetery,va_cemetery,State Cemetery,,,not_available,review_pending,discoverva_va_locator_facility_list,2026-05-05T16:33:37+00:00,https://discover.va.gov/va-locator-facility-list/,https://www.facebook.com/RIVMC/,41.54513535,-71.5347451
nca_s1109,M.J. Dolly Cooper Veterans Cemetery,va_cemetery,State Cemetery,,,not_available,review_pending,discoverva_va_locator_facility_list,2026-05-05T16:33:37+00:00,https://discover.va.gov/va-locator-facility-list/,https://scdva.sc.gov/cemetery,34.48032502,-82.57779121
nca_s1111,Sicangu Akicita Owicahe Veterans Cemetery,va_cemetery,State Cemetery,,,not_available,review_pending,discoverva_va_locator_facility_list,2026-05-05T16:33:37+00:00,https://discover.va.gov/va-locator-facility-list/,https://www.rosebudsiouxtribe-nsn.gov/,43.4311436,-100.736842
nca_s1112,Akicita Owicahe Lakota Freedom Veterans Cemetery,va_cemetery,State Cemetery,,,not_available,review_pending,discoverva_va_locator_facility_list,2026-05-05T16:33:37+00:00,https://discover.va.gov/va-locator-facility-list/,https://www.powwows.com/akicita-owicahe-lakota-freedom-veterans-cemetery/,43.45139374,-102.02549386
nca_s1114,East Tennessee State Veterans Cemetery - Gov. John Sevier Hwy,va_cemetery,State Cemetery,,,not_available,review_pending,discoverva_va_locator_facility_list,2026-05-05T16:33:37+00:00,https://discover.va.gov/va-locator-facility-list/,https://www.tn.gov/veteran/veteran-benefits/tn-state-benefits/veteran-burial-benefits/state-cemeteries.html,35.95144623,-83.80717903
nca_s1115,East Tennessee State Veterans Cemetery - Lyons View Pike,va_cemetery,State Cemetery,,,not_available,review_pending,discoverva_va_locator_facility_list,2026-05-05T16:33:37+00:00,https://discover.va.gov/va-locator-facility-list/,https://www.tn.gov/veteran/veteran-benefits/tn-state-benefits/veteran-burial-benefits/state-cemeteries.html,35.92518319,-83.99334043
nca_s1116,Middle Tennessee State Veterans Cemetery,va_cemetery,State Cemetery,,,not_available,review_pending,discoverva_va_locator_facility_list,2026-05-05T16:33:37+00:00,https://discover.va.gov/va-locator-facility-list/,https://www.tn.gov/veteran/veteran-benefits/tn-state-benefits/veteran-burial-benefits/state-cemeteries.html,36.08502014,-87.02581108
nca_s1117,West Tennessee State Veterans Cemetery,va_cemetery,State Cemetery,,,not_available,review_pending,discoverva_va_locator_facility_list,2026-05-05T16:33:37+00:00,https://discover.va.gov/va-locator-facility-list/,https://www.tn.gov/veteran/veteran-benefits/tn-state-benefits/veteran-burial-benefits/state-cemeteries.html,35.03748991,-89.75959361
nca_s1119,Central Texas State Veterans Cemetery in Killeen,va_cemetery,State Cemetery,,,not_available,review_pending,discoverva_va_locator_facility_list,2026-05-05T16:33:37+00:00,https://discover.va.gov/va-locator-facility-list/,https://www.glo.texas.gov/veterans/veterans-cemeteries/killeen,31.02683631,-97.7564013
nca_s1120,Rio Grande Valley State Veterans Cemetery in Mission,va_cemetery,State Cemetery,,,not_available,review_pending,discoverva_va_locator_facility_list,2026-05-05T16:33:37+00:00,https://discover.va.gov/va-locator-facility-list/,https://www.glo.texas.gov/veterans/veterans-cemeteries/mission,26.18578366,-98.35563898
nca_s1121,Texas State Veterans Cemetery in Abilene,va_cemetery,State Cemetery,,,not_available,review_pending,discoverva_va_locator_facility_list,2026-05-05T16:33:37+00:00,https://discover.va.gov/va-locator-facility-list/,https://www.glo.texas.gov/veterans/veterans-cemeteries/abilene,32.55077431,-99.71911311
nca_s1122,Coastal Bend State Veterans Cemetery in Corpus Christi,va_cemetery,State Cemetery,,,not_available,review_pending,discoverva_va_locator_facility_list,2026-05-05T16:33:37+00:00,https://discover.va.gov/va-locator-facility-list/,https://www.glo.texas.gov/veterans/veterans-cemeteries/corpus-christi,27.84100834,-97.55809486
nca_s1123,Utah Veterans Cemetery and Memorial Park,va_cemetery,State Cemetery,,,not_available,review_pending,discoverva_va_locator_facility_list,2026-05-05T16:33:37+00:00,https://discover.va.gov/va-locator-facility-list/,https://veterans.utah.gov/veterans-cemetery/,40.44244815,-111.93324924
nca_s1125,Vermont Veterans Memorial Cemetery,va_cemetery,State Cemetery,,,not_available,review_pending,discoverva_va_locator_facility_list,2026-05-05T16:33:37+00:00,https://discover.va.gov/va-locator-facility-list/,https://veterans.vermont.gov/office-veterans-affairs/programs-administered-office-veterans-affairs/vermont-veterans-memorial,43.94324031,-72.59743094
nca_s1127,"Albert G. Horton, Jr. Memorial Veterans Cemetery",va_cemetery,State Cemetery,,,not_available,review_pending,discoverva_va_locator_facility_list,2026-05-05T16:33:37+00:00,https://discover.va.gov/va-locator-facility-list/,https://www.dvs.virginia.gov/cemeteries/suffolk-cemetery,36.82267085,-76.63865089
nca_s1128,Southwest Virginia Veterans Cemetery,va_cemetery,State Cemetery,,,not_available,review_pending,discoverva_va_locator_facility_list,2026-05-05T16:33:37+00:00,https://discover.va.gov/va-locator-facility-list/,https://www.dvs.virginia.gov/cemeteries/dublin-cemetery,37.10411962,-80.67377955
nca_s1129,Virginia Veterans Cemetery in Amelia,va_cemetery,State Cemetery,,,not_available,review_pending,discoverva_va_locator_facility_list,2026-05-05T16:33:37+00:00,https://discover.va.gov/va-locator-facility-list/,https://www.dvs.virginia.gov/cemeteries/amelia-cemetery,37.3605898,-77.99631
nca_s1130,Washington State Veterans Cemetery in Medical Lake,va_cemetery,State Cemetery,,,not_available,review_pending,discoverva_va_locator_facility_list,2026-05-05T16:33:37+00:00,https://discover.va.gov/va-locator-facility-list/,https://www.dva.wa.gov/veterans-their-families/cemetery,47.58623411,-117.71396163
nca_s1133,Donel C. Kinnard Memorial State Veterans Cemetery,va_cemetery,State Cemetery,,,not_available,review_pending,discoverva_va_locator_facility_list,2026-05-05T16:33:37+00:00,https://discover.va.gov/va-locator-facility-list/,https://veterans.wv.gov/facilities/Pages/DCKMSVC.aspx,38.38147901,-81.75759718
nca_s1135,Central Wisconsin Veterans Memorial Cemetery,va_cemetery,State Cemetery,,,not_available,review_pending,discoverva_va_locator_facility_list,2026-05-05T16:33:37+00:00,https://discover.va.gov/va-locator-facility-list/,https://dva.wi.gov/pages/memorialsBurials/CWVMC.aspx,44.33534474,-89.14366722
nca_s1136,Northern Wisconsin Veterans Memorial Cemetery,va_cemetery,State Cemetery,,,not_available,review_pending,discoverva_va_locator_facility_list,2026-05-05T16:33:37+00:00,https://discover.va.gov/va-locator-facility-list/,https://dva.wi.gov/pages/memorialsBurials/NWVMC.aspx,45.78352173,-91.82609081
nca_s1137,Southern Wisconsin Veterans Memorial Cemetery,va_cemetery,State Cemetery,,,not_available,review_pending,discoverva_va_locator_facility_list,2026-05-05T16:33:37+00:00,https://discover.va.gov/va-locator-facility-list/,https://dva.wi.gov/pages/memorialsBurials/SWVMC.aspx,42.69857012,-88.08635116
nca_s1138,Oregon Trail State Veterans Cemetery,va_cemetery,State Cemetery,,,not_available,review_pending,discoverva_va_locator_facility_list,2026-05-05T16:33:37+00:00,https://discover.va.gov/va-locator-facility-list/,https://www.wyomilitary.wyo.gov/resources/veteran/cemeteries/,42.87226867,-106.25952959
nca_s1139,Guam Veterans Cemetery,va_cemetery,State Cemetery,,,not_available,review_pending,discoverva_va_locator_facility_list,2026-05-05T16:33:37+00:00,https://discover.va.gov/va-locator-facility-list/,http://veteranscemetery.guam.gov/,13.45798398,144.69104648
nca_s1141,Leech Lake Veterans Cemetery - Cass Lake,va_cemetery,State Cemetery,,,not_available,review_pending,discoverva_va_locator_facility_list,2026-05-05T16:33:37+00:00,https://discover.va.gov/va-locator-facility-list/,https://www.llojibwe.org/government/district3/casslake.html,47.39826,-94.65246
nca_s1142,Mississippi Veterans Memorial Cemetery - Kilmichael,va_cemetery,State Cemetery,,,not_available,review_pending,discoverva_va_locator_facility_list,2026-05-05T16:33:37+00:00,https://discover.va.gov/va-locator-facility-list/,https://www.msva.ms.gov/cemeteries,33.447506,-89.559196
nca_s1144,Tennessee State Veterans Cemetery at Parkers Crossroads,va_cemetery,State Cemetery,,,not_available,review_pending,discoverva_va_locator_facility_list,2026-05-05T16:33:37+00:00,https://discover.va.gov/va-locator-facility-list/,https://www.tn.gov/veteran/veteran-benefits/tn-state-benefits/veteran-burial-benefits/state-cemeteries.html,35.792,-88.3792
nca_s1145,Southwest Louisiana Veterans Cemetery,va_cemetery,State Cemetery,,,not_available,review_pending,discoverva_va_locator_facility_list,2026-05-05T16:33:37+00:00,https://discover.va.gov/va-locator-facility-list/,https://www.vetaffairs.la.gov/benefit/veterans-cemeteries/,30.2432348,-92.6404554
nca_s1146,All Nations Veterans Cemetery - Ft. Yates,va_cemetery,State Cemetery,,,not_available,review_pending,discoverva_va_locator_facility_list,2026-05-05T16:33:37+00:00,https://discover.va.gov/va-locator-facility-list/,https://www.veterans.nd.gov/about/veteran-service-officers-vso/standing-rock,45.958055,-100.805
nca_s1147,Gallup State Veterans Cemetery,va_cemetery,State Cemetery,,,not_available,review_pending,discoverva_va_locator_facility_list,2026-05-05T16:33:37+00:00,https://discover.va.gov/va-locator-facility-list/,https://www.nmdvs.org/cemetery/,35.528076,-108.742584
nca_s1148,Angel Fire State Veterans Cemetery,va_cemetery,State Cemetery,,,not_available,review_pending,discoverva_va_locator_facility_list,2026-05-05T16:33:37+00:00,https://discover.va.gov/va-locator-facility-list/,https://www.nmdvs.org/cemetery/,36.37791,-105.28653
nca_s1149,Sisseton-Wahpeton Oyate Veterans Cemetery,va_cemetery,State Cemetery,,,not_available,review_pending,discoverva_va_locator_facility_list,2026-05-05T16:33:37+00:00,https://discover.va.gov/va-locator-facility-list/,https://www.facebook.com/SWVCemetery/,45.8412,-96.92996
nca_s1150,White Eagle Cemetery,va_cemetery,State Cemetery,,,not_available,review_pending,discoverva_va_locator_facility_list,2026-05-05T16:33:37+00:00,https://discover.va.gov/va-locator-facility-list/,https://www.facebook.com/PoncaTribeofIndiansofOklahoma,36.70359,-97.07861
nca_s1151,Apsaalooke Veterans Cemetery,va_cemetery,State Cemetery,,,not_available,review_pending,discoverva_va_locator_facility_list,2026-05-05T16:33:37+00:00,https://discover.va.gov/va-locator-facility-list/,http://www.crow-nsn.gov/,45.603878,-107.475251
nca_s1152,Metlakatla Veterans Memorial Cemetery,va_cemetery,State Cemetery,,,not_available,review_pending,discoverva_va_locator_facility_list,2026-05-05T16:33:37+00:00,https://discover.va.gov/va-locator-facility-list/,http://www.metlakatla.com/mayor,55.122954,-131.596531
nca_s1153,Idaho State Veterans Cemetery at Blackfoot,va_cemetery,State Cemetery,,,not_available,review_pending,discoverva_va_locator_facility_list,2026-05-05T16:33:37+00:00,https://discover.va.gov/va-locator-facility-list/,https://veterans.idaho.gov/cemeteries/cemetery-blackfoot/,43.182046,-112.326695
nca_s1155,South Dakota Veterans Cemetery,va_cemetery,State Cemetery,,,not_available,review_pending,discoverva_va_locator_facility_list,2026-05-05T16:33:37+00:00,https://discover.va.gov/va-locator-facility-list/,https://vetaffairs.sd.gov/veteranscemetery/contact.aspx,43.623386,-96.673282
nca_s1159,Minnesota State Veterans Cemetery - Redwood Falls,va_cemetery,State Cemetery,,,not_available,review_pending,discoverva_va_locator_facility_list,2026-05-05T16:33:37+00:00,https://discover.va.gov/va-locator-facility-list/,https://mn.gov/mdva/memorials/stateveteranscemeteries/minnesota-state-veterans-cemetery-redwood-falls.jsp,44.538187,-95.047745
nca_s1160,New York State Veterans Cemetery - Finger Lakes,va_cemetery,State Cemetery,,,not_available,review_pending,discoverva_va_locator_facility_list,2026-05-05T16:33:37+00:00,https://discover.va.gov/va-locator-facility-list/,https://veterans.ny.gov/ny-state-veterans-cemetery-finger-lakes,42.702455,-76.87996
nca_s1161,Seaman First Class Billy Turner Veterans Cemetery,va_cemetery,State Cemetery,,,not_available,review_pending,discoverva_va_locator_facility_list,2026-05-05T16:33:37+00:00,https://discover.va.gov/va-locator-facility-list/,https://oklahoma.gov/veterans/veterans-services/state-veterans-cemetery.html,34.1585247,-97.14689197
vba_301,Boston VA Regional Benefit Office,va_benefits_facility,Regional Benefit Office,,301,derived,review_pending,discoverva_va_locator_facility_list,2026-05-05T16:33:37+00:00,https://discover.va.gov/va-locator-facility-list/,https://www.va.gov/boston-va-regional-benefit-office,42.36138918,-71.06056219
vba_301b,Veteran Readiness and Employment Office at Worcester VA Clinic,va_benefits_facility,Veteran Readiness and Employment Office,,301b,derived,review_pending,discoverva_va_locator_facility_list,2026-05-05T16:33:37+00:00,https://discover.va.gov/va-locator-facility-list/,https://www.benefits.va.gov/boston/,42.29755654,-71.76754286
vba_304,Providence VA Regional Benefit Office,va_benefits_facility,Regional Benefit Office,,304,derived,review_pending,discoverva_va_locator_facility_list,2026-05-05T16:33:37+00:00,https://discover.va.gov/va-locator-facility-list/,https://www.benefits.va.gov/providence/,41.82127103,-71.41487064
vba_304a,VA Regional Benefit Satellite Office at Providence VA Medical Center,va_benefits_facility,Satellite Office,,304a,derived,review_pending,discoverva_va_locator_facility_list,2026-05-05T16:33:37+00:00,https://discover.va.gov/va-locator-facility-list/,https://www.benefits.va.gov/providence/,41.831253,-71.431794
vba_304l,VA Regional Benefit Satellite Office at Middletown VA Clinic,va_benefits_facility,Satellite Office,,304l,derived,review_pending,discoverva_va_locator_facility_list,2026-05-05T16:33:37+00:00,https://discover.va.gov/va-locator-facility-list/,https://www.benefits.va.gov/providence/,41.5304238,-71.297346
vba_304m,VA Regional Benefit Satellite Office at Cape Cod Vet Center,va_benefits_facility,Satellite Office,,304m,derived,review_pending,discoverva_va_locator_facility_list,2026-05-05T16:33:37+00:00,https://discover.va.gov/va-locator-facility-list/,https://www.benefits.va.gov/providence/,41.650049,-70.313052
vba_304n,VA Regional Benefit Satellite Office at New Bedford VA Clinic,va_benefits_facility,Satellite Office,,304n,derived,review_pending,discoverva_va_locator_facility_list,2026-05-05T16:33:37+00:00,https://discover.va.gov/va-locator-facility-list/,https://www.benefits.va.gov/providence/,41.635938,-70.930435
vba_304o,VA Regional Benefit Satellite Office at Providence Vet Center,va_benefits_facility,Satellite Office,,304o,derived,review_pending,discoverva_va_locator_facility_list,2026-05-05T16:33:37+00:00,https://discover.va.gov/va-locator-facility-list/,https://www.benefits.va.gov/providence/,41.721288,-71.403867
vba_306,New York VA Regional Benefit Office,va_benefits_facility,Regional Benefit Office,,306,derived,review_pending,discoverva_va_locator_facility_list,2026-05-05T16:33:37+00:00,https://discover.va.gov/va-locator-facility-list/,https://www.benefits.va.gov/newyork/,40.727944,-74.005494
vba_306b,VA Regional Benefit Satellite Office at Samuel S. Stratton Department of Veterans Affairs Medical Center,va_benefits_facility,Satellite Office,,306b,derived,review_pending,discoverva_va_locator_facility_list,2026-05-05T16:33:37+00:00,https://discover.va.gov/va-locator-facility-list/,https://www.benefits.va.gov/newyork/,42.65073,-73.771938
vba_306f,VA Regional Benefit Satellite Office at Castle Point VA Medical Center,va_benefits_facility,Satellite Office,,306f,derived,review_pending,discoverva_va_locator_facility_list,2026-05-05T16:33:37+00:00,https://discover.va.gov/va-locator-facility-list/,https://www.benefits.va.gov/newyork/,41.54039811,-73.96220178
vba_306j,VA Regional Benefit Satellite Office at Northport VA Medical Center,va_benefits_facility,Satellite Office,,306j,derived,review_pending,discoverva_va_locator_facility_list,2026-05-05T16:33:37+00:00,https://discover.va.gov/va-locator-facility-list/,https://www.benefits.va.gov/newyork/,40.898853,-73.313775
vba_307,Buffalo VA Regional Benefit Office,va_benefits_facility,Regional Benefit Office,,307,derived,review_pending,discoverva_va_locator_facility_list,2026-05-05T16:33:37+00:00,https://discover.va.gov/va-locator-facility-list/,https://www.benefits.va.gov/buffalo/,42.88818214,-78.87926402
vba_307a,VA Regional Benefit Satellite Office at Rochester Calkins VA Clinic,va_benefits_facility,Satellite Office,,307a,derived,review_pending,discoverva_va_locator_facility_list,2026-05-05T16:33:37+00:00,https://discover.va.gov/va-locator-facility-list/,https://www.benefits.va.gov/buffalo/,43.06828614,-77.63398787
vba_308,Hartford VA Regional Benefit Office at Newington VA Clinic,va_benefits_facility,Regional Benefit Office,,308,derived,review_pending,discoverva_va_locator_facility_list,2026-05-05T16:33:37+00:00,https://discover.va.gov/va-locator-facility-list/,https://www.benefits.va.gov/hartford/,41.702148,-72.737856
vba_308b,VA Regional Benefit Satellite Office at Naval Submarine Base New London,va_benefits_facility,Satellite Office,,308b,derived,review_pending,discoverva_va_locator_facility_list,2026-05-05T16:33:37+00:00,https://discover.va.gov/va-locator-facility-list/,https://www.benefits.va.gov/hartford/,41.38783958,-72.08677213
vba_308d,Veteran Readiness and Employment Office at Naval Submarine Base New London,va_benefits_facility,Veteran Readiness and Employment Office,,308d,derived,review_pending,discoverva_va_locator_facility_list,2026-05-05T16:33:37+00:00,https://discover.va.gov/va-locator-facility-list/,https://www.benefits.va.gov/hartford/,41.3929568,-72.08814253
vba_309,Newark VA Regional Benefit Office,va_benefits_facility,Regional Benefit Office,,309,derived,review_pending,discoverva_va_locator_facility_list,2026-05-05T16:33:37+00:00,https://discover.va.gov/va-locator-facility-list/,https://www.benefits.va.gov/newark/,40.74266336,-74.17077896
vba_310,Philadelphia VA Regional Benefit Office,va_benefits_facility,Regional Benefit Office,,310,derived,review_pending,discoverva_va_locator_facility_list,2026-05-05T16:33:37+00:00,https://discover.va.gov/va-locator-facility-list/,https://www.benefits.va.gov/philadelphia/,40.0185372,-75.17342085
vba_311,Pittsburgh VA Regional Benefit Office,va_benefits_facility,Regional Benefit Office,,311,derived,review_pending,discoverva_va_locator_facility_list,2026-05-05T16:33:37+00:00,https://discover.va.gov/va-locator-facility-list/,https://www.benefits.va.gov/pittsburgh/,40.44369347,-79.99506229
vba_313,Baltimore VA Regional Benefit Office,va_benefits_facility,Regional Benefit Office,,313,derived,review_pending,discoverva_va_locator_facility_list,2026-05-05T16:33:37+00:00,https://discover.va.gov/va-locator-facility-list/,https://www.benefits.va.gov/baltimore/,39.28842379,-76.61769548
vba_314,Roanoke VA Regional Benefit Office,va_benefits_facility,Regional Benefit Office,,314,derived,review_pending,discoverva_va_locator_facility_list,2026-05-05T16:33:37+00:00,https://discover.va.gov/va-locator-facility-list/,https://www.va.gov/roanoke-va-regional-benefit-office,37.26878488,-79.94462
vba_314b,VA Regional Benefit Satellite Office at Norfolk,va_benefits_facility,Satellite Office,,314b,derived,review_pending,discoverva_va_locator_facility_list,2026-05-05T16:33:37+00:00,https://discover.va.gov/va-locator-facility-list/,https://www.benefits.va.gov/roanoke/,36.87799237,-76.22287527
vba_314g,VA Regional Benefit Satellite Office at The Net Center,va_benefits_facility,Satellite Office,,314g,derived,review_pending,discoverva_va_locator_facility_list,2026-05-05T16:33:37+00:00,https://discover.va.gov/va-locator-facility-list/,https://www.benefits.va.gov/roanoke/,37.02387646,-76.43949896
vba_314i,VA Regional Benefit Satellite Office at Lewis F. Powell Jr. US Courthouse Annex,va_benefits_facility,Satellite Office,,314i,derived,review_pending,discoverva_va_locator_facility_list,2026-05-05T16:33:37+00:00,https://discover.va.gov/va-locator-facility-list/,https://www.benefits.va.gov/roanoke/,37.49792643,-77.47035097
vba_315,Huntington VA Regional Benefit Office,va_benefits_facility,Regional Benefit Office,,315,derived,review_pending,discoverva_va_locator_facility_list,2026-05-05T16:33:37+00:00,https://discover.va.gov/va-locator-facility-list/,https://www.va.gov/huntington-va-regional-benefit-office,38.42004599,-82.44826239
vba_316,Atlanta VA Regional Benefit Office,va_benefits_facility,Regional Benefit Office,,316,derived,review_pending,discoverva_va_locator_facility_list,2026-05-05T16:33:37+00:00,https://discover.va.gov/va-locator-facility-list/,https://www.benefits.va.gov/atlanta/,33.80355659,-84.31071374
vba_317,St. Petersburg VA Regional Benefit Office,va_benefits_facility,Regional Benefit Office,,317,derived,review_pending,discoverva_va_locator_facility_list,2026-05-05T16:33:37+00:00,https://discover.va.gov/va-locator-facility-list/,https://www.benefits.va.gov/stpetersburg/,27.81372377,-82.76943426
vba_317l,VA Regional Benefit Satellite Office at Lake Baldwin VA Clinic,va_benefits_facility,Satellite Office,,317l,derived,review_pending,discoverva_va_locator_facility_list,2026-05-05T16:33:37+00:00,https://discover.va.gov/va-locator-facility-list/,https://www.benefits.va.gov/stpetersburg/,28.57912348,-81.32164141
vba_318,Winston-Salem VA Regional Benefit Office,va_benefits_facility,Regional Benefit Office,,318,derived,review_pending,discoverva_va_locator_facility_list,2026-05-05T16:33:37+00:00,https://discover.va.gov/va-locator-facility-list/,https://www.benefits.va.gov/winstonsalem/,36.09688547,-80.24372701
vba_319,Columbia VA Regional Benefit Office,va_benefits_facility,Regional Benefit Office,,319,derived,review_pending,discoverva_va_locator_facility_list,2026-05-05T16:33:37+00:00,https://discover.va.gov/va-locator-facility-list/,https://www.benefits.va.gov/columbia/,33.97998772,-80.96187732
vba_319k,Integrated Disability Evaluation System (IDES) at Beaufort Naval Hospital,va_benefits_facility,IDES Site,,319k,derived,review_pending,discoverva_va_locator_facility_list,2026-05-05T16:33:37+00:00,https://discover.va.gov/va-locator-facility-list/,https://www.benefits.va.gov/columbia/,32.3878324,-80.6842449
vba_320,Nashville VA Regional Benefit Office,va_benefits_facility,Regional Benefit Office,,320,derived,review_pending,discoverva_va_locator_facility_list,2026-05-05T16:33:37+00:00,https://discover.va.gov/va-locator-facility-list/,https://www.benefits.va.gov/nashville/,36.15772525,-86.78294357
vba_320g,VA Regional Benefits Satellite Office at Fort Campbell,va_benefits_facility,Satellite Office,,320g,derived,review_pending,discoverva_va_locator_facility_list,2026-05-05T16:33:37+00:00,https://discover.va.gov/va-locator-facility-list/,https://www.benefits.va.gov/nashville/,36.638244,-87.45001
vba_321,New Orleans VA Regional Benefit Office at New Orleans VA Medical Center,va_benefits_facility,Regional Benefit Office,,321,derived,review_pending,discoverva_va_locator_facility_list,2026-05-05T16:33:37+00:00,https://discover.va.gov/va-locator-facility-list/,https://www.benefits.va.gov/neworleans/,29.950831,-90.076344
vba_322,Montgomery VA Regional Benefit Office,va_benefits_facility,Regional Benefit Office,,322,derived,review_pending,discoverva_va_locator_facility_list,2026-05-05T16:33:37+00:00,https://discover.va.gov/va-locator-facility-list/,https://www.benefits.va.gov/montgomery/,32.37587056,-86.24490067
vba_322m,VA Regional Benefit Satellite Office at Hurlburt Field,va_benefits_facility,Satellite Office,,322m,derived,review_pending,discoverva_va_locator_facility_list,2026-05-05T16:33:37+00:00,https://discover.va.gov/va-locator-facility-list/,https://www.benefits.va.gov/montgomery/,30.4207072,-86.6970639
vba_323,Jackson VA Regional Benefit Office,va_benefits_facility,Regional Benefit Office,,323,derived,review_pending,discoverva_va_locator_facility_list,2026-05-05T16:33:37+00:00,https://discover.va.gov/va-locator-facility-list/,https://www.benefits.va.gov/jackson/,32.32800133,-90.16388524
vba_323a,VA Regional Benefit Satellite Office at Biloxi VA Medical Center,va_benefits_facility,Satellite Office,,323a,derived,review_pending,discoverva_va_locator_facility_list,2026-05-05T16:33:37+00:00,https://discover.va.gov/va-locator-facility-list/,https://www.benefits.va.gov/jackson/,30.40904262,-88.9471823
vba_323c,VA Regional Benefit Satellite Office at Keesler Air Force Base,va_benefits_facility,Satellite Office,,323c,derived,review_pending,discoverva_va_locator_facility_list,2026-05-05T16:33:37+00:00,https://discover.va.gov/va-locator-facility-list/,https://www.benefits.va.gov/jackson/,30.4122142,-88.9102175
vba_325,Cleveland VA Regional Benefit Office,va_benefits_facility,Regional Benefit Office,,325,derived,review_pending,discoverva_va_locator_facility_list,2026-05-05T16:33:37+00:00,https://discover.va.gov/va-locator-facility-list/,https://www.benefits.va.gov/cleveland/,41.50535984,-81.69134442
vba_325a,VA Regional Benefit Satellite Office at Wright Patterson Air Force Base,va_benefits_facility,Satellite Office,,325a,derived,review_pending,discoverva_va_locator_facility_list,2026-05-05T16:33:37+00:00,https://discover.va.gov/va-locator-facility-list/,https://www.benefits.va.gov/cleveland/,39.8050358,-84.0373938
vba_325b,VA Regional Benefit Satellite Office at Cincinnati Veterans of Foreign Wars,va_benefits_facility,Satellite Office,,325b,derived,review_pending,discoverva_va_locator_facility_list,2026-05-05T16:33:37+00:00,https://discover.va.gov/va-locator-facility-list/,https://www.benefits.va.gov/cleveland/,39.098305,-84.51567
vba_325f,VA Regional Benefit Satellite Office at Athens VA Clinic,va_benefits_facility,Satellite Office,,325f,derived,review_pending,discoverva_va_locator_facility_list,2026-05-05T16:33:37+00:00,https://discover.va.gov/va-locator-facility-list/,https://www.benefits.va.gov/cleveland/,39.37540732,-82.13436367
vba_325g,VA Regional Benefit Satellite Office at Dayton VA Medical Center,va_benefits_facility,Satellite Office,,325g,derived,review_pending,discoverva_va_locator_facility_list,2026-05-05T16:33:37+00:00,https://discover.va.gov/va-locator-facility-list/,https://www.benefits.va.gov/cleveland/,39.74935073,-84.25320014
vba_326,Indianapolis VA Regional Benefit Office,va_benefits_facility,Regional Benefit Office,,326,derived,review_pending,discoverva_va_locator_facility_list,2026-05-05T16:33:37+00:00,https://discover.va.gov/va-locator-facility-list/,https://www.benefits.va.gov/indianapolis/,39.77485956,-86.15591447
vba_326a,VA Regional Benefit Satellite Office at Wakeman VA Clinic,va_benefits_facility,Satellite Office,,326a,derived,review_pending,discoverva_va_locator_facility_list,2026-05-05T16:33:37+00:00,https://discover.va.gov/va-locator-facility-list/,https://www.benefits.va.gov/indianapolis/,39.36362617,-86.0319801
vba_326c,VA Regional Benefit Satellite Office at Marion VA Medical Center,va_benefits_facility,Satellite Office,,326c,derived,review_pending,discoverva_va_locator_facility_list,2026-05-05T16:33:37+00:00,https://discover.va.gov/va-locator-facility-list/,https://www.benefits.va.gov/indianapolis/,40.52367955,-85.63720253
vba_326d,VA Regional Benefit Satellite Office at Scott County VA Clinic,va_benefits_facility,Satellite Office,,326d,derived,review_pending,discoverva_va_locator_facility_list,2026-05-05T16:33:37+00:00,https://discover.va.gov/va-locator-facility-list/,https://www.benefits.va.gov/indianapolis/,38.7059305,-85.7887862
vba_326f,VA Regional Benefit Satellite Office at Evansville Vet Center,va_benefits_facility,Satellite Office,,326f,derived,review_pending,discoverva_va_locator_facility_list,2026-05-05T16:33:37+00:00,https://discover.va.gov/va-locator-facility-list/,https://www.benefits.va.gov/indianapolis/,37.98666,-87.474717
vba_326h,VA Regional Benefit Satellite Office at Fort Wayne VA Medical Center,va_benefits_facility,Satellite Office,,326h,derived,review_pending,discoverva_va_locator_facility_list,2026-05-05T16:33:37+00:00,https://discover.va.gov/va-locator-facility-list/,https://www.benefits.va.gov/indianapolis/,41.091111,-85.108131
vba_327,Louisville VA Regional Benefit Office,va_benefits_facility,Regional Benefit Office,,327,derived,review_pending,discoverva_va_locator_facility_list,2026-05-05T16:33:37+00:00,https://discover.va.gov/va-locator-facility-list/,https://www.benefits.va.gov/louisville/,38.25649566,-85.7552726
vba_328,Chicago VA Regional Benefit Office,va_benefits_facility,Regional Benefit Office,,328,derived,review_pending,discoverva_va_locator_facility_list,2026-05-05T16:33:37+00:00,https://discover.va.gov/va-locator-facility-list/,https://www.benefits.va.gov/chicago/,41.86910014,-87.67907223
vba_328a,VA Regional Benefit Satellite Office at Captain James A. Lovell Federal Health Care Center,va_benefits_facility,Satellite Office,,328a,derived,review_pending,discoverva_va_locator_facility_list,2026-05-05T16:33:37+00:00,https://discover.va.gov/va-locator-facility-list/,https://www.benefits.va.gov/chicago/,42.306795,-87.8605335
vba_329,Detroit VA Regional Benefit Office,va_benefits_facility,Regional Benefit Office,,329,derived,review_pending,discoverva_va_locator_facility_list,2026-05-05T16:33:37+00:00,https://discover.va.gov/va-locator-facility-list/,https://www.va.gov/detroit-va-regional-benefit-office/,42.33165191,-83.05337955
vba_330,Milwaukee VA Regional Benefit Office,va_benefits_facility,Regional Benefit Office,,330,derived,review_pending,discoverva_va_locator_facility_list,2026-05-05T16:33:37+00:00,https://discover.va.gov/va-locator-facility-list/,https://www.benefits.va.gov/milwaukee/,43.0188275,-87.98038714
vba_331,St. Louis VA Regional Benefit Office,va_benefits_facility,Regional Benefit Office,,331,derived,review_pending,discoverva_va_locator_facility_list,2026-05-05T16:33:37+00:00,https://discover.va.gov/va-locator-facility-list/,https://www.benefits.va.gov/stlouis/,38.68845699,-90.37341633
vba_331d,"VA Regional Benefit Satellite Office at Springfield, MO",va_benefits_facility,Satellite Office,,331d,derived,review_pending,discoverva_va_locator_facility_list,2026-05-05T16:33:37+00:00,https://discover.va.gov/va-locator-facility-list/,https://www.benefits.va.gov/stlouis/,37.1475359,-93.2937123
vba_333,Des Moines VA Regional Benefit Office,va_benefits_facility,Regional Benefit Office,,333,derived,review_pending,discoverva_va_locator_facility_list,2026-05-05T16:33:37+00:00,https://discover.va.gov/va-locator-facility-list/,https://www.benefits.va.gov/desmoines/,41.58676394,-93.62054471
vba_333d,VA Regional Benefit Satellite Office at Des Moines VA Medical Center,va_benefits_facility,Satellite Office,,333d,derived,review_pending,discoverva_va_locator_facility_list,2026-05-05T16:33:37+00:00,https://discover.va.gov/va-locator-facility-list/,https://www.benefits.va.gov/desmoines/,41.62773592,-93.65878525
vba_333e,VA Regional Benefit Satellite Office at Iowa City VA Medical Center,va_benefits_facility,Satellite Office,,333e,derived,review_pending,discoverva_va_locator_facility_list,2026-05-05T16:33:37+00:00,https://discover.va.gov/va-locator-facility-list/,https://www.benefits.va.gov/desmoines/,41.66361,-91.548621
vba_334,Lincoln VA Regional Benefit Office,va_benefits_facility,Regional Benefit Office,,334,derived,review_pending,discoverva_va_locator_facility_list,2026-05-05T16:33:37+00:00,https://discover.va.gov/va-locator-facility-list/,https://www.benefits.va.gov/lincoln/,40.75436854,-96.66575456
vba_334d,VA Regional Benefit Satellite Office at Omaha VA Medical Center,va_benefits_facility,Satellite Office,,334d,derived,review_pending,discoverva_va_locator_facility_list,2026-05-05T16:33:37+00:00,https://discover.va.gov/va-locator-facility-list/,https://www.benefits.va.gov/lincoln/,41.24512648,-95.97525954
vba_335,St. Paul VA Regional Benefit Office,va_benefits_facility,Regional Benefit Office,,335,derived,review_pending,discoverva_va_locator_facility_list,2026-05-05T16:33:37+00:00,https://discover.va.gov/va-locator-facility-list/,https://benefits.va.gov/stpaul/,44.89357329,-93.19390819
vba_335a,VA Regional Benefit Satellite Office at Minneapolis VA Medical Center,va_benefits_facility,Satellite Office,,335a,derived,review_pending,discoverva_va_locator_facility_list,2026-05-05T16:33:37+00:00,https://discover.va.gov/va-locator-facility-list/,https://benefits.va.gov/stpaul/,44.90196204,-93.2043285
vba_335b,VA Regional Benefit Satellite Office at St. Cloud VA Medical Center,va_benefits_facility,Satellite Office,,335b,derived,review_pending,discoverva_va_locator_facility_list,2026-05-05T16:33:37+00:00,https://discover.va.gov/va-locator-facility-list/,https://benefits.va.gov/stpaul/,45.572589,-94.216221
vba_335d,VA Regional Benefit Satellite Office at Gerald W. Heaney Federal Building & U.S. Courthouse,va_benefits_facility,Satellite Office,,335d,derived,review_pending,discoverva_va_locator_facility_list,2026-05-05T16:33:37+00:00,https://discover.va.gov/va-locator-facility-list/,https://benefits.va.gov/stpaul/,46.7825302,-92.1069752
vba_339,Denver VA Regional Benefit Office,va_benefits_facility,Regional Benefit Office,,339,derived,review_pending,discoverva_va_locator_facility_list,2026-05-05T16:33:37+00:00,https://discover.va.gov/va-locator-facility-list/,https://www.va.gov/denver-va-regional-benefit-office/,39.71558157,-105.1377432
vba_339b,VA Regional Benefit Satellite Office at PFC Floyd K. Lindstrom VA Clinic,va_benefits_facility,Satellite Office,,339b,derived,review_pending,discoverva_va_locator_facility_list,2026-05-05T16:33:37+00:00,https://discover.va.gov/va-locator-facility-list/,https://www.benefits.va.gov/denver/,38.87413544,-104.8453591
vba_340,Albuquerque VA Regional Benefit Office,va_benefits_facility,Regional Benefit Office,,340,derived,review_pending,discoverva_va_locator_facility_list,2026-05-05T16:33:37+00:00,https://discover.va.gov/va-locator-facility-list/,https://www.va.gov/albuquerque-va-regional-benefit-office,35.08380275,-106.6538038
vba_341,Salt Lake City VA Regional Benefit Office at George E. Wahlen Department of Veterans Affairs Medical Center,va_benefits_facility,Regional Benefit Office,,341,derived,review_pending,discoverva_va_locator_facility_list,2026-05-05T16:33:37+00:00,https://discover.va.gov/va-locator-facility-list/,https://www.benefits.va.gov/saltlakecity/,40.755051,-111.8376495
vba_341b,Salt Lake City Veteran Readiness and Employment Office at George E. Wahlen Department of Veterans Affairs Medical Center,va_benefits_facility,Veteran Readiness and Employment Office,,341b,derived,review_pending,discoverva_va_locator_facility_list,2026-05-05T16:33:37+00:00,https://discover.va.gov/va-locator-facility-list/,https://www.benefits.va.gov/saltlakecity/,40.755051,-111.8376495
vba_341c,Ogden Veteran Readiness and Employment Office,va_benefits_facility,Veteran Readiness and Employment Office,,341c,derived,review_pending,discoverva_va_locator_facility_list,2026-05-05T16:33:37+00:00,https://discover.va.gov/va-locator-facility-list/,https://www.benefits.va.gov/saltlakecity/,41.2209424,-111.9725898
vba_341g,Pre-Discharge Site at Fort Walker,va_benefits_facility,Pre-Discharge Site,,341g,derived,review_pending,discoverva_va_locator_facility_list,2026-05-05T16:33:37+00:00,https://discover.va.gov/va-locator-facility-list/,https://www.benefits.va.gov/saltlakecity/,41.10968,-111.9804646
vba_343,Oakland VA Regional Benefit Office,va_benefits_facility,Regional Benefit Office,,343,derived,review_pending,discoverva_va_locator_facility_list,2026-05-05T16:33:37+00:00,https://discover.va.gov/va-locator-facility-list/,https://www.va.gov/oakland-va-regional-benefit-office,37.80459708,-122.2740773
vba_343a,VA Regional Benefit Satellite Office at Sacramento VA Medical Center - Mather,va_benefits_facility,Satellite Office,,343a,derived,review_pending,discoverva_va_locator_facility_list,2026-05-05T16:33:37+00:00,https://discover.va.gov/va-locator-facility-list/,https://www.benefits.va.gov/oakland/,38.572461,-121.296501
vba_343ao,VA Regional Benefit Satellite Office at Fresno,va_benefits_facility,Satellite Office,,343ao,derived,review_pending,discoverva_va_locator_facility_list,2026-05-05T16:33:37+00:00,https://discover.va.gov/va-locator-facility-list/,https://www.benefits.va.gov/oakland/,36.7345466,-119.7859398
vba_343ar,Pre-Discharge Site at Beale Air Force Base Hospital,va_benefits_facility,Pre-Discharge Site,,343ar,derived,review_pending,discoverva_va_locator_facility_list,2026-05-05T16:33:37+00:00,https://discover.va.gov/va-locator-facility-list/,https://www.benefits.va.gov/beale/,39.1152679,-121.3418327
vba_343as,Pre-Discharge Site at Naval Airstation Lemoore,va_benefits_facility,Pre-Discharge Site,,343as,derived,review_pending,discoverva_va_locator_facility_list,2026-05-05T16:33:37+00:00,https://discover.va.gov/va-locator-facility-list/,https://www.benefits.va.gov/lemoore/,36.2639463,-119.8932059
vba_343at,Pre-Discharge Site at Travis Air Force Base,va_benefits_facility,Pre-Discharge Site,,343at,derived,review_pending,discoverva_va_locator_facility_list,2026-05-05T16:33:37+00:00,https://discover.va.gov/va-locator-facility-list/,https://www.benefits.va.gov/travis/,38.2685782,-121.9668204
vba_343b,VA Regional Benefit Satellite Office at Martinez VA Medical Center,va_benefits_facility,Satellite Office,,343b,derived,review_pending,discoverva_va_locator_facility_list,2026-05-05T16:33:37+00:00,https://discover.va.gov/va-locator-facility-list/,https://www.benefits.va.gov/oakland/,37.99523917,-122.1152852
vba_343c,VA Regional Benefit Satellite Office at Palo Alto VA Medical Center,va_benefits_facility,Satellite Office,,343c,derived,review_pending,discoverva_va_locator_facility_list,2026-05-05T16:33:37+00:00,https://discover.va.gov/va-locator-facility-list/,https://www.benefits.va.gov/oakland/,37.40132327,-122.1391059
vba_343e,VA Regional Benefit Satellite Office at Sacramento,va_benefits_facility,Satellite Office,,343e,derived,review_pending,discoverva_va_locator_facility_list,2026-05-05T16:33:37+00:00,https://discover.va.gov/va-locator-facility-list/,https://www.benefits.va.gov/oakland/,38.5916043,-121.2773894
vba_344,Los Angeles VA Regional Benefit Office,va_benefits_facility,Regional Benefit Office,,344,derived,review_pending,discoverva_va_locator_facility_list,2026-05-05T16:33:37+00:00,https://discover.va.gov/va-locator-facility-list/,https://www.va.gov/los-angeles-va-regional-benefit-office,34.05771012,-118.4478393
vba_344c,VA Regional Benefit Satellite Office at Naval Base Ventura County,va_benefits_facility,Satellite Office,,344c,derived,review_pending,discoverva_va_locator_facility_list,2026-05-05T16:33:37+00:00,https://discover.va.gov/va-locator-facility-list/,https://www.benefits.va.gov/losangeles/,34.1688939,-119.1962736
vba_345,Phoenix VA Regional Benefit Office,va_benefits_facility,Regional Benefit Office,,345,derived,review_pending,discoverva_va_locator_facility_list,2026-05-05T16:33:37+00:00,https://discover.va.gov/va-locator-facility-list/,https://www.benefits.va.gov/phoenix/,33.41663072,-112.073468
vba_345a,Tucson Veteran Readiness and Employment Office,va_benefits_facility,Veteran Readiness and Employment Office,,345a,derived,review_pending,discoverva_va_locator_facility_list,2026-05-05T16:33:37+00:00,https://discover.va.gov/va-locator-facility-list/,https://www.benefits.va.gov/phoenix/,32.1650466,-110.9932287
vba_345b,Flagstaff Veteran Readiness and Employment Office,va_benefits_facility,Veteran Readiness and Employment Office,,345b,derived,review_pending,discoverva_va_locator_facility_list,2026-05-05T16:33:37+00:00,https://discover.va.gov/va-locator-facility-list/,https://www.benefits.va.gov/phoenix/,35.1849522,-111.6712428
vba_345e,Veteran Readiness and Employment Office at Fort Huachuca,va_benefits_facility,Veteran Readiness and Employment Office,,345e,derived,review_pending,discoverva_va_locator_facility_list,2026-05-05T16:33:37+00:00,https://discover.va.gov/va-locator-facility-list/,https://www.benefits.va.gov/phoenix/,31.5489832,-110.3519991
vba_345h,VA Regional Benefit Satellite Office at Davis-Monthan Air Force Base,va_benefits_facility,Satellite Office,,345h,derived,review_pending,discoverva_va_locator_facility_list,2026-05-05T16:33:37+00:00,https://discover.va.gov/va-locator-facility-list/,https://www.benefits.va.gov/phoenix/,32.1729798,-110.85991
vba_345i,VA Regional Benefit Satellite Office at Raymond W. Bliss Army Health Center,va_benefits_facility,Satellite Office,,345i,derived,review_pending,discoverva_va_locator_facility_list,2026-05-05T16:33:37+00:00,https://discover.va.gov/va-locator-facility-list/,https://www.benefits.va.gov/phoenix/,31.5574017,-110.402376
vba_345j,VA Regional Benefit Satellite Office at Luke Air Force Base,va_benefits_facility,Satellite Office,,345j,derived,review_pending,discoverva_va_locator_facility_list,2026-05-05T16:33:37+00:00,https://discover.va.gov/va-locator-facility-list/,https://www.benefits.va.gov/phoenix/,33.5416829,-112.3549655
vba_346,Seattle VA Regional Benefit Office,va_benefits_facility,Regional Benefit Office,,346,derived,review_pending,discoverva_va_locator_facility_list,2026-05-05T16:33:37+00:00,https://discover.va.gov/va-locator-facility-list/,https://www.benefits.va.gov/seattle/,47.60485762,-122.3349132
vba_346b,VA Regional Benefit Satellite Office at Thomas S. Foley U.S. Courthouse,va_benefits_facility,Satellite Office,,346b,derived,review_pending,discoverva_va_locator_facility_list,2026-05-05T16:33:37+00:00,https://discover.va.gov/va-locator-facility-list/,https://www.benefits.va.gov/seattle/,47.6585631,-117.4260604
vba_347,Boise VA Regional Benefit Office,va_benefits_facility,Regional Benefit Office,,347,derived,review_pending,discoverva_va_locator_facility_list,2026-05-05T16:33:37+00:00,https://discover.va.gov/va-locator-facility-list/,https://www.benefits.va.gov/boise/,43.61859833,-116.1944002
vba_348,Portland VA Regional Benefit Office,va_benefits_facility,Regional Benefit Office,,348,derived,review_pending,discoverva_va_locator_facility_list,2026-05-05T16:33:37+00:00,https://discover.va.gov/va-locator-facility-list/,https://www.va.gov/portland-va-regional-benefit-office/,45.51516229,-122.6755173
vba_349,Waco VA Regional Benefit Office,va_benefits_facility,Regional Benefit Office,,349,derived,review_pending,discoverva_va_locator_facility_list,2026-05-05T16:33:37+00:00,https://discover.va.gov/va-locator-facility-list/,https://www.benefits.va.gov/waco/,31.55117289,-97.12877962
vba_349a,VA Regional Benefit Satellite Office at Thomas E. Creek Department of Veterans Affairs Medical Center,va_benefits_facility,Satellite Office,,349a,derived,review_pending,discoverva_va_locator_facility_list,2026-05-05T16:33:37+00:00,https://discover.va.gov/va-locator-facility-list/,https://www.benefits.va.gov/waco/,35.204049,-101.906595
vba_349b,VA Regional Benefit Satellite Office at Austin VA Clinic,va_benefits_facility,Satellite Office,,349b,derived,review_pending,discoverva_va_locator_facility_list,2026-05-05T16:33:37+00:00,https://discover.va.gov/va-locator-facility-list/,https://www.benefits.va.gov/waco/,30.205656,-97.6903515
vba_349c,"VA Regional Benefit Satellite Office at Arlington, TX",va_benefits_facility,Satellite Office,,349c,derived,review_pending,discoverva_va_locator_facility_list,2026-05-05T16:33:37+00:00,https://discover.va.gov/va-locator-facility-list/,https://www.benefits.va.gov/waco/,32.7080357,-97.0862354
vba_349e,VA Regional Benefit Satellite Office at Fort Worth VA Clinic,va_benefits_facility,Satellite Office,,349e,derived,review_pending,discoverva_va_locator_facility_list,2026-05-05T16:33:37+00:00,https://discover.va.gov/va-locator-facility-list/,https://www.benefits.va.gov/waco/,32.66918174,-97.30015204
vba_349f,VA Regional Benefit Satellite Office at Olin E. Teague Veterans' Center,va_benefits_facility,Satellite Office,,349f,derived,review_pending,discoverva_va_locator_facility_list,2026-05-05T16:33:37+00:00,https://discover.va.gov/va-locator-facility-list/,https://www.benefits.va.gov/waco/,31.07901994,-97.34880496
vba_349g,VA Regional Benefit Satellite Office at Doris Miller Department of Veterans Affairs Medical Center,va_benefits_facility,Satellite Office,,349g,derived,review_pending,discoverva_va_locator_facility_list,2026-05-05T16:33:37+00:00,https://discover.va.gov/va-locator-facility-list/,https://www.benefits.va.gov/waco/,31.511601,-97.164135
vba_349s,"VA Regional Benefit Satellite Office at Tyler, TX",va_benefits_facility,Satellite Office,,349s,derived,review_pending,discoverva_va_locator_facility_list,2026-05-05T16:33:37+00:00,https://discover.va.gov/va-locator-facility-list/,https://www.benefits.va.gov/waco/,32.288466,-95.306161
vba_349z,VA Regional Benefit Satellite Office at Fort Cavazos,va_benefits_facility,Satellite Office,,349z,derived,review_pending,discoverva_va_locator_facility_list,2026-05-05T16:33:37+00:00,https://discover.va.gov/va-locator-facility-list/,https://www.benefits.va.gov/waco/,31.1309086,-97.7741199
vba_350,Little Rock VA Regional Benefit Office at Eugene J. Towbin Healthcare Center,va_benefits_facility,Regional Benefit Office,,350,derived,review_pending,discoverva_va_locator_facility_list,2026-05-05T16:33:37+00:00,https://discover.va.gov/va-locator-facility-list/,https://www.va.gov/little-rock-va-regional-benefit-office-at-eugene-j-towbin-healthcare-center/,34.776045,-92.2962195
vba_350a,"VA Regional Benefit Satellite Office at Fayetteville, AR",va_benefits_facility,Satellite Office,,350a,derived,review_pending,discoverva_va_locator_facility_list,2026-05-05T16:33:37+00:00,https://discover.va.gov/va-locator-facility-list/,https://www.benefits.va.gov/littlerock/,36.1191418,-94.1382545
vba_350c,VA Regional Benefit Satellite Office at Texarkana VA Clinic,va_benefits_facility,Satellite Office,,350c,derived,review_pending,discoverva_va_locator_facility_list,2026-05-05T16:33:37+00:00,https://discover.va.gov/va-locator-facility-list/,https://www.benefits.va.gov/littlerock/,33.477723,-94.070901
vba_350f,VA Regional Benefit Satellite Office at Arkansas State University,va_benefits_facility,Satellite Office,,350f,derived,review_pending,discoverva_va_locator_facility_list,2026-05-05T16:33:37+00:00,https://discover.va.gov/va-locator-facility-list/,https://www.benefits.va.gov/littlerock/,35.8434396,-90.6785419
vba_351,Muskogee VA Regional Benefit Office,va_benefits_facility,Regional Benefit Office,,351,derived,review_pending,discoverva_va_locator_facility_list,2026-05-05T16:33:37+00:00,https://discover.va.gov/va-locator-facility-list/,https://www.benefits.va.gov/muskogee/,35.76489696,-95.41360924
vba_351c,VA Regional Benefit Satellite Office at Oklahoma City Federal Building,va_benefits_facility,Satellite Office,,351c,derived,review_pending,discoverva_va_locator_facility_list,2026-05-05T16:33:37+00:00,https://discover.va.gov/va-locator-facility-list/,https://www.benefits.va.gov/muskogee/,35.4745699,-97.5182094
vba_354,Reno VA Regional Benefit Office,va_benefits_facility,Regional Benefit Office,,354,derived,review_pending,discoverva_va_locator_facility_list,2026-05-05T16:33:37+00:00,https://discover.va.gov/va-locator-facility-list/,https://www.benefits.va.gov/reno/,39.46724525,-119.765024
vba_354a,VA Regional Benefit Satellite Office at North Las Vegas VA Medical Center,va_benefits_facility,Satellite Office,,354a,derived,review_pending,discoverva_va_locator_facility_list,2026-05-05T16:33:37+00:00,https://discover.va.gov/va-locator-facility-list/,https://www.benefits.va.gov/reno/,36.285084,-115.094142
vba_355,San Juan VA Regional Benefit Office,va_benefits_facility,Regional Benefit Office,,355,derived,review_pending,discoverva_va_locator_facility_list,2026-05-05T16:33:37+00:00,https://discover.va.gov/va-locator-facility-list/,https://www.benefits.va.gov/sanjuan/,18.40912623,-66.10165442
vba_355b,VA Regional Benefit Satellite Office at Fort Buchanan Puerto Rico,va_benefits_facility,Satellite Office,,355b,derived,review_pending,discoverva_va_locator_facility_list,2026-05-05T16:33:37+00:00,https://discover.va.gov/va-locator-facility-list/,https://www.benefits.va.gov/sanjuan/,18.4199834,-66.1241645
vba_355c,VA Regional Benefit Satellite Office at Arecibo VA Clinic,va_benefits_facility,Satellite Office,,355c,derived,review_pending,discoverva_va_locator_facility_list,2026-05-05T16:33:37+00:00,https://discover.va.gov/va-locator-facility-list/,https://www.benefits.va.gov/sanjuan/,18.47101998,-66.7087761
vba_355d,VA Regional Benefit Satellite Office at Mayaguez VA Clinic,va_benefits_facility,Satellite Office,,355d,derived,review_pending,discoverva_va_locator_facility_list,2026-05-05T16:33:37+00:00,https://discover.va.gov/va-locator-facility-list/,https://www.benefits.va.gov/sanjuan/,18.18643468,-67.15056325
vba_355e,VA Regional Benefit Satellite Office at Euripides Rubio Department of Veterans Affairs Outpatient Clinic,va_benefits_facility,Satellite Office,,355e,derived,review_pending,discoverva_va_locator_facility_list,2026-05-05T16:33:37+00:00,https://discover.va.gov/va-locator-facility-list/,https://www.benefits.va.gov/sanjuan/,17.98783097,-66.6033174
vba_355f,VA Regional Benefit Satellite Office at San Juan VA Medical Center,va_benefits_facility,Satellite Office,,355f,derived,review_pending,discoverva_va_locator_facility_list,2026-05-05T16:33:37+00:00,https://discover.va.gov/va-locator-facility-list/,https://www.benefits.va.gov/sanjuan/,18.39096851,-66.08335801
vba_355h,VA Regional Benefit Satellite Office at Saint Thomas VA Clinic,va_benefits_facility,Satellite Office,,355h,derived,review_pending,discoverva_va_locator_facility_list,2026-05-05T16:33:37+00:00,https://discover.va.gov/va-locator-facility-list/,https://www.benefits.va.gov/sanjuan/,18.340651,-64.9321898
vba_355i,VA Regional Benefit Satellite Office at Saint Croix VA Clinic,va_benefits_facility,Satellite Office,,355i,derived,review_pending,discoverva_va_locator_facility_list,2026-05-05T16:33:37+00:00,https://discover.va.gov/va-locator-facility-list/,https://www.benefits.va.gov/sanjuan/,17.69725,-64.81029
vba_358,VA Regional Benefit Office at U.S. Embassy in Manila,va_benefits_facility,Regional Benefit Office,,358,derived,review_pending,discoverva_va_locator_facility_list,2026-05-05T16:33:37+00:00,https://discover.va.gov/va-locator-facility-list/,https://www.benefits.va.gov/manila/,14.54408,120.99139
vba_362,Houston VA Regional Benefit Office,va_benefits_facility,Regional Benefit Office,,362,derived,review_pending,discoverva_va_locator_facility_list,2026-05-05T16:33:37+00:00,https://discover.va.gov/va-locator-facility-list/,https://www.va.gov/houston-va-regional-benefit-office,29.70007158,-95.38668618
vba_372,National Capital Region VA Regional Benefit Office,va_benefits_facility,Regional Benefit Office,,372,derived,review_pending,discoverva_va_locator_facility_list,2026-05-05T16:33:37+00:00,https://discover.va.gov/va-locator-facility-list/,https://www.va.gov/national-capital-region-va-regional-benefit-office,38.90114539,-77.04089533
vba_373,Manchester VA Regional Benefit Office,va_benefits_facility,Regional Benefit Office,,373,derived,review_pending,discoverva_va_locator_facility_list,2026-05-05T16:33:37+00:00,https://discover.va.gov/va-locator-facility-list/,https://www.benefits.va.gov/manchester/,42.98852975,-71.46060291
vba_377,San Diego VA Regional Benefit Office,va_benefits_facility,Regional Benefit Office,,377,derived,review_pending,discoverva_va_locator_facility_list,2026-05-05T16:33:37+00:00,https://discover.va.gov/va-locator-facility-list/,https://www.benefits.va.gov/sandiego/,32.77611018,-117.139369
vba_377h,VA Regional Benefit Satellite Office at Naval Medical Center San Diego,va_benefits_facility,Satellite Office,,377h,derived,review_pending,discoverva_va_locator_facility_list,2026-05-05T16:33:37+00:00,https://discover.va.gov/va-locator-facility-list/,https://www.benefits.va.gov/sandiego/,32.7274239,-117.1453405
vba_377m,VA Regional Benefit Satellite Office at Marine Corps Base Camp Pendleton,va_benefits_facility,Satellite Office,,377m,derived,review_pending,discoverva_va_locator_facility_list,2026-05-05T16:33:37+00:00,https://discover.va.gov/va-locator-facility-list/,https://www.benefits.va.gov/sandiego/,33.3344066,-117.3278042
vba_402,Togus VA Regional Benefit Office at Togus VA Medical Center,va_benefits_facility,Regional Benefit Office,,402,derived,review_pending,discoverva_va_locator_facility_list,2026-05-05T16:33:37+00:00,https://discover.va.gov/va-locator-facility-list/,https://www.va.gov/togus-va-regional-benefit-office-at-togus-va-medical-center,44.28015112,-69.70422198
vba_405,White River Junction VA Regional Benefit Office,va_benefits_facility,Regional Benefit Office,,405,derived,review_pending,discoverva_va_locator_facility_list,2026-05-05T16:33:37+00:00,https://discover.va.gov/va-locator-facility-list/,https://www.benefits.va.gov/whiteriverjunction/,43.64790103,-72.34237298
vba_436,Fort Harrison VA Regional Benefit Office at Fort Harrison VA Medical Center,va_benefits_facility,Regional Benefit Office,,436,derived,review_pending,discoverva_va_locator_facility_list,2026-05-05T16:33:37+00:00,https://discover.va.gov/va-locator-facility-list/,https://www.benefits.va.gov/fortharrison/,46.61764177,-112.1018503
vba_436b,Pre-Discharge Site at Malmstrom Air Force Base,va_benefits_facility,Pre-Discharge Site,,436b,derived,review_pending,discoverva_va_locator_facility_list,2026-05-05T16:33:37+00:00,https://discover.va.gov/va-locator-facility-list/,https://www.benefits.va.gov/fortharrison/,47.5070501,-111.2031738
vba_437,Fargo VA Regional Benefit Office at North Fargo VA Clinic,va_benefits_facility,Regional Benefit Office,,437,derived,review_pending,discoverva_va_locator_facility_list,2026-05-05T16:33:37+00:00,https://discover.va.gov/va-locator-facility-list/,https://www.benefits.va.gov/fargo/,46.877562,-96.792354
vba_437a,Veteran Readiness and Employment Office at Bismarck VA Clinic,va_benefits_facility,Veteran Readiness and Employment Office,,437a,derived,review_pending,discoverva_va_locator_facility_list,2026-05-05T16:33:37+00:00,https://discover.va.gov/va-locator-facility-list/,https://www.benefits.va.gov/fargo/,46.835343,-100.776357
vba_438,Sioux Falls VA Regional Benefit Office at Royal C. Johnson Veterans' Memorial Hospital,va_benefits_facility,Regional Benefit Office,,438,derived,review_pending,discoverva_va_locator_facility_list,2026-05-05T16:33:37+00:00,https://discover.va.gov/va-locator-facility-list/,https://www.benefits.va.gov/siouxfalls/,43.531236,-96.757623
vba_438a,Rapid City Veteran Readiness and Employment Office,va_benefits_facility,Veteran Readiness and Employment Office,,438a,derived,review_pending,discoverva_va_locator_facility_list,2026-05-05T16:33:37+00:00,https://discover.va.gov/va-locator-facility-list/,https://www.benefits.va.gov/siouxfalls/,44.0759592,-103.2260427
vba_438b,Pre-Discharge Site at Fort Meade VA Medical Center,va_benefits_facility,Pre-Discharge Site,,438b,derived,review_pending,discoverva_va_locator_facility_list,2026-05-05T16:33:37+00:00,https://discover.va.gov/va-locator-facility-list/,https://www.benefits.va.gov/siouxfalls/,44.41252355,-103.474864
vba_438c,Pre-Discharge Site at Ellsworth Air Force Base,va_benefits_facility,Pre-Discharge Site,,438c,derived,review_pending,discoverva_va_locator_facility_list,2026-05-05T16:33:37+00:00,https://discover.va.gov/va-locator-facility-list/,https://www.benefits.va.gov/siouxfalls/,44.1473989,-103.0726056
vba_442,Cheyenne VA Regional Benefit Office,va_benefits_facility,Regional Benefit Office,,442,derived,review_pending,discoverva_va_locator_facility_list,2026-05-05T16:33:37+00:00,https://discover.va.gov/va-locator-facility-list/,https://www.va.gov/cheyenne-va-regional-benefit-office/,41.148027,-104.7862575
vba_442a,VA Regional Benefit Satellite Office at Sheridan VA Medical Center,va_benefits_facility,Satellite Office,,442a,derived,review_pending,discoverva_va_locator_facility_list,2026-05-05T16:33:37+00:00,https://discover.va.gov/va-locator-facility-list/,https://www.benefits.va.gov/cheyenne/,44.82696789,-106.9849216
vba_452,Wichita VA Regional Benefit Office,va_benefits_facility,Regional Benefit Office,,452,derived,review_pending,discoverva_va_locator_facility_list,2026-05-05T16:33:37+00:00,https://discover.va.gov/va-locator-facility-list/,https://www.benefits.va.gov/wichita/,37.681686,-97.2740115
vba_452a,Pre-Discharge Site at Fort Leavenworth,va_benefits_facility,Pre-Discharge Site,,452a,derived,review_pending,discoverva_va_locator_facility_list,2026-05-05T16:33:37+00:00,https://discover.va.gov/va-locator-facility-list/,https://www.benefits.va.gov/Wichita/other-va-facilities.asp,39.3553971,-94.9249508
vba_452b,Pre-Discharge Site at Fort Riley,va_benefits_facility,Pre-Discharge Site,,452b,derived,review_pending,discoverva_va_locator_facility_list,2026-05-05T16:33:37+00:00,https://discover.va.gov/va-locator-facility-list/,https://www.benefits.va.gov/Wichita/other-va-facilities.asp,39.0830322,-96.7683039
vba_459,Honolulu VA Regional Benefit Office at Spark M. Matsunaga Department of Veterans Affairs Medical Center,va_benefits_facility,Regional Benefit Office,,459,derived,review_pending,discoverva_va_locator_facility_list,2026-05-05T16:33:37+00:00,https://discover.va.gov/va-locator-facility-list/,https://www.va.gov/honolulu-va-regional-benefit-office-at-spark-m-matsunaga-department-of-veterans-affairs-medical-center,21.36125048,-157.8888776
vba_459d,VA Regional Benefit Satellite Office at Maui Vet Center,va_benefits_facility,Satellite Office,,459d,derived,review_pending,discoverva_va_locator_facility_list,2026-05-05T16:33:37+00:00,https://discover.va.gov/va-locator-facility-list/,https://www.benefits.va.gov/honolulu/,20.86712966,-156.4957386
vba_459h,VA Regional Benefit Satellite Office at Guam,va_benefits_facility,Satellite Office,,459h,derived,review_pending,discoverva_va_locator_facility_list,2026-05-05T16:33:37+00:00,https://discover.va.gov/va-locator-facility-list/,https://www.benefits.va.gov/honolulu/,13.4875163,144.796012
vba_459i,VA Regional Benefit Satellite Office at Hilo Federal Building,va_benefits_facility,Satellite Office,,459i,derived,review_pending,discoverva_va_locator_facility_list,2026-05-05T16:33:37+00:00,https://discover.va.gov/va-locator-facility-list/,https://www.benefits.va.gov/honolulu/,19.7257906,-155.0890575
vba_460,Wilmington VA Regional Benefit Office,va_benefits_facility,Regional Benefit Office,,460,derived,review_pending,discoverva_va_locator_facility_list,2026-05-05T16:33:37+00:00,https://discover.va.gov/va-locator-facility-list/,https://www.benefits.va.gov/wilmington/,39.738793,-75.605755
vba_463,Anchorage VA Regional Benefit Office at Colonel Mary Louise Rasmuson Campus of the Alaska VA Healthcare System,va_benefits_facility,Regional Benefit Office,,463,derived,review_pending,discoverva_va_locator_facility_list,2026-05-05T16:33:37+00:00,https://discover.va.gov/va-locator-facility-list/,https://www.va.gov/anchorage-va-regional-benefit-office-at-colonel-mary-louise-rasmuson-campus-of-the-alaska-va-healthcare-system,61.23134107,-149.7444249
vc_0101V,Boston Vet Center,vet_center,,1,0101V,derived,review_pending,discoverva_va_locator_facility_list,2026-05-05T16:33:37+00:00,https://discover.va.gov/va-locator-facility-list/,https://www.va.gov/boston-vet-center/,42.34459497,-71.03613513
vc_0102V,Secaucus Vet Center,vet_center,,2,0102V,derived,review_pending,discoverva_va_locator_facility_list,2026-05-05T16:33:37+00:00,https://discover.va.gov/va-locator-facility-list/,https://www.va.gov/secaucus-vet-center/,40.78911661,-74.07389209
vc_0103V,"Springfield, MA Vet Center",vet_center,,1,0103V,derived,review_pending,discoverva_va_locator_facility_list,2026-05-05T16:33:37+00:00,https://discover.va.gov/va-locator-facility-list/,https://www.va.gov/springfield-ma-vet-center/,42.13908173,-72.62449885
vc_0104V,Brockton Vet Center,vet_center,,1,0104V,derived,review_pending,discoverva_va_locator_facility_list,2026-05-05T16:33:37+00:00,https://discover.va.gov/va-locator-facility-list/,https://www.va.gov/brockton-vet-center/,42.088743,-71.0655705
vc_0105V,Brooklyn Vet Center,vet_center,,2,0105V,derived,review_pending,discoverva_va_locator_facility_list,2026-05-05T16:33:37+00:00,https://discover.va.gov/va-locator-facility-list/,https://www.va.gov/brooklyn-vet-center/,40.69725545,-73.98586084
vc_0106V,"Manhattan, NY Vet Center",vet_center,,2,0106V,derived,review_pending,discoverva_va_locator_facility_list,2026-05-05T16:33:37+00:00,https://discover.va.gov/va-locator-facility-list/,https://www.va.gov/manhattan-ny-vet-center/,40.75335,-73.992861
vc_0107V,Buffalo Vet Center,vet_center,,2,0107V,derived,review_pending,discoverva_va_locator_facility_list,2026-05-05T16:33:37+00:00,https://discover.va.gov/va-locator-facility-list/,https://www.va.gov/buffalo-vet-center/,42.89227211,-78.75442845
vc_0108V,Manchester Vet Center,vet_center,,1,0108V,derived,review_pending,discoverva_va_locator_facility_list,2026-05-05T16:33:37+00:00,https://discover.va.gov/va-locator-facility-list/,https://www.va.gov/manchester-vet-center/,43.07012233,-71.45009351
vc_0109V,Queens Vet Center,vet_center,,2,0109V,derived,review_pending,discoverva_va_locator_facility_list,2026-05-05T16:33:37+00:00,https://discover.va.gov/va-locator-facility-list/,https://www.va.gov/queens-vet-center/,40.71361361,-73.91647873
vc_0110V,Bronx Vet Center,vet_center,,2,0110V,derived,review_pending,discoverva_va_locator_facility_list,2026-05-05T16:33:37+00:00,https://discover.va.gov/va-locator-facility-list/,https://www.va.gov/bronx-vet-center/,40.86263115,-73.89976897
vc_0111V,Albany Vet Center,vet_center,,2,0111V,derived,review_pending,discoverva_va_locator_facility_list,2026-05-05T16:33:37+00:00,https://discover.va.gov/va-locator-facility-list/,https://www.va.gov/albany-vet-center/,42.72148909,-73.80736726
vc_0112V,Bloomfield Vet Center,vet_center,,2,0112V,derived,review_pending,discoverva_va_locator_facility_list,2026-05-05T16:33:37+00:00,https://discover.va.gov/va-locator-facility-list/,https://www.va.gov/bloomfield-vet-center/,40.793913,-74.1978405
vc_0113V,Providence Vet Center,vet_center,,1,0113V,derived,review_pending,discoverva_va_locator_facility_list,2026-05-05T16:33:37+00:00,https://discover.va.gov/va-locator-facility-list/,https://www.va.gov/providence-vet-center/,41.72092282,-71.40380105
vc_0114V,Trenton Vet Center,vet_center,,2,0114V,derived,review_pending,discoverva_va_locator_facility_list,2026-05-05T16:33:37+00:00,https://discover.va.gov/va-locator-facility-list/,https://www.va.gov/trenton-vet-center/,40.25514549,-74.79228333
vc_0115V,"Portland, ME Vet Center",vet_center,,1,0115V,derived,review_pending,discoverva_va_locator_facility_list,2026-05-05T16:33:37+00:00,https://discover.va.gov/va-locator-facility-list/,https://www.va.gov/portland-me-vet-center/,43.642098,-70.3402065
vc_0116V,New Haven Vet Center,vet_center,,1,0116V,derived,review_pending,discoverva_va_locator_facility_list,2026-05-05T16:33:37+00:00,https://discover.va.gov/va-locator-facility-list/,https://www.va.gov/new-haven-vet-center/,41.26234612,-73.00573885
vc_0117V,Hartford Vet Center,vet_center,,1,0117V,derived,review_pending,discoverva_va_locator_facility_list,2026-05-05T16:33:37+00:00,https://discover.va.gov/va-locator-facility-list/,https://www.va.gov/hartford-vet-center/,41.6648451,-72.64060465
vc_0118V,South Burlington Vet Center,vet_center,,1,0118V,derived,review_pending,discoverva_va_locator_facility_list,2026-05-05T16:33:37+00:00,https://discover.va.gov/va-locator-facility-list/,https://www.va.gov/south-burlington-vet-center/,44.45480058,-73.1404252
vc_0119V,Northern Maine Vet Center,vet_center,,1,0119V,derived,review_pending,discoverva_va_locator_facility_list,2026-05-05T16:33:37+00:00,https://discover.va.gov/va-locator-facility-list/,https://www.va.gov/northern-maine-vet-center/,46.84455171,-68.04996219
vc_0120V,Babylon Vet Center,vet_center,,2,0120V,derived,review_pending,discoverva_va_locator_facility_list,2026-05-05T16:33:37+00:00,https://discover.va.gov/va-locator-facility-list/,https://www.va.gov/babylon-vet-center/,40.69607288,-73.32481466
vc_0121V,Bangor Vet Center,vet_center,,1,0121V,derived,review_pending,discoverva_va_locator_facility_list,2026-05-05T16:33:37+00:00,https://discover.va.gov/va-locator-facility-list/,https://www.va.gov/bangor-vet-center/,44.78125494,-68.81975286
vc_0122V,White River Junction Vet Center,vet_center,,1,0122V,derived,review_pending,discoverva_va_locator_facility_list,2026-05-05T16:33:37+00:00,https://discover.va.gov/va-locator-facility-list/,https://www.va.gov/white-river-junction-vet-center/,43.653906,-72.315063
vc_0123V,Westchester Vet Center,vet_center,,2,0123V,derived,review_pending,discoverva_va_locator_facility_list,2026-05-05T16:33:37+00:00,https://discover.va.gov/va-locator-facility-list/,https://www.va.gov/white-plains-vet-center/,41.097519,-73.77426
vc_0124V,Rochester Vet Center,vet_center,,2,0124V,derived,review_pending,discoverva_va_locator_facility_list,2026-05-05T16:33:37+00:00,https://discover.va.gov/va-locator-facility-list/,https://www.va.gov/rochester-vet-center/,43.105689,-77.574564
vc_0125V,Lowell Vet Center,vet_center,,1,0125V,derived,review_pending,discoverva_va_locator_facility_list,2026-05-05T16:33:37+00:00,https://discover.va.gov/va-locator-facility-list/,https://www.va.gov/lowell-vet-center/,42.64209,-71.3056815
vc_0126V,Worcester Vet Center,vet_center,,1,0126V,derived,review_pending,discoverva_va_locator_facility_list,2026-05-05T16:33:37+00:00,https://discover.va.gov/va-locator-facility-list/,https://www.va.gov/worcester-vet-center/,42.264909,-71.8184835
vc_0127V,Norwich Vet Center,vet_center,,1,0127V,derived,review_pending,discoverva_va_locator_facility_list,2026-05-05T16:33:37+00:00,https://discover.va.gov/va-locator-facility-list/,https://www.va.gov/norwich-vet-center/,41.52463613,-72.07352795
vc_0128V,New Bedford Vet Center,vet_center,,1,0128V,derived,review_pending,discoverva_va_locator_facility_list,2026-05-05T16:33:37+00:00,https://discover.va.gov/va-locator-facility-list/,https://www.va.gov/new-bedford-vet-center/,41.64406881,-70.89949477
vc_0129V,Lewiston Vet Center,vet_center,,1,0129V,derived,review_pending,discoverva_va_locator_facility_list,2026-05-05T16:33:37+00:00,https://discover.va.gov/va-locator-facility-list/,https://www.va.gov/lewiston-vet-center/,44.075655,-70.174692
vc_0130V,Sanford Vet Center,vet_center,,1,0130V,derived,review_pending,discoverva_va_locator_facility_list,2026-05-05T16:33:37+00:00,https://discover.va.gov/va-locator-facility-list/,https://www.va.gov/sanford-vet-center/,43.455546,-70.789275
vc_0131V,Syracuse Vet Center,vet_center,,2,0131V,derived,review_pending,discoverva_va_locator_facility_list,2026-05-05T16:33:37+00:00,https://discover.va.gov/va-locator-facility-list/,https://www.va.gov/syracuse-vet-center/,43.049529,-76.129083
vc_0132V,Staten Island Vet Center,vet_center,,2,0132V,derived,review_pending,discoverva_va_locator_facility_list,2026-05-05T16:33:37+00:00,https://discover.va.gov/va-locator-facility-list/,https://www.va.gov/staten-island-vet-center/,40.64054499,-74.07571906
vc_0133V,Harlem Vet Center,vet_center,,2,0133V,derived,review_pending,discoverva_va_locator_facility_list,2026-05-05T16:33:37+00:00,https://discover.va.gov/va-locator-facility-list/,https://www.va.gov/harlem-vet-center/,40.80719054,-73.94402882
vc_0134V,Berlin Vet Center,vet_center,,1,0134V,derived,review_pending,discoverva_va_locator_facility_list,2026-05-05T16:33:37+00:00,https://discover.va.gov/va-locator-facility-list/,https://www.va.gov/berlin-vet-center/,44.42086558,-71.19455899
vc_0135V,Watertown Vet Center,vet_center,,2,0135V,derived,review_pending,discoverva_va_locator_facility_list,2026-05-05T16:33:37+00:00,https://discover.va.gov/va-locator-facility-list/,https://www.va.gov/watertown-vet-center/,43.952526,-75.913713
vc_0136V,Cape Cod Vet Center,vet_center,,1,0136V,derived,review_pending,discoverva_va_locator_facility_list,2026-05-05T16:33:37+00:00,https://discover.va.gov/va-locator-facility-list/,https://www.va.gov/cape-cod-vet-center/,41.65023265,-70.31336644
vc_0137V,Binghamton Vet Center,vet_center,,2,0137V,derived,review_pending,discoverva_va_locator_facility_list,2026-05-05T16:33:37+00:00,https://discover.va.gov/va-locator-facility-list/,https://www.va.gov/binghamton-vet-center/,42.100434,-75.9108195
vc_0138V,Nassau Vet Center,vet_center,,2,0138V,derived,review_pending,discoverva_va_locator_facility_list,2026-05-05T16:33:37+00:00,https://discover.va.gov/va-locator-facility-list/,https://www.va.gov/nassau-vet-center/,40.744629,-73.49985
vc_0139V,Middletown Vet Center,vet_center,,2,0139V,derived,review_pending,discoverva_va_locator_facility_list,2026-05-05T16:33:37+00:00,https://discover.va.gov/va-locator-facility-list/,https://www.va.gov/middletown-vet-center/,41.43996263,-74.36687977
vc_0140V,Danbury Vet Center,vet_center,,1,0140V,derived,review_pending,discoverva_va_locator_facility_list,2026-05-05T16:33:37+00:00,https://discover.va.gov/va-locator-facility-list/,https://www.va.gov/danbury-vet-center/,41.39312548,-73.462788
vc_0141V,Lakewood Vet Center,vet_center,,2,0141V,derived,review_pending,discoverva_va_locator_facility_list,2026-05-05T16:33:37+00:00,https://discover.va.gov/va-locator-facility-list/,https://www.va.gov/lakewood-vet-center/,40.05318462,-74.17806351
vc_0201V,Baltimore Vet Center,vet_center,,5,0201V,derived,review_pending,discoverva_va_locator_facility_list,2026-05-05T16:33:37+00:00,https://discover.va.gov/va-locator-facility-list/,https://www.va.gov/baltimore-vet-center/,39.387411,-76.7329785
vc_0202V,Louisville Vet Center,vet_center,,9,0202V,derived,review_pending,discoverva_va_locator_facility_list,2026-05-05T16:33:37+00:00,https://discover.va.gov/va-locator-facility-list/,https://www.va.gov/louisville-vet-center/,38.2306535,-85.75938208
vc_0203V,Lexington Vet Center,vet_center,,9,0203V,derived,review_pending,discoverva_va_locator_facility_list,2026-05-05T16:33:37+00:00,https://discover.va.gov/va-locator-facility-list/,https://www.va.gov/lexington-vet-center/,38.06608098,-84.52415443
vc_0204V,Cincinnati Vet Center,vet_center,,10,0204V,derived,review_pending,discoverva_va_locator_facility_list,2026-05-05T16:33:37+00:00,https://discover.va.gov/va-locator-facility-list/,https://www.va.gov/cincinnati-vet-center/,39.11317482,-84.50200604
vc_0205V,Cleveland Vet Center,vet_center,,10,0205V,derived,review_pending,discoverva_va_locator_facility_list,2026-05-05T16:33:37+00:00,https://discover.va.gov/va-locator-facility-list/,https://www.va.gov/cleveland-vet-center/,41.36439347,-81.50696261
vc_0206V,Parma Vet Center,vet_center,,10,0206V,derived,review_pending,discoverva_va_locator_facility_list,2026-05-05T16:33:37+00:00,https://discover.va.gov/va-locator-facility-list/,https://www.va.gov/parma-vet-center/,41.38829457,-81.76337877
vc_0207V,Chesapeake Vet Center,vet_center,,6,0207V,derived,review_pending,discoverva_va_locator_facility_list,2026-05-05T16:33:37+00:00,https://discover.va.gov/va-locator-facility-list/,https://www.va.gov/chesapeake-vet-center/,36.85018091,-76.42682024
vc_0208V,Huntington Vet Center,vet_center,,5,0208V,derived,review_pending,discoverva_va_locator_facility_list,2026-05-05T16:33:37+00:00,https://discover.va.gov/va-locator-facility-list/,https://www.va.gov/huntington-vet-center/,38.39040752,-82.39857157
vc_0209V,Elkton Vet Center,vet_center,,5,0209V,derived,review_pending,discoverva_va_locator_facility_list,2026-05-05T16:33:37+00:00,https://discover.va.gov/va-locator-facility-list/,https://www.va.gov/elkton-vet-center/,39.60410246,-75.78677377
vc_0210V,Center City Philadelphia Vet Center,vet_center,,4,0210V,derived,review_pending,discoverva_va_locator_facility_list,2026-05-05T16:33:37+00:00,https://discover.va.gov/va-locator-facility-list/,https://www.va.gov/center-city-philadelphia-vet-center/,39.95326919,-75.15320675
vc_0211V,Pittsburgh Vet Center,vet_center,,4,0211V,derived,review_pending,discoverva_va_locator_facility_list,2026-05-05T16:33:37+00:00,https://discover.va.gov/va-locator-facility-list/,https://www.va.gov/pittsburgh-vet-center/,40.42665609,-80.05719073
vc_0212V,Williamsport Vet Center,vet_center,,4,0212V,derived,review_pending,discoverva_va_locator_facility_list,2026-05-05T16:33:37+00:00,https://discover.va.gov/va-locator-facility-list/,https://www.va.gov/williamsport-vet-center/,41.2427566,-77.00114378
vc_0213V,Silver Spring Vet Center,vet_center,,5,0213V,derived,review_pending,discoverva_va_locator_facility_list,2026-05-05T16:33:37+00:00,https://discover.va.gov/va-locator-facility-list/,https://www.va.gov/silver-spring-vet-center/,39.014919,-77.057478
vc_0214V,"Washington, D.C. Vet Center",vet_center,,5,0214V,derived,review_pending,discoverva_va_locator_facility_list,2026-05-05T16:33:37+00:00,https://discover.va.gov/va-locator-facility-list/,https://www.va.gov/washington-dc-vet-center/,38.94165,-77.0292675
vc_0215V,Wilmington Vet Center,vet_center,,4,0215V,derived,review_pending,discoverva_va_locator_facility_list,2026-05-05T16:33:37+00:00,https://discover.va.gov/va-locator-facility-list/,https://www.va.gov/wilmington-vet-center/,39.75435,-75.6239625
vc_0216V,Morgantown Vet Center,vet_center,,5,0216V,derived,review_pending,discoverva_va_locator_facility_list,2026-05-05T16:33:37+00:00,https://discover.va.gov/va-locator-facility-list/,https://www.va.gov/morgantown-vet-center/,39.62861959,-79.98611502
vc_0217V,Richmond Vet Center,vet_center,,6,0217V,derived,review_pending,discoverva_va_locator_facility_list,2026-05-05T16:33:37+00:00,https://discover.va.gov/va-locator-facility-list/,https://www.va.gov/richmond-vet-center/,37.57987937,-77.49554148
vc_0218V,Harrisburg Vet Center,vet_center,,4,0218V,derived,review_pending,discoverva_va_locator_facility_list,2026-05-05T16:33:37+00:00,https://discover.va.gov/va-locator-facility-list/,https://www.va.gov/harrisburg-vet-center/,40.270662,-76.893372
vc_0219V,Northeast Philadelphia Vet Center,vet_center,,4,0219V,derived,review_pending,discoverva_va_locator_facility_list,2026-05-05T16:33:37+00:00,https://discover.va.gov/va-locator-facility-list/,https://www.va.gov/northeast-philadelphia-vet-center/,40.03534103,-75.12136018
vc_0220V,White Oak Vet Center,vet_center,,4,0220V,derived,review_pending,discoverva_va_locator_facility_list,2026-05-05T16:33:37+00:00,https://discover.va.gov/va-locator-facility-list/,https://www.va.gov/white-oak-vet-center/,40.335507,-79.8040215
vc_0221V,"Columbus, OH Vet Center",vet_center,,10,0221V,derived,review_pending,discoverva_va_locator_facility_list,2026-05-05T16:33:37+00:00,https://discover.va.gov/va-locator-facility-list/,https://www.va.gov/columbus-oh-vet-center/,40.061097,-83.042496
vc_0222V,Erie Vet Center,vet_center,,4,0222V,derived,review_pending,discoverva_va_locator_facility_list,2026-05-05T16:33:37+00:00,https://discover.va.gov/va-locator-facility-list/,https://www.va.gov/erie-vet-center/,42.1226053,-80.08716642
vc_0223V,"Charleston, WV Vet Center",vet_center,,5,0223V,derived,review_pending,discoverva_va_locator_facility_list,2026-05-05T16:33:37+00:00,https://discover.va.gov/va-locator-facility-list/,https://www.va.gov/charleston-wv-vet-center/,38.35797974,-81.59938813
vc_0224V,Martinsburg Vet Center,vet_center,,5,0224V,derived,review_pending,discoverva_va_locator_facility_list,2026-05-05T16:33:37+00:00,https://discover.va.gov/va-locator-facility-list/,https://www.va.gov/martinsburg-vet-center/,39.5457863,-77.9153152
vc_0225V,Dayton Vet Center,vet_center,,10,0225V,derived,review_pending,discoverva_va_locator_facility_list,2026-05-05T16:33:37+00:00,https://discover.va.gov/va-locator-facility-list/,https://www.va.gov/dayton-vet-center/,39.69934183,-84.12452938
vc_0226V,Roanoke Vet Center,vet_center,,6,0226V,derived,review_pending,discoverva_va_locator_facility_list,2026-05-05T16:33:37+00:00,https://discover.va.gov/va-locator-facility-list/,https://www.va.gov/roanoke-vet-center/,37.26102671,-79.94696173
vc_0227V,DuBois Vet Center,vet_center,,4,0227V,derived,review_pending,discoverva_va_locator_facility_list,2026-05-05T16:33:37+00:00,https://discover.va.gov/va-locator-facility-list/,https://www.va.gov/dubois-vet-center/,41.12581383,-78.75450047
vc_0228V,"Alexandria, VA Vet Center",vet_center,,5,0228V,derived,review_pending,discoverva_va_locator_facility_list,2026-05-05T16:33:37+00:00,https://discover.va.gov/va-locator-facility-list/,https://www.va.gov/alexandria-va-vet-center/,38.76787876,-77.11916266
vc_0229V,Scranton Vet Center,vet_center,,4,0229V,derived,review_pending,discoverva_va_locator_facility_list,2026-05-05T16:33:37+00:00,https://discover.va.gov/va-locator-facility-list/,https://www.va.gov/scranton-vet-center/,41.39584833,-75.66894142
vc_0230V,South Jersey Vet Center,vet_center,,4,0230V,derived,review_pending,discoverva_va_locator_facility_list,2026-05-05T16:33:37+00:00,https://discover.va.gov/va-locator-facility-list/,https://www.va.gov/south-jersey-vet-center/,39.39867382,-74.55394248
vc_0231V,Beckley Vet Center,vet_center,,5,0231V,derived,review_pending,discoverva_va_locator_facility_list,2026-05-05T16:33:37+00:00,https://discover.va.gov/va-locator-facility-list/,https://www.va.gov/beckley-vet-center/,37.77891746,-81.1589685
vc_0232V,Princeton Vet Center,vet_center,,5,0232V,derived,review_pending,discoverva_va_locator_facility_list,2026-05-05T16:33:37+00:00,https://discover.va.gov/va-locator-facility-list/,https://www.va.gov/princeton-vet-center/,37.36787675,-81.10202769
vc_0233V,Wheeling Vet Center,vet_center,,4,0233V,derived,review_pending,discoverva_va_locator_facility_list,2026-05-05T16:33:37+00:00,https://discover.va.gov/va-locator-facility-list/,https://www.va.gov/wheeling-vet-center/,40.04014399,-80.67990926
vc_0234V,Toledo Vet Center,vet_center,,10,0234V,derived,review_pending,discoverva_va_locator_facility_list,2026-05-05T16:33:37+00:00,https://discover.va.gov/va-locator-facility-list/,https://www.va.gov/toledo-vet-center/,41.610231,-83.624607
vc_0235V,Annapolis Vet Center,vet_center,,5,0235V,derived,review_pending,discoverva_va_locator_facility_list,2026-05-05T16:33:37+00:00,https://discover.va.gov/va-locator-facility-list/,https://www.va.gov/annapolis-vet-center/,38.99017644,-76.50227774
vc_0236V,Dundalk Vet Center,vet_center,,5,0236V,derived,review_pending,discoverva_va_locator_facility_list,2026-05-05T16:33:37+00:00,https://discover.va.gov/va-locator-facility-list/,https://www.va.gov/dundalk-vet-center/,39.27375672,-76.50287791
vc_0237V,Prince George's County Vet Center,vet_center,,5,0237V,derived,review_pending,discoverva_va_locator_facility_list,2026-05-05T16:33:37+00:00,https://discover.va.gov/va-locator-facility-list/,https://www.va.gov/prince-georges-county-vet-center/,38.780937,-76.8898935
vc_0238V,Bucks County Vet Center,vet_center,,4,0238V,derived,review_pending,discoverva_va_locator_facility_list,2026-05-05T16:33:37+00:00,https://discover.va.gov/va-locator-facility-list/,https://www.va.gov/bucks-county-vet-center/,40.096296,-74.859858
vc_0239V,Norristown Vet Center,vet_center,,4,0239V,derived,review_pending,discoverva_va_locator_facility_list,2026-05-05T16:33:37+00:00,https://discover.va.gov/va-locator-facility-list/,https://www.va.gov/norristown-vet-center/,40.12764648,-75.32154245
vc_0240V,Virginia Beach Vet Center,vet_center,,6,0240V,derived,review_pending,discoverva_va_locator_facility_list,2026-05-05T16:33:37+00:00,https://discover.va.gov/va-locator-facility-list/,https://www.va.gov/virginia-beach-vet-center/,36.83133,-76.131216
vc_0241V,Stark County Vet Center,vet_center,,10,0241V,derived,review_pending,discoverva_va_locator_facility_list,2026-05-05T16:33:37+00:00,https://discover.va.gov/va-locator-facility-list/,https://www.va.gov/stark-county-vet-center/,40.802598,-81.3757815
vc_0242V,Lancaster Vet Center,vet_center,,4,0242V,derived,review_pending,discoverva_va_locator_facility_list,2026-05-05T16:33:37+00:00,https://discover.va.gov/va-locator-facility-list/,https://www.va.gov/lancaster-vet-center/,40.05068935,-76.24791255
vc_0243V,Sussex County Vet Center,vet_center,,4,0243V,derived,review_pending,discoverva_va_locator_facility_list,2026-05-05T16:33:37+00:00,https://discover.va.gov/va-locator-facility-list/,https://www.va.gov/sussex-county-vet-center/,38.69682818,-75.40001551
vc_0301V,St. Petersburg Vet Center,vet_center,,8,0301V,derived,review_pending,discoverva_va_locator_facility_list,2026-05-05T16:33:37+00:00,https://discover.va.gov/va-locator-facility-list/,https://www.va.gov/st-petersburg-vet-center/,27.79043606,-82.73319432
vc_0303V,"Charleston, SC Vet Center",vet_center,,7,0303V,derived,review_pending,discoverva_va_locator_facility_list,2026-05-05T16:33:37+00:00,https://discover.va.gov/va-locator-facility-list/,https://www.va.gov/charleston-sc-vet-center/,32.860836,-80.027316
vc_0304V,Atlanta Vet Center,vet_center,,7,0304V,derived,review_pending,discoverva_va_locator_facility_list,2026-05-05T16:33:37+00:00,https://discover.va.gov/va-locator-facility-list/,https://www.va.gov/atlanta-vet-center/,33.6132,-84.446928
vc_0305V,"Jacksonville, FL Vet Center",vet_center,,8,0305V,derived,review_pending,discoverva_va_locator_facility_list,2026-05-05T16:33:37+00:00,https://discover.va.gov/va-locator-facility-list/,https://www.va.gov/jacksonville-fl-vet-center/,30.28624952,-81.63275291
vc_0307V,San Juan Vet Center,vet_center,,8,0307V,derived,review_pending,discoverva_va_locator_facility_list,2026-05-05T16:33:37+00:00,https://discover.va.gov/va-locator-facility-list/,https://www.va.gov/san-juan-vet-center/,18.40541959,-66.10627738
vc_0308V,U.S. Virgin Islands Vet Center,vet_center,,8,0308V,derived,review_pending,discoverva_va_locator_facility_list,2026-05-05T16:33:37+00:00,https://discover.va.gov/va-locator-facility-list/,https://www.va.gov/us-virgin-islands-vet-center/,18.341275,-64.912202
vc_0309V,Hatillo Vet Center,vet_center,,8,0309V,derived,review_pending,discoverva_va_locator_facility_list,2026-05-05T16:33:37+00:00,https://discover.va.gov/va-locator-facility-list/,https://www.va.gov/hatillo-vet-center/,18.48742363,-66.81342606
vc_0310V,Miami Vet Center,vet_center,,8,0310V,derived,review_pending,discoverva_va_locator_facility_list,2026-05-05T16:33:37+00:00,https://discover.va.gov/va-locator-facility-list/,https://www.va.gov/miami-vet-center/,25.79839483,-80.33158143
vc_0311V,Fort Lauderdale Vet Center,vet_center,,8,0311V,derived,review_pending,discoverva_va_locator_facility_list,2026-05-05T16:33:37+00:00,https://discover.va.gov/va-locator-facility-list/,https://www.va.gov/fort-lauderdale-vet-center/,26.164908,-80.202078
vc_0312V,Ponce Vet Center,vet_center,,8,0312V,derived,review_pending,discoverva_va_locator_facility_list,2026-05-05T16:33:37+00:00,https://discover.va.gov/va-locator-facility-list/,https://www.va.gov/ponce-vet-center/,17.99525637,-66.61454099
vc_0314V,Orlando Vet Center,vet_center,,8,0314V,derived,review_pending,discoverva_va_locator_facility_list,2026-05-05T16:33:37+00:00,https://discover.va.gov/va-locator-facility-list/,https://www.va.gov/orlando-vet-center/,28.482174,-81.307188
vc_0315V,"Fayetteville, NC Vet Center",vet_center,,6,0315V,derived,review_pending,discoverva_va_locator_facility_list,2026-05-05T16:33:37+00:00,https://discover.va.gov/va-locator-facility-list/,https://www.va.gov/fayetteville-nc-vet-center/,35.04327073,-78.91718394
vc_0316V,"Greenville, SC Vet Center",vet_center,,7,0316V,derived,review_pending,discoverva_va_locator_facility_list,2026-05-05T16:33:37+00:00,https://discover.va.gov/va-locator-facility-list/,https://www.va.gov/greenville-sc-vet-center/,34.86209454,-82.34034401
vc_0317V,Charlotte Vet Center,vet_center,,6,0317V,derived,review_pending,discoverva_va_locator_facility_list,2026-05-05T16:33:37+00:00,https://discover.va.gov/va-locator-facility-list/,https://www.va.gov/charlotte-vet-center/,35.32190126,-80.77397046
vc_0318V,Tampa Vet Center,vet_center,,8,0318V,derived,review_pending,discoverva_va_locator_facility_list,2026-05-05T16:33:37+00:00,https://discover.va.gov/va-locator-facility-list/,https://www.va.gov/tampa-vet-center/,27.9767283,-82.34952562
vc_0319V,"Greenville, NC Vet Center",vet_center,,6,0319V,derived,review_pending,discoverva_va_locator_facility_list,2026-05-05T16:33:37+00:00,https://discover.va.gov/va-locator-facility-list/,https://www.va.gov/greenville-nc-vet-center/,35.59745672,-77.39855374
vc_0320V,Sarasota Vet Center,vet_center,,8,0320V,derived,review_pending,discoverva_va_locator_facility_list,2026-05-05T16:33:37+00:00,https://discover.va.gov/va-locator-facility-list/,https://www.va.gov/sarasota-vet-center/,27.283473,-82.513827
vc_0323V,Savannah Vet Center,vet_center,,7,0323V,derived,review_pending,discoverva_va_locator_facility_list,2026-05-05T16:33:37+00:00,https://discover.va.gov/va-locator-facility-list/,https://www.va.gov/savannah-vet-center/,32.00460292,-81.10778633
vc_0324V,"Columbia, SC Vet Center",vet_center,,7,0324V,derived,review_pending,discoverva_va_locator_facility_list,2026-05-05T16:33:37+00:00,https://discover.va.gov/va-locator-facility-list/,https://www.va.gov/columbia-sc-vet-center/,34.01310862,-81.0294622
vc_0325V,Tallahassee Vet Center,vet_center,,8,0325V,derived,review_pending,discoverva_va_locator_facility_list,2026-05-05T16:33:37+00:00,https://discover.va.gov/va-locator-facility-list/,https://www.va.gov/tallahassee-vet-center/,30.42618064,-84.24681517
vc_0326V,Palm Beach Vet Center,vet_center,,8,0326V,derived,review_pending,discoverva_va_locator_facility_list,2026-05-05T16:33:37+00:00,https://discover.va.gov/va-locator-facility-list/,https://www.va.gov/palm-beach-vet-center/,26.630361,-80.120043
vc_0327V,Greensboro Vet Center,vet_center,,6,0327V,derived,review_pending,discoverva_va_locator_facility_list,2026-05-05T16:33:37+00:00,https://discover.va.gov/va-locator-facility-list/,https://www.va.gov/greensboro-vet-center/,36.07370247,-79.84624261
vc_0328V,Raleigh Vet Center,vet_center,,6,0328V,derived,review_pending,discoverva_va_locator_facility_list,2026-05-05T16:33:37+00:00,https://discover.va.gov/va-locator-facility-list/,https://www.va.gov/raleigh-vet-center/,35.8990456,-78.78962385
vc_0329V,Lawrenceville Vet Center,vet_center,,7,0329V,derived,review_pending,discoverva_va_locator_facility_list,2026-05-05T16:33:37+00:00,https://discover.va.gov/va-locator-facility-list/,https://www.va.gov/lawrenceville-vet-center/,33.96991568,-84.03148861
vc_0330V,Fort Myers Vet Center,vet_center,,8,0330V,derived,review_pending,discoverva_va_locator_facility_list,2026-05-05T16:33:37+00:00,https://discover.va.gov/va-locator-facility-list/,https://www.va.gov/fort-myers-vet-center/,26.603478,-81.8509995
vc_0331V,Gainesville Vet Center,vet_center,,8,0331V,derived,review_pending,discoverva_va_locator_facility_list,2026-05-05T16:33:37+00:00,https://discover.va.gov/va-locator-facility-list/,https://www.va.gov/gainesville-vet-center/,29.65388509,-82.42236164
vc_0332V,Melbourne Vet Center,vet_center,,8,0332V,derived,review_pending,discoverva_va_locator_facility_list,2026-05-05T16:33:37+00:00,https://discover.va.gov/va-locator-facility-list/,https://www.va.gov/melbourne-vet-center/,28.12172596,-80.65564537
vc_0333V,Macon Vet Center,vet_center,,7,0333V,derived,review_pending,discoverva_va_locator_facility_list,2026-05-05T16:33:37+00:00,https://discover.va.gov/va-locator-facility-list/,https://www.va.gov/macon-vet-center/,32.8418953,-83.62803189
vc_0334V,Montgomery Vet Center,vet_center,,7,0334V,derived,review_pending,discoverva_va_locator_facility_list,2026-05-05T16:33:37+00:00,https://discover.va.gov/va-locator-facility-list/,https://www.va.gov/montgomery-vet-center/,32.38184549,-86.23125
vc_0336V,Pompano Beach Vet Center,vet_center,,8,0336V,derived,review_pending,discoverva_va_locator_facility_list,2026-05-05T16:33:37+00:00,https://discover.va.gov/va-locator-facility-list/,https://www.va.gov/pompano-beach-vet-center/,26.27432049,-80.15552975
vc_0337V,Jupiter Vet Center,vet_center,,8,0337V,derived,review_pending,discoverva_va_locator_facility_list,2026-05-05T16:33:37+00:00,https://discover.va.gov/va-locator-facility-list/,https://www.va.gov/jupiter-vet-center/,26.933859,-80.1364005
vc_0338V,Pasco County Vet Center,vet_center,,8,0338V,derived,review_pending,discoverva_va_locator_facility_list,2026-05-05T16:33:37+00:00,https://discover.va.gov/va-locator-facility-list/,https://www.va.gov/pasco-county-vet-center/,28.23402381,-82.66771133
vc_0339V,Clearwater Vet Center,vet_center,,8,0339V,derived,review_pending,discoverva_va_locator_facility_list,2026-05-05T16:33:37+00:00,https://discover.va.gov/va-locator-facility-list/,https://www.va.gov/clearwater-vet-center/,28.038699,-82.73812403
vc_0340V,Lakeland Vet Center,vet_center,,8,0340V,derived,review_pending,discoverva_va_locator_facility_list,2026-05-05T16:33:37+00:00,https://discover.va.gov/va-locator-facility-list/,https://www.va.gov/lakeland-vet-center/,28.0258226,-81.9771429
vc_0341V,Daytona Beach Vet Center,vet_center,,8,0341V,derived,review_pending,discoverva_va_locator_facility_list,2026-05-05T16:33:37+00:00,https://discover.va.gov/va-locator-facility-list/,https://www.va.gov/daytona-beach-vet-center/,29.21220491,-81.06528866
vc_0342V,Marietta Vet Center,vet_center,,7,0342V,derived,review_pending,discoverva_va_locator_facility_list,2026-05-05T16:33:37+00:00,https://discover.va.gov/va-locator-facility-list/,https://www.va.gov/marietta-vet-center/,33.92764344,-84.55128688
vc_0343V,"Jacksonville, NC Vet Center",vet_center,,6,0343V,derived,review_pending,discoverva_va_locator_facility_list,2026-05-05T16:33:37+00:00,https://discover.va.gov/va-locator-facility-list/,https://www.va.gov/jacksonville-nc-vet-center/,34.76538638,-77.3870198
vc_0344V,Ocala Vet Center,vet_center,,8,0344V,derived,review_pending,discoverva_va_locator_facility_list,2026-05-05T16:33:37+00:00,https://discover.va.gov/va-locator-facility-list/,https://www.va.gov/ocala-vet-center/,29.15253073,-82.1780563
vc_0345V,Clermont Vet Center,vet_center,,8,0345V,derived,review_pending,discoverva_va_locator_facility_list,2026-05-05T16:33:37+00:00,https://discover.va.gov/va-locator-facility-list/,https://www.va.gov/clermont-vet-center/,28.545174,-81.7258455
vc_0346V,Augusta Vet Center,vet_center,,7,0346V,derived,review_pending,discoverva_va_locator_facility_list,2026-05-05T16:33:37+00:00,https://discover.va.gov/va-locator-facility-list/,https://www.va.gov/augusta-vet-center/,33.475455,-82.006668
vc_0347V,Myrtle Beach Vet Center,vet_center,,7,0347V,derived,review_pending,discoverva_va_locator_facility_list,2026-05-05T16:33:37+00:00,https://discover.va.gov/va-locator-facility-list/,https://www.va.gov/myrtle-beach-vet-center/,33.66833144,-78.93735983
vc_0348V,Naples Vet Center,vet_center,,8,0348V,derived,review_pending,discoverva_va_locator_facility_list,2026-05-05T16:33:37+00:00,https://discover.va.gov/va-locator-facility-list/,https://www.va.gov/naples-vet-center/,26.15886534,-81.79090418
vc_0349V,"Columbus, GA Vet Center",vet_center,,7,0349V,derived,review_pending,discoverva_va_locator_facility_list,2026-05-05T16:33:37+00:00,https://discover.va.gov/va-locator-facility-list/,https://www.va.gov/columbus-ga-vet-center/,32.48421845,-84.94180308
vc_0350V,Clarksville Vet Center,vet_center,,9,0350V,derived,review_pending,discoverva_va_locator_facility_list,2026-05-05T16:33:37+00:00,https://discover.va.gov/va-locator-facility-list/,https://www.va.gov/clarksville-vet-center/,36.57919422,-87.27531744
vc_0401V,Dearborn Vet Center,vet_center,,10,0401V,derived,review_pending,discoverva_va_locator_facility_list,2026-05-05T16:33:37+00:00,https://discover.va.gov/va-locator-facility-list/,https://www.va.gov/dearborn-vet-center/,42.303807,-83.2621905
vc_0402V,Detroit Vet Center,vet_center,,10,0402V,derived,review_pending,discoverva_va_locator_facility_list,2026-05-05T16:33:37+00:00,https://discover.va.gov/va-locator-facility-list/,https://www.va.gov/detroit-vet-center/,42.36636099,-82.97177947
vc_0403V,Grand Rapids Vet Center,vet_center,,10,0403V,derived,review_pending,discoverva_va_locator_facility_list,2026-05-05T16:33:37+00:00,https://discover.va.gov/va-locator-facility-list/,https://www.va.gov/grand-rapids-vet-center/,42.9257471,-85.60903519
vc_0404V,Minot Vet Center,vet_center,,23,0404V,derived,review_pending,discoverva_va_locator_facility_list,2026-05-05T16:33:37+00:00,https://discover.va.gov/va-locator-facility-list/,https://www.va.gov/minot-vet-center/,48.2003427,-101.2961778
vc_0405V,Des Moines Vet Center,vet_center,,23,0405V,derived,review_pending,discoverva_va_locator_facility_list,2026-05-05T16:33:37+00:00,https://discover.va.gov/va-locator-facility-list/,https://www.va.gov/des-moines-vet-center/,41.600144,-93.734707
vc_0406V,Fargo Vet Center,vet_center,,23,0406V,derived,review_pending,discoverva_va_locator_facility_list,2026-05-05T16:33:37+00:00,https://discover.va.gov/va-locator-facility-list/,https://www.va.gov/fargo-vet-center/,46.827342,-96.881031
vc_0407V,Chicago Heights Vet Center,vet_center,,12,0407V,derived,review_pending,discoverva_va_locator_facility_list,2026-05-05T16:33:37+00:00,https://discover.va.gov/va-locator-facility-list/,https://www.va.gov/chicago-heights-vet-center/,41.512788,-87.6466845
vc_0408V,Kansas City Vet Center,vet_center,,15,0408V,derived,review_pending,discoverva_va_locator_facility_list,2026-05-05T16:33:37+00:00,https://discover.va.gov/va-locator-facility-list/,https://www.va.gov/kansas-city-vet-center/,39.038958,-94.5879075
vc_0409V,Fort Wayne Vet Center,vet_center,,10,0409V,derived,review_pending,discoverva_va_locator_facility_list,2026-05-05T16:33:37+00:00,https://discover.va.gov/va-locator-facility-list/,https://www.va.gov/fort-wayne-vet-center/,41.11208611,-85.13505603
vc_0410V,Chicago Vet Center,vet_center,,12,0410V,derived,review_pending,discoverva_va_locator_facility_list,2026-05-05T16:33:37+00:00,https://discover.va.gov/va-locator-facility-list/,https://www.va.gov/chicago-vet-center/,41.7352909,-87.69732835
vc_0411V,Forest Park Vet Center,vet_center,,12,0411V,derived,review_pending,discoverva_va_locator_facility_list,2026-05-05T16:33:37+00:00,https://discover.va.gov/va-locator-facility-list/,https://www.va.gov/forest-park-vet-center/,41.85897298,-87.80393171
vc_0412V,Gary Area Vet Center,vet_center,,12,0412V,derived,review_pending,discoverva_va_locator_facility_list,2026-05-05T16:33:37+00:00,https://discover.va.gov/va-locator-facility-list/,https://www.va.gov/gary-area-vet-center/,41.4491857,-87.33319661
vc_0413V,Indianapolis Vet Center,vet_center,,10,0413V,derived,review_pending,discoverva_va_locator_facility_list,2026-05-05T16:33:37+00:00,https://discover.va.gov/va-locator-facility-list/,https://www.va.gov/indianapolis-vet-center/,39.88155747,-86.272677
vc_0414V,St. Louis Vet Center,vet_center,,15,0414V,derived,review_pending,discoverva_va_locator_facility_list,2026-05-05T16:33:37+00:00,https://discover.va.gov/va-locator-facility-list/,https://www.va.gov/st-louis-vet-center/,38.659842,-90.40536751
vc_0416V,St. Paul Vet Center,vet_center,,23,0416V,derived,review_pending,discoverva_va_locator_facility_list,2026-05-05T16:33:37+00:00,https://discover.va.gov/va-locator-facility-list/,https://www.va.gov/st-paul-vet-center/,44.88225012,-93.24791313
vc_0417V,Peoria Vet Center,vet_center,,12,0417V,derived,review_pending,discoverva_va_locator_facility_list,2026-05-05T16:33:37+00:00,https://discover.va.gov/va-locator-facility-list/,https://www.va.gov/peoria-vet-center/,40.78265391,-89.67197096
vc_0418V,Evansville Vet Center,vet_center,,15,0418V,derived,review_pending,discoverva_va_locator_facility_list,2026-05-05T16:33:37+00:00,https://discover.va.gov/va-locator-facility-list/,https://www.va.gov/evansville-vet-center/,37.98666,-87.474717
vc_0419V,Madison Vet Center,vet_center,,12,0419V,derived,review_pending,discoverva_va_locator_facility_list,2026-05-05T16:33:37+00:00,https://discover.va.gov/va-locator-facility-list/,https://www.va.gov/madison-vet-center/,43.113879,-89.3637325
vc_0420V,Evanston Vet Center,vet_center,,12,0420V,derived,review_pending,discoverva_va_locator_facility_list,2026-05-05T16:33:37+00:00,https://discover.va.gov/va-locator-facility-list/,https://www.va.gov/evanston-vet-center/,42.01940261,-87.69978349
vc_0421V,"Springfield, IL Vet Center",vet_center,,12,0421V,derived,review_pending,discoverva_va_locator_facility_list,2026-05-05T16:33:37+00:00,https://discover.va.gov/va-locator-facility-list/,https://www.va.gov/springfield-il-vet-center/,39.7621658,-89.64439962
vc_0422V,Metro East Vet Center,vet_center,,15,0422V,derived,review_pending,discoverva_va_locator_facility_list,2026-05-05T16:33:37+00:00,https://discover.va.gov/va-locator-facility-list/,https://www.va.gov/metro-east-vet-center/,38.56490872,-89.98656615
vc_0423V,Rapid City Vet Center,vet_center,,23,0423V,derived,review_pending,discoverva_va_locator_facility_list,2026-05-05T16:33:37+00:00,https://discover.va.gov/va-locator-facility-list/,https://www.va.gov/rapid-city-vet-center/,44.08140054,-103.213584
vc_0424V,Omaha Vet Center,vet_center,,23,0424V,derived,review_pending,discoverva_va_locator_facility_list,2026-05-05T16:33:37+00:00,https://discover.va.gov/va-locator-facility-list/,https://www.va.gov/omaha-vet-center/,41.238666,-95.97584752
vc_0425V,Sioux Falls Vet Center,vet_center,,23,0425V,derived,review_pending,discoverva_va_locator_facility_list,2026-05-05T16:33:37+00:00,https://discover.va.gov/va-locator-facility-list/,https://www.va.gov/sioux-falls-vet-center/,43.49835,-96.7837545
vc_0426V,Wichita Vet Center,vet_center,,15,0426V,derived,review_pending,discoverva_va_locator_facility_list,2026-05-05T16:33:37+00:00,https://discover.va.gov/va-locator-facility-list/,https://www.va.gov/wichita-vet-center/,37.69056293,-97.35271129
vc_0427V,Lincoln Vet Center,vet_center,,23,0427V,derived,review_pending,discoverva_va_locator_facility_list,2026-05-05T16:33:37+00:00,https://discover.va.gov/va-locator-facility-list/,https://www.va.gov/lincoln-vet-center/,40.81219143,-96.605997
vc_0428V,Sioux City Vet Center,vet_center,,23,0428V,derived,review_pending,discoverva_va_locator_facility_list,2026-05-05T16:33:37+00:00,https://discover.va.gov/va-locator-facility-list/,https://www.va.gov/sioux-city-vet-center/,42.44978618,-96.35403543
vc_0429V,Duluth Vet Center,vet_center,,23,0429V,derived,review_pending,discoverva_va_locator_facility_list,2026-05-05T16:33:37+00:00,https://discover.va.gov/va-locator-facility-list/,https://www.va.gov/duluth-vet-center/,46.829637,-92.1739275
vc_0430V,Quad Cities Vet Center,vet_center,,23,0430V,derived,review_pending,discoverva_va_locator_facility_list,2026-05-05T16:33:37+00:00,https://discover.va.gov/va-locator-facility-list/,https://www.va.gov/quad-cities-vet-center/,41.48999871,-90.45131669
vc_0431V,Cedar Rapids Vet Center,vet_center,,23,0431V,derived,review_pending,discoverva_va_locator_facility_list,2026-05-05T16:33:37+00:00,https://discover.va.gov/va-locator-facility-list/,https://www.va.gov/cedar-rapids-vet-center/,42.01951431,-91.70120323
vc_0432V,"Manhattan, KS Vet Center",vet_center,,15,0432V,derived,review_pending,discoverva_va_locator_facility_list,2026-05-05T16:33:37+00:00,https://discover.va.gov/va-locator-facility-list/,https://www.va.gov/manhattan-ks-vet-center/,39.192381,-96.5996595
vc_0433V,Saginaw Vet Center,vet_center,,10,0433V,derived,review_pending,discoverva_va_locator_facility_list,2026-05-05T16:33:37+00:00,https://discover.va.gov/va-locator-facility-list/,https://www.va.gov/saginaw-vet-center/,43.48489709,-83.95923141
vc_0434V,Escanaba Vet Center,vet_center,,12,0434V,derived,review_pending,discoverva_va_locator_facility_list,2026-05-05T16:33:37+00:00,https://discover.va.gov/va-locator-facility-list/,https://www.va.gov/escanaba-vet-center/,45.74768789,-87.09031297
vc_0435V,Orland Park Vet Center,vet_center,,12,0435V,derived,review_pending,discoverva_va_locator_facility_list,2026-05-05T16:33:37+00:00,https://discover.va.gov/va-locator-facility-list/,https://www.va.gov/orland-park-vet-center/,41.601141,-87.8295195
vc_0436V,Aurora Vet Center,vet_center,,12,0436V,derived,review_pending,discoverva_va_locator_facility_list,2026-05-05T16:33:37+00:00,https://discover.va.gov/va-locator-facility-list/,https://www.va.gov/aurora-vet-center/,41.74420079,-88.22726916
vc_0437V,Macomb County Vet Center,vet_center,,10,0437V,derived,review_pending,discoverva_va_locator_facility_list,2026-05-05T16:33:37+00:00,https://discover.va.gov/va-locator-facility-list/,https://www.va.gov/macomb-county-vet-center/,42.61018043,-82.95285923
vc_0438V,Pontiac Vet Center,vet_center,,10,0438V,derived,review_pending,discoverva_va_locator_facility_list,2026-05-05T16:33:37+00:00,https://discover.va.gov/va-locator-facility-list/,https://www.va.gov/pontiac-vet-center/,42.614451,-83.272545
vc_04391OS,St. Cloud Vet Center Outstation,vet_center,,23,04391OS,derived,review_pending,discoverva_va_locator_facility_list,2026-05-05T16:33:37+00:00,https://discover.va.gov/va-locator-facility-list/,https://www.va.gov/anoka-vet-center/locations/#st-cloud-vet-center-outstation,45.552115,-94.1365
vc_0439V,Anoka Vet Center,vet_center,,23,0439V,derived,review_pending,discoverva_va_locator_facility_list,2026-05-05T16:33:37+00:00,https://discover.va.gov/va-locator-facility-list/,https://www.va.gov/anoka-vet-center/,45.19768453,-93.37814758
vc_0441V,Green Bay Vet Center,vet_center,,12,0441V,derived,review_pending,discoverva_va_locator_facility_list,2026-05-05T16:33:37+00:00,https://discover.va.gov/va-locator-facility-list/,https://www.va.gov/green-bay-vet-center/,44.500671,-88.039521
vc_0442V,La Crosse Vet Center,vet_center,,12,0442V,derived,review_pending,discoverva_va_locator_facility_list,2026-05-05T16:33:37+00:00,https://discover.va.gov/va-locator-facility-list/,https://www.va.gov/la-crosse-vet-center/,43.89512789,-91.23999105
vc_0443V,"Columbia, MO Vet Center",vet_center,,15,0443V,derived,review_pending,discoverva_va_locator_facility_list,2026-05-05T16:33:37+00:00,https://discover.va.gov/va-locator-facility-list/,https://www.va.gov/columbia-mo-vet-center/,38.94752081,-92.30164634
vc_0444V,South Bend Vet Center,vet_center,,10,0444V,derived,review_pending,discoverva_va_locator_facility_list,2026-05-05T16:33:37+00:00,https://discover.va.gov/va-locator-facility-list/,https://www.va.gov/south-bend-vet-center/,41.626206,-86.23481577
vc_0445V,Traverse City Vet Center,vet_center,,10,0445V,derived,review_pending,discoverva_va_locator_facility_list,2026-05-05T16:33:37+00:00,https://discover.va.gov/va-locator-facility-list/,https://www.va.gov/traverse-city-vet-center/,44.76051274,-85.65676572
vc_0446V,Bismarck Vet Center,vet_center,,23,0446V,derived,review_pending,discoverva_va_locator_facility_list,2026-05-05T16:33:37+00:00,https://discover.va.gov/va-locator-facility-list/,https://www.va.gov/bismarck-vet-center/,46.79433,-100.8003465
vc_0447V,Rockford Vet Center,vet_center,,12,0447V,derived,review_pending,discoverva_va_locator_facility_list,2026-05-05T16:33:37+00:00,https://discover.va.gov/va-locator-facility-list/,https://www.va.gov/rockford-vet-center/,42.2904123,-88.97819805
vc_0501V,Cheyenne Vet Center,vet_center,,19,0501V,derived,review_pending,discoverva_va_locator_facility_list,2026-05-05T16:33:37+00:00,https://discover.va.gov/va-locator-facility-list/,https://www.va.gov/cheyenne-vet-center/,41.13838712,-104.78454289
vc_0502V,Anchorage Vet Center,vet_center,,20,0502V,derived,review_pending,discoverva_va_locator_facility_list,2026-05-05T16:33:37+00:00,https://discover.va.gov/va-locator-facility-list/,https://www.va.gov/anchorage-vet-center/,61.179786,-149.889834
vc_0503V,Boise Vet Center,vet_center,,20,0503V,derived,review_pending,discoverva_va_locator_facility_list,2026-05-05T16:33:37+00:00,https://discover.va.gov/va-locator-facility-list/,https://www.va.gov/boise-vet-center/,43.591374,-116.212113
vc_0504V,Denver Vet Center,vet_center,,19,0504V,derived,review_pending,discoverva_va_locator_facility_list,2026-05-05T16:33:37+00:00,https://discover.va.gov/va-locator-facility-list/,https://www.va.gov/denver-vet-center/,39.71925316,-104.90006047
vc_0505V,Las Vegas Vet Center,vet_center,,21,0505V,derived,review_pending,discoverva_va_locator_facility_list,2026-05-05T16:33:37+00:00,https://discover.va.gov/va-locator-facility-list/,https://www.va.gov/las-vegas-vet-center/,36.1791,-115.256043
vc_0506V,Reno Vet Center,vet_center,,21,0506V,derived,review_pending,discoverva_va_locator_facility_list,2026-05-05T16:33:37+00:00,https://discover.va.gov/va-locator-facility-list/,https://www.va.gov/reno-vet-center/,39.51178031,-119.74528274
vc_0507V,Seattle Vet Center,vet_center,,20,0507V,derived,review_pending,discoverva_va_locator_facility_list,2026-05-05T16:33:37+00:00,https://discover.va.gov/va-locator-facility-list/,https://www.va.gov/seattle-vet-center/,47.55336678,-122.33060606
vc_0508V,Tacoma Vet Center,vet_center,,20,0508V,derived,review_pending,discoverva_va_locator_facility_list,2026-05-05T16:33:37+00:00,https://discover.va.gov/va-locator-facility-list/,https://www.va.gov/tacoma-vet-center/,47.233485,-122.503599
vc_0509V,Billings Vet Center,vet_center,,19,0509V,derived,review_pending,discoverva_va_locator_facility_list,2026-05-05T16:33:37+00:00,https://discover.va.gov/va-locator-facility-list/,https://www.va.gov/billings-vet-center/,45.75022718,-108.58544855
vc_0510V,Spokane Vet Center,vet_center,,20,0510V,derived,review_pending,discoverva_va_locator_facility_list,2026-05-05T16:33:37+00:00,https://discover.va.gov/va-locator-facility-list/,https://www.va.gov/spokane-vet-center/,47.686707,-117.226638
vc_0511V,Fairbanks Vet Center,vet_center,,20,0511V,derived,review_pending,discoverva_va_locator_facility_list,2026-05-05T16:33:37+00:00,https://discover.va.gov/va-locator-facility-list/,https://www.va.gov/fairbanks-vet-center,64.81886076,-147.68974707
vc_0512V,Wasilla Vet Center,vet_center,,20,0512V,derived,review_pending,discoverva_va_locator_facility_list,2026-05-05T16:33:37+00:00,https://discover.va.gov/va-locator-facility-list/,https://www.va.gov/wasilla-vet-center/,61.58918543,-149.40595261
vc_0514V,Salt Lake City Vet Center,vet_center,,19,0514V,derived,review_pending,discoverva_va_locator_facility_list,2026-05-05T16:33:37+00:00,https://discover.va.gov/va-locator-facility-list/,https://www.va.gov/salt-lake-city-vet-center/,40.667235,-111.89319443
vc_0515V,Albuquerque Vet Center,vet_center,,22,0515V,derived,review_pending,discoverva_va_locator_facility_list,2026-05-05T16:33:37+00:00,https://discover.va.gov/va-locator-facility-list/,https://www.va.gov/albuquerque-vet-center/,35.09843298,-106.66821233
vc_0516V,Farmington Vet Center,vet_center,,22,0516V,derived,review_pending,discoverva_va_locator_facility_list,2026-05-05T16:33:37+00:00,https://discover.va.gov/va-locator-facility-list/,https://www.va.gov/farmington-vet-center/,36.76046462,-108.15554467
vc_0517V,Phoenix Vet Center,vet_center,,22,0517V,derived,review_pending,discoverva_va_locator_facility_list,2026-05-05T16:33:37+00:00,https://discover.va.gov/va-locator-facility-list/,https://www.va.gov/phoenix-vet-center/,33.493689,-112.03892846
vc_0518V,Dr. Cameron McKinley Department of Veterans Affairs Veterans Center,vet_center,,22,0518V,derived,review_pending,discoverva_va_locator_facility_list,2026-05-05T16:33:37+00:00,https://discover.va.gov/va-locator-facility-list/,https://www.va.gov/prescott-vet-center/,34.59873002,-112.46737454
vc_0519V,Casper Vet Center,vet_center,,19,0519V,derived,review_pending,discoverva_va_locator_facility_list,2026-05-05T16:33:37+00:00,https://discover.va.gov/va-locator-facility-list/,https://www.va.gov/casper-vet-center/,42.86152988,-106.33266969
vc_0520V,Santa Fe Vet Center,vet_center,,22,0520V,derived,review_pending,discoverva_va_locator_facility_list,2026-05-05T16:33:37+00:00,https://discover.va.gov/va-locator-facility-list/,https://www.va.gov/santa-fe-vet-center/,35.6506367,-105.9525122
vc_0521V,Tucson Vet Center,vet_center,,22,0521V,derived,review_pending,discoverva_va_locator_facility_list,2026-05-05T16:33:37+00:00,https://discover.va.gov/va-locator-facility-list/,https://www.va.gov/tucson-vet-center/,32.222232,-110.9346975
vc_0522V,Bellingham Vet Center,vet_center,,20,0522V,derived,review_pending,discoverva_va_locator_facility_list,2026-05-05T16:33:37+00:00,https://discover.va.gov/va-locator-facility-list/,https://www.va.gov/bellingham-vet-center/,48.73361047,-122.46615
vc_0523V,Yakima Valley Vet Center,vet_center,,20,0523V,derived,review_pending,discoverva_va_locator_facility_list,2026-05-05T16:33:37+00:00,https://discover.va.gov/va-locator-facility-list/,https://www.va.gov/yakima-valley-vet-center/,46.6035576,-120.53731255
vc_0524V,Mesa Vet Center,vet_center,,22,0524V,derived,review_pending,discoverva_va_locator_facility_list,2026-05-05T16:33:37+00:00,https://discover.va.gov/va-locator-facility-list/,https://www.va.gov/mesa-vet-center/,33.391242,-111.8631555
vc_0525V,Colorado Springs Vet Center,vet_center,,19,0525V,derived,review_pending,discoverva_va_locator_facility_list,2026-05-05T16:33:37+00:00,https://discover.va.gov/va-locator-facility-list/,https://www.va.gov/colorado-springs-vet-center/,38.88713958,-104.78662085
vc_0526V,Grand Junction Vet Center,vet_center,,19,0526V,derived,review_pending,discoverva_va_locator_facility_list,2026-05-05T16:33:37+00:00,https://discover.va.gov/va-locator-facility-list/,https://www.va.gov/grand-junction-vet-center/,39.08598836,-108.58947901
vc_0527V,Boulder Vet Center,vet_center,,19,0527V,derived,review_pending,discoverva_va_locator_facility_list,2026-05-05T16:33:37+00:00,https://discover.va.gov/va-locator-facility-list/,https://www.va.gov/boulder-vet-center/,40.02112664,-105.2369559
vc_0528V,Missoula Vet Center,vet_center,,19,0528V,derived,review_pending,discoverva_va_locator_facility_list,2026-05-05T16:33:37+00:00,https://discover.va.gov/va-locator-facility-list/,https://www.va.gov/missoula-vet-center/,46.85553,-114.007473
vc_0529V,Everett Vet Center,vet_center,,20,0529V,derived,review_pending,discoverva_va_locator_facility_list,2026-05-05T16:33:37+00:00,https://discover.va.gov/va-locator-facility-list/,https://www.va.gov/everett-vet-center/,47.908818,-122.2183485
vc_0530V,Las Cruces Vet Center,vet_center,,17,0530V,derived,review_pending,discoverva_va_locator_facility_list,2026-05-05T16:33:37+00:00,https://discover.va.gov/va-locator-facility-list/,https://www.va.gov/las-cruces-vet-center/,32.34704499,-106.76421894
vc_0531V,East Idaho Vet Center,vet_center,,19,0531V,derived,review_pending,discoverva_va_locator_facility_list,2026-05-05T16:33:37+00:00,https://discover.va.gov/va-locator-facility-list/,https://www.va.gov/east-idaho-vet-center/,43.48892664,-112.04798779
vc_0532V,Col. Gail S. Halvorsen 'Candy Bomber' Veterans Center,vet_center,,19,0532V,derived,review_pending,discoverva_va_locator_facility_list,2026-05-05T16:33:37+00:00,https://discover.va.gov/va-locator-facility-list/,https://www.va.gov/provo-vet-center/,40.29122876,-111.69243621
vc_0533V,West Valley Vet Center,vet_center,,22,0533V,derived,review_pending,discoverva_va_locator_facility_list,2026-05-05T16:33:37+00:00,https://discover.va.gov/va-locator-facility-list/,https://www.va.gov/west-valley-vet-center/,33.612795,-112.24008
vc_0534V,Henderson Vet Center,vet_center,,21,0534V,derived,review_pending,discoverva_va_locator_facility_list,2026-05-05T16:33:37+00:00,https://discover.va.gov/va-locator-facility-list/,https://www.va.gov/henderson-vet-center/,36.057393,-115.044066
vc_0535V,Federal Way Vet Center,vet_center,,20,0535V,derived,review_pending,discoverva_va_locator_facility_list,2026-05-05T16:33:37+00:00,https://discover.va.gov/va-locator-facility-list/,https://www.va.gov/federal-way-vet-center/,47.314377,-122.290929
vc_0536V,Lake Havasu Vet Center,vet_center,,22,0536V,derived,review_pending,discoverva_va_locator_facility_list,2026-05-05T16:33:37+00:00,https://discover.va.gov/va-locator-facility-list/,https://www.va.gov/lake-havasu-vet-center/,34.478397,-114.339879
vc_0537V,Yuma Vet Center,vet_center,,22,0537V,derived,review_pending,discoverva_va_locator_facility_list,2026-05-05T16:33:37+00:00,https://discover.va.gov/va-locator-facility-list/,https://www.va.gov/yuma-vet-center/,32.699115,-114.605397
vc_0538V,Great Falls Vet Center,vet_center,,19,0538V,derived,review_pending,discoverva_va_locator_facility_list,2026-05-05T16:33:37+00:00,https://discover.va.gov/va-locator-facility-list/,https://www.va.gov/great-falls-vet-center/,47.50751851,-111.29642975
vc_0539V,Kalispell Vet Center,vet_center,,19,0539V,derived,review_pending,discoverva_va_locator_facility_list,2026-05-05T16:33:37+00:00,https://discover.va.gov/va-locator-facility-list/,https://www.va.gov/kalispell-vet-center/,48.20589841,-114.33034971
vc_0540V,Saint George Vet Center,vet_center,,19,0540V,derived,review_pending,discoverva_va_locator_facility_list,2026-05-05T16:33:37+00:00,https://discover.va.gov/va-locator-facility-list/,https://www.va.gov/saint-george-vet-center/,37.080009,-113.6050875
vc_0541V,Walla Walla Vet Center,vet_center,,20,0541V,derived,review_pending,discoverva_va_locator_facility_list,2026-05-05T16:33:37+00:00,https://discover.va.gov/va-locator-facility-list/,https://www.va.gov/walla-walla-vet-center/,46.05923917,-118.35252391
vc_0542V,Pueblo Vet Center,vet_center,,19,0542V,derived,review_pending,discoverva_va_locator_facility_list,2026-05-05T16:33:37+00:00,https://discover.va.gov/va-locator-facility-list/,https://www.va.gov/pueblo-vet-center/,38.313036,-104.6275155
vc_0543V,Fort Collins Vet Center,vet_center,,19,0543V,derived,review_pending,discoverva_va_locator_facility_list,2026-05-05T16:33:37+00:00,https://discover.va.gov/va-locator-facility-list/,https://www.va.gov/fort-collins-vet-center/,40.553109,-105.0891075
vc_0601V,Bakersfield Vet Center,vet_center,,22,0601V,derived,review_pending,discoverva_va_locator_facility_list,2026-05-05T16:33:37+00:00,https://discover.va.gov/va-locator-facility-list/,https://www.va.gov/bakersfield-vet-center/,35.3841847,-119.01394501
vc_0602V,Concord Vet Center,vet_center,,21,0602V,derived,review_pending,discoverva_va_locator_facility_list,2026-05-05T16:33:37+00:00,https://discover.va.gov/va-locator-facility-list/,https://www.va.gov/concord-vet-center/,37.969614,-122.051853
vc_0603V,Antelope Valley Vet Center,vet_center,,22,0603V,derived,review_pending,discoverva_va_locator_facility_list,2026-05-05T16:33:37+00:00,https://discover.va.gov/va-locator-facility-list/,https://www.va.gov/antelope-valley-vet-center/,34.590222,-118.1442015
vc_0604V,South Orange County Vet Center,vet_center,,22,0604V,derived,review_pending,discoverva_va_locator_facility_list,2026-05-05T16:33:37+00:00,https://discover.va.gov/va-locator-facility-list/,https://www.va.gov/south-orange-county-vet-center/,33.564924,-117.6593715
vc_0605V,Chatsworth Vet Center,vet_center,,22,0605V,derived,review_pending,discoverva_va_locator_facility_list,2026-05-05T16:33:37+00:00,https://discover.va.gov/va-locator-facility-list/,https://www.va.gov/chatsworth-vet-center/,34.256952,-118.5905385
vc_0606V,Los Angeles Vet Center,vet_center,,22,0606V,derived,review_pending,discoverva_va_locator_facility_list,2026-05-05T16:33:37+00:00,https://discover.va.gov/va-locator-facility-list/,https://www.va.gov/los-angeles-vet-center,33.89301,-118.292904
vc_0607V,West Los Angeles Vet Center,vet_center,,22,0607V,derived,review_pending,discoverva_va_locator_facility_list,2026-05-05T16:33:37+00:00,https://discover.va.gov/va-locator-facility-list/,https://www.va.gov/west-los-angeles-vet-center/,33.98604774,-118.38480144
vc_0608V,Temecula Vet Center,vet_center,,22,0608V,derived,review_pending,discoverva_va_locator_facility_list,2026-05-05T16:33:37+00:00,https://discover.va.gov/va-locator-facility-list/,https://www.va.gov/temecula-vet-center/,33.52843747,-117.16000597
vc_0609V,Honolulu Vet Center,vet_center,,21,0609V,derived,review_pending,discoverva_va_locator_facility_list,2026-05-05T16:33:37+00:00,https://discover.va.gov/va-locator-facility-list/,https://www.va.gov/honolulu-vet-center/,21.29133992,-157.83851203
vc_0610V,Citrus Heights Vet Center,vet_center,,21,0610V,derived,review_pending,discoverva_va_locator_facility_list,2026-05-05T16:33:37+00:00,https://discover.va.gov/va-locator-facility-list/,https://www.va.gov/citrus-heights-vet-center/,38.669265,-121.2714135
vc_0611V,Corona Vet Center,vet_center,,22,0611V,derived,review_pending,discoverva_va_locator_facility_list,2026-05-05T16:33:37+00:00,https://discover.va.gov/va-locator-facility-list/,https://www.va.gov/corona-vet-center/,33.85976421,-117.55276351
vc_0612V,Oakland Vet Center,vet_center,,21,0612V,derived,review_pending,discoverva_va_locator_facility_list,2026-05-05T16:33:37+00:00,https://discover.va.gov/va-locator-facility-list/,https://www.va.gov/oakland-vet-center/,37.768221,-122.17608
vc_0613V,High Desert Vet Center,vet_center,,22,0613V,derived,review_pending,discoverva_va_locator_facility_list,2026-05-05T16:33:37+00:00,https://discover.va.gov/va-locator-facility-list/,https://www.va.gov/high-desert-vet-center/,34.52481,-117.329211
vc_0614V,Chula Vista Vet Center,vet_center,,22,0614V,derived,review_pending,discoverva_va_locator_facility_list,2026-05-05T16:33:37+00:00,https://discover.va.gov/va-locator-facility-list/,https://www.va.gov/chula-vista-vet-center/,32.65933895,-117.0304825
vc_0615V,San Jose Vet Center,vet_center,,21,0615V,derived,review_pending,discoverva_va_locator_facility_list,2026-05-05T16:33:37+00:00,https://discover.va.gov/va-locator-facility-list/,https://www.va.gov/san-jose-vet-center/,37.26833126,-121.78593385
vc_0616V,American Samoa Vet Center,vet_center,,21,0616V,derived,review_pending,discoverva_va_locator_facility_list,2026-05-05T16:33:37+00:00,https://discover.va.gov/va-locator-facility-list/,https://www.va.gov/american-samoa-vet-center/,-14.33224007,-170.73101811
vc_0617V,"Portland, OR Vet Center",vet_center,,20,0617V,derived,review_pending,discoverva_va_locator_facility_list,2026-05-05T16:33:37+00:00,https://discover.va.gov/va-locator-facility-list/,https://www.va.gov/portland-or-vet-center/,45.534159,-122.53765748
vc_0618V,San Diego Vet Center,vet_center,,22,0618V,derived,review_pending,discoverva_va_locator_facility_list,2026-05-05T16:33:37+00:00,https://discover.va.gov/va-locator-facility-list/,https://www.va.gov/san-diego-vet-center/,32.740776,-117.2133765
vc_0619V,San Luis Obispo Vet Center,vet_center,,22,0619V,derived,review_pending,discoverva_va_locator_facility_list,2026-05-05T16:33:37+00:00,https://discover.va.gov/va-locator-facility-list/,https://www.va.gov/san-luis-obispo-vet-center/,35.26607501,-120.64322584
vc_0620V,San Francisco Vet Center,vet_center,,21,0620V,derived,review_pending,discoverva_va_locator_facility_list,2026-05-05T16:33:37+00:00,https://discover.va.gov/va-locator-facility-list/,https://www.va.gov/san-francisco-vet-center/,37.79935812,-122.40118864
vc_0621V,West Oahu Vet Center,vet_center,,21,0621V,derived,review_pending,discoverva_va_locator_facility_list,2026-05-05T16:33:37+00:00,https://discover.va.gov/va-locator-facility-list/,https://www.va.gov/west-oahu-vet-center/,21.32623542,-158.06331097
vc_0622V,Central Oregon Vet Center,vet_center,,20,0622V,derived,review_pending,discoverva_va_locator_facility_list,2026-05-05T16:33:37+00:00,https://discover.va.gov/va-locator-facility-list/,https://www.va.gov/central-oregon-vet-center/,44.05608555,-121.28163174
vc_0623V,East Los Angeles Vet Center,vet_center,,22,0623V,derived,review_pending,discoverva_va_locator_facility_list,2026-05-05T16:33:37+00:00,https://discover.va.gov/va-locator-facility-list/,https://www.va.gov/east-los-angeles-vet-center/,34.05133194,-118.16231485
vc_0624V,North Orange County Vet Center,vet_center,,22,0624V,derived,review_pending,discoverva_va_locator_facility_list,2026-05-05T16:33:37+00:00,https://discover.va.gov/va-locator-facility-list/,https://www.va.gov/north-orange-county-vet-center/,33.78216007,-117.8982788
vc_0626V,Eugene Vet Center,vet_center,,20,0626V,derived,review_pending,discoverva_va_locator_facility_list,2026-05-05T16:33:37+00:00,https://discover.va.gov/va-locator-facility-list/,https://www.va.gov/eugene-vet-center/,44.047521,-123.089949
vc_0628V,Fresno Vet Center,vet_center,,21,0628V,derived,review_pending,discoverva_va_locator_facility_list,2026-05-05T16:33:37+00:00,https://discover.va.gov/va-locator-facility-list/,https://www.va.gov/fresno-vet-center/,36.811494,-119.7639135
vc_0633V,Kauai Vet Center,vet_center,,21,0633V,derived,review_pending,discoverva_va_locator_facility_list,2026-05-05T16:33:37+00:00,https://discover.va.gov/va-locator-facility-list/,https://www.va.gov/kauai-vet-center/,21.97028419,-159.38272854
vc_0634V,Maui Vet Center,vet_center,,21,0634V,derived,review_pending,discoverva_va_locator_facility_list,2026-05-05T16:33:37+00:00,https://discover.va.gov/va-locator-facility-list/,https://www.va.gov/maui-vet-center/,20.86712966,-156.49573855
vc_0635V,Hilo Vet Center,vet_center,,21,0635V,derived,review_pending,discoverva_va_locator_facility_list,2026-05-05T16:33:37+00:00,https://discover.va.gov/va-locator-facility-list/,https://www.va.gov/hilo-vet-center/,19.71101494,-155.07885281
vc_0636V,Kona Vet Center,vet_center,,21,0636V,derived,review_pending,discoverva_va_locator_facility_list,2026-05-05T16:33:37+00:00,https://discover.va.gov/va-locator-facility-list/,https://www.va.gov/kona-vet-center/,19.69112242,-156.0167861
vc_0637V,San Bernardino Vet Center,vet_center,,22,0637V,derived,review_pending,discoverva_va_locator_facility_list,2026-05-05T16:33:37+00:00,https://discover.va.gov/va-locator-facility-list/,https://www.va.gov/san-bernardino-vet-center/,34.06876656,-117.27732913
vc_0638V,Sacramento Vet Center,vet_center,,21,0638V,derived,review_pending,discoverva_va_locator_facility_list,2026-05-05T16:33:37+00:00,https://discover.va.gov/va-locator-facility-list/,https://www.va.gov/sacramento-vet-center/,38.586177,-121.41612
vc_0639V,Santa Cruz County Vet Center,vet_center,,21,0639V,derived,review_pending,discoverva_va_locator_facility_list,2026-05-05T16:33:37+00:00,https://discover.va.gov/va-locator-facility-list/,https://www.va.gov/santa-cruz-county-vet-center/,36.970596,-121.9641795
vc_0640V,Salem Vet Center,vet_center,,20,0640V,derived,review_pending,discoverva_va_locator_facility_list,2026-05-05T16:33:37+00:00,https://discover.va.gov/va-locator-facility-list/,https://www.va.gov/salem-vet-center/,44.96139,-123.014871
vc_0642V,San Marcos Vet Center,vet_center,,22,0642V,derived,review_pending,discoverva_va_locator_facility_list,2026-05-05T16:33:37+00:00,https://discover.va.gov/va-locator-facility-list/,https://www.va.gov/san-marcos-vet-center/,33.14090659,-117.1597907
vc_0643V,Ventura Vet Center,vet_center,,22,0643V,derived,review_pending,discoverva_va_locator_facility_list,2026-05-05T16:33:37+00:00,https://discover.va.gov/va-locator-facility-list/,https://www.va.gov/ventura-vet-center/,34.27951861,-119.28882008
vc_0644V,Eureka Vet Center,vet_center,,21,0644V,derived,review_pending,discoverva_va_locator_facility_list,2026-05-05T16:33:37+00:00,https://discover.va.gov/va-locator-facility-list/,https://www.va.gov/eureka-vet-center/,40.78227558,-124.16247631
vc_0645V,Grants Pass Vet Center,vet_center,,20,0645V,derived,review_pending,discoverva_va_locator_facility_list,2026-05-05T16:33:37+00:00,https://discover.va.gov/va-locator-facility-list/,https://www.va.gov/grants-pass-vet-center/,42.452532,-123.32097
vc_0646V,North Bay Vet Center,vet_center,,21,0646V,derived,review_pending,discoverva_va_locator_facility_list,2026-05-05T16:33:37+00:00,https://discover.va.gov/va-locator-facility-list/,https://www.va.gov/north-bay-vet-center,38.352825,-122.7100995
vc_0647V,Peninsula Vet Center,vet_center,,21,0647V,derived,review_pending,discoverva_va_locator_facility_list,2026-05-05T16:33:37+00:00,https://discover.va.gov/va-locator-facility-list/,https://www.va.gov/peninsula-vet-center/,37.466676,-122.160384
vc_0648V,Guam Vet Center,vet_center,,21,0648V,derived,review_pending,discoverva_va_locator_facility_list,2026-05-05T16:33:37+00:00,https://discover.va.gov/va-locator-facility-list/,https://www.va.gov/guam-vet-center/,13.47619586,144.7629365
vc_0649V,Chico Vet Center,vet_center,,21,0649V,derived,review_pending,discoverva_va_locator_facility_list,2026-05-05T16:33:37+00:00,https://discover.va.gov/va-locator-facility-list/,https://www.va.gov/chico-vet-center/,39.75190264,-121.85263623
vc_0650V,Delta Vet Center,vet_center,,21,0650V,derived,review_pending,discoverva_va_locator_facility_list,2026-05-05T16:33:37+00:00,https://discover.va.gov/va-locator-facility-list/,https://www.va.gov/delta-vet-center/,37.79638396,-121.19688553
vc_0701V,Johnson City Vet Center,vet_center,,9,0701V,derived,review_pending,discoverva_va_locator_facility_list,2026-05-05T16:33:37+00:00,https://discover.va.gov/va-locator-facility-list/,https://www.va.gov/johnson-city-vet-center/,36.350271,-82.3827285
vc_0702V,Amarillo Vet Center,vet_center,,17,0702V,derived,review_pending,discoverva_va_locator_facility_list,2026-05-05T16:33:37+00:00,https://discover.va.gov/va-locator-facility-list/,https://www.va.gov/amarillo-vet-center/,35.18498425,-101.87938451
vc_0703V,Austin Vet Center,vet_center,,17,0703V,derived,review_pending,discoverva_va_locator_facility_list,2026-05-05T16:33:37+00:00,https://discover.va.gov/va-locator-facility-list/,https://www.va.gov/austin-vet-center/,30.243105,-97.736859
vc_0704V,Shreveport Vet Center,vet_center,,16,0704V,derived,review_pending,discoverva_va_locator_facility_list,2026-05-05T16:33:37+00:00,https://discover.va.gov/va-locator-facility-list/,https://www.va.gov/shreveport-vet-center/,32.48747943,-93.70527789
vc_0705V,Corpus Christi Vet Center,vet_center,,17,0705V,derived,review_pending,discoverva_va_locator_facility_list,2026-05-05T16:33:37+00:00,https://discover.va.gov/va-locator-facility-list/,https://www.va.gov/corpus-christi-vet-center/,27.71326676,-97.38826086
vc_0706V,Dallas Vet Center,vet_center,,17,0706V,derived,review_pending,discoverva_va_locator_facility_list,2026-05-05T16:33:37+00:00,https://discover.va.gov/va-locator-facility-list/,https://www.va.gov/dallas-vet-center/,32.89477224,-96.75233945
vc_0707V,El Paso Vet Center,vet_center,,17,0707V,derived,review_pending,discoverva_va_locator_facility_list,2026-05-05T16:33:37+00:00,https://discover.va.gov/va-locator-facility-list/,https://www.va.gov/el-paso-vet-center/,31.77943133,-106.38694352
vc_0708V,Fort Worth Vet Center,vet_center,,17,0708V,derived,review_pending,discoverva_va_locator_facility_list,2026-05-05T16:33:37+00:00,https://discover.va.gov/va-locator-facility-list/,https://www.va.gov/fort-worth-vet-center/,32.75694533,-97.42810873
vc_0709V,Jackson Vet Center,vet_center,,16,0709V,derived,review_pending,discoverva_va_locator_facility_list,2026-05-05T16:33:37+00:00,https://discover.va.gov/va-locator-facility-list/,https://www.va.gov/jackson-vet-center/,32.32730976,-90.12530661
vc_0710V,Houston Southwest Vet Center,vet_center,,16,0710V,derived,review_pending,discoverva_va_locator_facility_list,2026-05-05T16:33:37+00:00,https://discover.va.gov/va-locator-facility-list/,https://www.va.gov/houston-southwest-vet-center/,29.6689836,-95.50845022
vc_0711V,Houston West Vet Center,vet_center,,16,0711V,derived,review_pending,discoverva_va_locator_facility_list,2026-05-05T16:33:37+00:00,https://discover.va.gov/va-locator-facility-list/,https://www.va.gov/houston-west-vet-center/,29.77958969,-95.45776748
vc_0712V,Laredo Vet Center,vet_center,,17,0712V,derived,review_pending,discoverva_va_locator_facility_list,2026-05-05T16:33:37+00:00,https://discover.va.gov/va-locator-facility-list/,https://www.va.gov/laredo-vet-center/,27.56646136,-99.47306438
vc_0713V,Little Rock Vet Center,vet_center,,16,0713V,derived,review_pending,discoverva_va_locator_facility_list,2026-05-05T16:33:37+00:00,https://discover.va.gov/va-locator-facility-list/,https://www.va.gov/little-rock-vet-center/,34.749171,-92.3950845
vc_0714V,Lubbock Vet Center,vet_center,,17,0714V,derived,review_pending,discoverva_va_locator_facility_list,2026-05-05T16:33:37+00:00,https://discover.va.gov/va-locator-facility-list/,https://www.va.gov/lubbock-vet-center/,33.549066,-101.8815795
vc_0715V,McAllen Vet Center,vet_center,,17,0715V,derived,review_pending,discoverva_va_locator_facility_list,2026-05-05T16:33:37+00:00,https://discover.va.gov/va-locator-facility-list/,https://www.va.gov/mcallen-vet-center/,26.1838524,-98.20822207
vc_0716V,Midland Vet Center,vet_center,,17,0716V,derived,review_pending,discoverva_va_locator_facility_list,2026-05-05T16:33:37+00:00,https://discover.va.gov/va-locator-facility-list/,https://www.va.gov/midland-vet-center/,31.98916638,-102.12644509
vc_0717V,New Orleans Vet Center,vet_center,,16,0717V,derived,review_pending,discoverva_va_locator_facility_list,2026-05-05T16:33:37+00:00,https://discover.va.gov/va-locator-facility-list/,https://www.va.gov/new-orleans-vet-center/,29.95098126,-90.07671684
vc_0718V,Oklahoma City Vet Center,vet_center,,19,0718V,derived,review_pending,discoverva_va_locator_facility_list,2026-05-05T16:33:37+00:00,https://discover.va.gov/va-locator-facility-list/,https://www.va.gov/oklahoma-city-vet-center/,35.54114811,-97.51641459
vc_0719V,Memphis Vet Center,vet_center,,9,0719V,derived,review_pending,discoverva_va_locator_facility_list,2026-05-05T16:33:37+00:00,https://discover.va.gov/va-locator-facility-list/,https://www.va.gov/memphis-vet-center/,35.07347969,-89.9928976
vc_0720V,Knoxville Vet Center,vet_center,,9,0720V,derived,review_pending,discoverva_va_locator_facility_list,2026-05-05T16:33:37+00:00,https://discover.va.gov/va-locator-facility-list/,https://www.va.gov/knoxville-vet-center/,35.92173479,-84.05078083
vc_0721V,San Antonio Northeast Vet Center,vet_center,,17,0721V,derived,review_pending,discoverva_va_locator_facility_list,2026-05-05T16:33:37+00:00,https://discover.va.gov/va-locator-facility-list/,https://www.va.gov/san-antonio-northeast-vet-center/,29.525391,-98.3923425
vc_0722V,Chattanooga Vet Center,vet_center,,9,0722V,derived,review_pending,discoverva_va_locator_facility_list,2026-05-05T16:33:37+00:00,https://discover.va.gov/va-locator-facility-list/,https://www.va.gov/chattanooga-vet-center/,35.01568331,-85.19043596
vc_0723V,Tulsa Vet Center,vet_center,,19,0723V,derived,review_pending,discoverva_va_locator_facility_list,2026-05-05T16:33:37+00:00,https://discover.va.gov/va-locator-facility-list/,https://www.va.gov/tulsa-vet-center/,36.04633049,-95.905665
vc_0724V,Nashville Vet Center,vet_center,,9,0724V,derived,review_pending,discoverva_va_locator_facility_list,2026-05-05T16:33:37+00:00,https://discover.va.gov/va-locator-facility-list/,https://www.va.gov/nashville-vet-center/,36.222921,-86.699457
vc_0725V,Baton Rouge Vet Center,vet_center,,16,0725V,derived,review_pending,discoverva_va_locator_facility_list,2026-05-05T16:33:37+00:00,https://discover.va.gov/va-locator-facility-list/,https://www.va.gov/baton-rouge-vet-center/,30.405555,-91.0509975
vc_0726V,Killeen Heights Vet Center,vet_center,,17,0726V,derived,review_pending,discoverva_va_locator_facility_list,2026-05-05T16:33:37+00:00,https://discover.va.gov/va-locator-facility-list/,https://www.va.gov/killeen-heights-vet-center/,31.06608631,-97.66418639
vc_0727V,"Fayetteville, AR Vet Center",vet_center,,16,0727V,derived,review_pending,discoverva_va_locator_facility_list,2026-05-05T16:33:37+00:00,https://discover.va.gov/va-locator-facility-list/,https://www.va.gov/fayetteville-ar-vet-center/,36.086535,-94.1331825
vc_0728V,Lawton Vet Center,vet_center,,19,0728V,derived,review_pending,discoverva_va_locator_facility_list,2026-05-05T16:33:37+00:00,https://discover.va.gov/va-locator-facility-list/,https://www.va.gov/lawton-vet-center/,34.60520101,-98.40439834
vc_0729V,San Antonio Northwest Vet Center,vet_center,,17,0729V,derived,review_pending,discoverva_va_locator_facility_list,2026-05-05T16:33:37+00:00,https://discover.va.gov/va-locator-facility-list/,https://www.va.gov/san-antonio-northwest-vet-center/,29.53419424,-98.68223371
vc_0730V,Mesquite Vet Center,vet_center,,17,0730V,derived,review_pending,discoverva_va_locator_facility_list,2026-05-05T16:33:37+00:00,https://discover.va.gov/va-locator-facility-list/,https://www.va.gov/mesquite-vet-center/,32.77071147,-96.6035295
vc_0731V,Spring Vet Center,vet_center,,16,0731V,derived,review_pending,discoverva_va_locator_facility_list,2026-05-05T16:33:37+00:00,https://discover.va.gov/va-locator-facility-list/,https://www.va.gov/spring-vet-center/,29.98852089,-95.48357628
vc_0732V,Arlington Vet Center,vet_center,,17,0732V,derived,review_pending,discoverva_va_locator_facility_list,2026-05-05T16:33:37+00:00,https://discover.va.gov/va-locator-facility-list/,https://www.va.gov/arlington-vet-center/,32.71152423,-97.16002663
vc_0733V,Abilene Vet Center,vet_center,,17,0733V,derived,review_pending,discoverva_va_locator_facility_list,2026-05-05T16:33:37+00:00,https://discover.va.gov/va-locator-facility-list/,https://www.va.gov/abilene-vet-center/,32.45531709,-99.76635694
vc_0734V,"Alexandria, LA Vet Center",vet_center,,16,0734V,derived,review_pending,discoverva_va_locator_facility_list,2026-05-05T16:33:37+00:00,https://discover.va.gov/va-locator-facility-list/,https://www.va.gov/alexandria-la-vet-center/,31.29530455,-92.50700247
vc_0735V,Beaumont Vet Center,vet_center,,16,0735V,derived,review_pending,discoverva_va_locator_facility_list,2026-05-05T16:33:37+00:00,https://discover.va.gov/va-locator-facility-list/,https://www.va.gov/beaumont-vet-center/,30.03327953,-94.09429391
vc_0736V,"Springfield, MO Vet Center",vet_center,,16,0736V,derived,review_pending,discoverva_va_locator_facility_list,2026-05-05T16:33:37+00:00,https://discover.va.gov/va-locator-facility-list/,https://www.va.gov/springfield-mo-vet-center/,37.16004125,-93.29235883
vc_0737V,Biloxi Vet Center,vet_center,,16,0737V,derived,review_pending,discoverva_va_locator_facility_list,2026-05-05T16:33:37+00:00,https://discover.va.gov/va-locator-facility-list/,https://www.va.gov/biloxi-vet-center/,30.402405,-88.9467885
vc_0738V,Huntsville Vet Center,vet_center,,7,0738V,derived,review_pending,discoverva_va_locator_facility_list,2026-05-05T16:33:37+00:00,https://discover.va.gov/va-locator-facility-list/,https://www.va.gov/huntsville-vet-center/,34.734384,-86.592699
vc_0739V,Birmingham Vet Center,vet_center,,7,0739V,derived,review_pending,discoverva_va_locator_facility_list,2026-05-05T16:33:37+00:00,https://discover.va.gov/va-locator-facility-list/,https://www.va.gov/birmingham-vet-center/,33.350859,-86.84262
vc_0741V,Mobile Vet Center,vet_center,,16,0741V,derived,review_pending,discoverva_va_locator_facility_list,2026-05-05T16:33:37+00:00,https://discover.va.gov/va-locator-facility-list/,https://www.va.gov/mobile-vet-center/,30.70173636,-88.11702808
vc_0742V,Pensacola Vet Center,vet_center,,16,0742V,derived,review_pending,discoverva_va_locator_facility_list,2026-05-05T16:33:37+00:00,https://discover.va.gov/va-locator-facility-list/,https://www.va.gov/pensacola-vet-center/,30.44262349,-87.28447751
vc_0743V,Okaloosa County Vet Center,vet_center,,16,0743V,derived,review_pending,discoverva_va_locator_facility_list,2026-05-05T16:33:37+00:00,https://discover.va.gov/va-locator-facility-list/,https://www.va.gov/okaloosa-county-vet-center/,30.44713611,-86.57767507
vc_0744V,Bay County Vet Center,vet_center,,16,0744V,derived,review_pending,discoverva_va_locator_facility_list,2026-05-05T16:33:37+00:00,https://discover.va.gov/va-locator-facility-list/,https://www.va.gov/bay-county-vet-center/,30.20449101,-85.64557634
vc_0801MVC,Hartford Mobile Vet Center,vet_center,,1,0801MVC,derived,review_pending,discoverva_va_locator_facility_list,2026-05-05T16:33:37+00:00,https://discover.va.gov/va-locator-facility-list/,https://www.va.gov/hartford-vet-center/,41.6648451,-72.64060465
vc_0802MVC,San Juan Mobile Vet Center,vet_center,,8,0802MVC,derived,review_pending,discoverva_va_locator_facility_list,2026-05-05T16:33:37+00:00,https://discover.va.gov/va-locator-facility-list/,https://www.va.gov/hatillo-vet-center/,18.40541959,-66.10627738
vc_0803MVC,White River Junction Mobile Vet Center,vet_center,,1,0803MVC,derived,review_pending,discoverva_va_locator_facility_list,2026-05-05T16:33:37+00:00,https://discover.va.gov/va-locator-facility-list/,https://www.va.gov/white-river-junction-vet-center/,43.65232439,-72.31510994
vc_0804MVC,Lewiston Mobile Vet Center,vet_center,,1,0804MVC,derived,review_pending,discoverva_va_locator_facility_list,2026-05-05T16:33:37+00:00,https://discover.va.gov/va-locator-facility-list/,https://www.va.gov/lewiston-vet-center/,44.075655,-70.174692
vc_0805MVC,Watertown Mobile Vet Center,vet_center,,2,0805MVC,derived,review_pending,discoverva_va_locator_facility_list,2026-05-05T16:33:37+00:00,https://discover.va.gov/va-locator-facility-list/,https://www.va.gov/watertown-vet-center/,43.952526,-75.913713
vc_0806MVC,Lexington Mobile Vet Center,vet_center,,9,0806MVC,derived,review_pending,discoverva_va_locator_facility_list,2026-05-05T16:33:37+00:00,https://discover.va.gov/va-locator-facility-list/,https://www.va.gov/lexington-vet-center/,38.06608098,-84.52415443
vc_0807MVC,Huntington Mobile Vet Center,vet_center,,5,0807MVC,derived,review_pending,discoverva_va_locator_facility_list,2026-05-05T16:33:37+00:00,https://discover.va.gov/va-locator-facility-list/,https://www.va.gov/huntington-vet-center/,38.39050121,-82.39863549
vc_0808MVC,Richmond Mobile Vet Center,vet_center,,6,0808MVC,derived,review_pending,discoverva_va_locator_facility_list,2026-05-05T16:33:37+00:00,https://discover.va.gov/va-locator-facility-list/,https://www.va.gov/richmond-vet-center/,37.57987937,-77.49554148
vc_0809MVC,Erie Mobile Vet Center,vet_center,,4,0809MVC,derived,review_pending,discoverva_va_locator_facility_list,2026-05-05T16:33:37+00:00,https://discover.va.gov/va-locator-facility-list/,https://www.va.gov/erie-vet-center/,42.1226053,-80.08716642
vc_0810MVC,Dayton Mobile Vet Center,vet_center,,10,0810MVC,derived,review_pending,discoverva_va_locator_facility_list,2026-05-05T16:33:37+00:00,https://discover.va.gov/va-locator-facility-list/,https://www.va.gov/dayton-vet-center/,39.69934183,-84.12452938
vc_0811MVC,Scranton Mobile Vet Center,vet_center,,4,0811MVC,derived,review_pending,discoverva_va_locator_facility_list,2026-05-05T16:33:37+00:00,https://discover.va.gov/va-locator-facility-list/,https://www.va.gov/scranton-vet-center/,41.39584833,-75.66894142
vc_0812MVC,Beckley Mobile Vet Center,vet_center,,5,0812MVC,derived,review_pending,discoverva_va_locator_facility_list,2026-05-05T16:33:37+00:00,https://discover.va.gov/va-locator-facility-list/,https://www.va.gov/beckley-vet-center/,37.77891746,-81.1589685
vc_0813MVC,Jacksonville Mobile Vet Center,vet_center,,8,0813MVC,derived,review_pending,discoverva_va_locator_facility_list,2026-05-05T16:33:37+00:00,https://discover.va.gov/va-locator-facility-list/,https://www.va.gov/jacksonville-fl-vet-center/,30.28550048,-81.6321895
vc_0814MVC,Greenville Mobile Vet Center,vet_center,,6,0814MVC,derived,review_pending,discoverva_va_locator_facility_list,2026-05-05T16:33:37+00:00,https://discover.va.gov/va-locator-facility-list/,https://www.va.gov/greenville-nc-vet-center/,35.6013945,-77.3874495
vc_0815MVC,Pensacola Mobile Vet Center,vet_center,,16,0815MVC,derived,review_pending,discoverva_va_locator_facility_list,2026-05-05T16:33:37+00:00,https://discover.va.gov/va-locator-facility-list/,https://www.va.gov/pensacola-vet-center/,30.44264445,-87.28444691
vc_0816MVC,Clearwater Mobile Vet Center,vet_center,,8,0816MVC,derived,review_pending,discoverva_va_locator_facility_list,2026-05-05T16:33:37+00:00,https://discover.va.gov/va-locator-facility-list/,https://www.va.gov/clearwater-vet-center/,28.038699,-82.73812403
vc_0817MVC,Columbia Mobile Vet Center,vet_center,,7,0817MVC,derived,review_pending,discoverva_va_locator_facility_list,2026-05-05T16:33:37+00:00,https://discover.va.gov/va-locator-facility-list/,https://www.va.gov/columbia-sc-vet-center/,34.01310862,-81.0294622
vc_0818MVC,Macon Mobile Vet Center,vet_center,,7,0818MVC,derived,review_pending,discoverva_va_locator_facility_list,2026-05-05T16:33:37+00:00,https://discover.va.gov/va-locator-facility-list/,https://www.va.gov/macon-vet-center/,32.8418953,-83.62803189
vc_0819MVC,Bismarck Mobile Vet Center,vet_center,,23,0819MVC,derived,review_pending,discoverva_va_locator_facility_list,2026-05-05T16:33:37+00:00,https://discover.va.gov/va-locator-facility-list/,https://www.va.gov/bismarck-vet-center/,46.79433,-100.8003465
vc_0820MVC,Fargo Mobile Vet Center,vet_center,,23,0820MVC,derived,review_pending,discoverva_va_locator_facility_list,2026-05-05T16:33:37+00:00,https://discover.va.gov/va-locator-facility-list/,https://www.va.gov/fargo-vet-center/,46.827342,-96.881031
vc_0821MVC,Duluth Mobile Vet Center,vet_center,,23,0821MVC,derived,review_pending,discoverva_va_locator_facility_list,2026-05-05T16:33:37+00:00,https://discover.va.gov/va-locator-facility-list/,https://www.va.gov/duluth-vet-center/,46.82964454,-92.1748112
vc_0822MVC,Springfield Mobile Vet Center,vet_center,,12,0822MVC,derived,review_pending,discoverva_va_locator_facility_list,2026-05-05T16:33:37+00:00,https://discover.va.gov/va-locator-facility-list/,https://www.va.gov/springfield-il-vet-center/,39.7621658,-89.64439962
vc_0823MVC,Rapid City Mobile Vet Center,vet_center,,23,0823MVC,derived,review_pending,discoverva_va_locator_facility_list,2026-05-05T16:33:37+00:00,https://discover.va.gov/va-locator-facility-list/,https://www.va.gov/rapid-city-vet-center/,44.08140054,-103.213584
vc_0824MVC,Wichita Mobile Vet Center,vet_center,,15,0824MVC,derived,review_pending,discoverva_va_locator_facility_list,2026-05-05T16:33:37+00:00,https://discover.va.gov/va-locator-facility-list/,https://www.va.gov/wichita-vet-center/,37.67883653,-97.31556094
vc_0825MVC,Lincoln Mobile Vet Center,vet_center,,23,0825MVC,derived,review_pending,discoverva_va_locator_facility_list,2026-05-05T16:33:37+00:00,https://discover.va.gov/va-locator-facility-list/,https://www.va.gov/lincoln-vet-center/,40.81219143,-96.605997
vc_0826MVC,Escanaba Mobile Vet Center,vet_center,,12,0826MVC,derived,review_pending,discoverva_va_locator_facility_list,2026-05-05T16:33:37+00:00,https://discover.va.gov/va-locator-facility-list/,https://www.va.gov/escanaba-vet-center/,45.74767297,-87.09020979
vc_0827MVC,Boise Mobile Vet Center,vet_center,,20,0827MVC,derived,review_pending,discoverva_va_locator_facility_list,2026-05-05T16:33:37+00:00,https://discover.va.gov/va-locator-facility-list/,https://www.va.gov/boise-vet-center/,43.591374,-116.212113
vc_0828MVC,Tacoma Mobile Vet Center,vet_center,,20,0828MVC,derived,review_pending,discoverva_va_locator_facility_list,2026-05-05T16:33:37+00:00,https://discover.va.gov/va-locator-facility-list/,https://www.va.gov/tacoma-vet-center/,47.233485,-122.503599
vc_0829MVC,Billings Mobile Vet Center,vet_center,,19,0829MVC,derived,review_pending,discoverva_va_locator_facility_list,2026-05-05T16:33:37+00:00,https://discover.va.gov/va-locator-facility-list/,https://www.va.gov/billings-vet-center/,45.75022718,-108.58544855
vc_0830MVC,Spokane Mobile Vet Center,vet_center,,20,0830MVC,derived,review_pending,discoverva_va_locator_facility_list,2026-05-05T16:33:37+00:00,https://discover.va.gov/va-locator-facility-list/,https://www.va.gov/spokane-vet-center/,47.686707,-117.226638
vc_0831MVC,Salt Lake City Mobile Vet Center,vet_center,,19,0831MVC,derived,review_pending,discoverva_va_locator_facility_list,2026-05-05T16:33:37+00:00,https://discover.va.gov/va-locator-facility-list/,https://www.va.gov/salt-lake-city-vet-center/,30.24280855,-97.73623817
vc_0832MVC,Hopi Mobile Vet Center,vet_center,,22,0832MVC,derived,review_pending,discoverva_va_locator_facility_list,2026-05-05T16:33:37+00:00,https://discover.va.gov/va-locator-facility-list/,https://www.va.gov/farmington-vet-center/,36.16030057,-110.65669283
vc_0833MVC,Prescott Mobile Vet Center,vet_center,,22,0833MVC,derived,review_pending,discoverva_va_locator_facility_list,2026-05-05T16:33:37+00:00,https://discover.va.gov/va-locator-facility-list/,https://www.va.gov/prescott-vet-center/,34.47864535,-114.34005646
vc_0834MVC,Casper Mobile Vet Center,vet_center,,19,0834MVC,derived,review_pending,discoverva_va_locator_facility_list,2026-05-05T16:33:37+00:00,https://discover.va.gov/va-locator-facility-list/,https://www.va.gov/casper-vet-center/,42.86152988,-106.33266969
vc_0835MVC,Santa Fe Mobile Vet Center,vet_center,,22,0835MVC,derived,review_pending,discoverva_va_locator_facility_list,2026-05-05T16:33:37+00:00,https://discover.va.gov/va-locator-facility-list/,https://www.va.gov/santa-fe-vet-center/,35.6506367,-105.9525122
vc_0836MVC,Pueblo Mobile Vet Center,vet_center,,19,0836MVC,derived,review_pending,discoverva_va_locator_facility_list,2026-05-05T16:33:37+00:00,https://discover.va.gov/va-locator-facility-list/,https://www.va.gov/pueblo-vet-center/,38.313036,-104.6275155
vc_0837MVC,Missoula Mobile Vet Center,vet_center,,19,0837MVC,derived,review_pending,discoverva_va_locator_facility_list,2026-05-05T16:33:37+00:00,https://discover.va.gov/va-locator-facility-list/,https://www.va.gov/missoula-vet-center/,46.85553,-114.007473
vc_0838MVC,Las Cruces Mobile Vet Center,vet_center,,17,0838MVC,derived,review_pending,discoverva_va_locator_facility_list,2026-05-05T16:33:37+00:00,https://discover.va.gov/va-locator-facility-list/,https://www.va.gov/las-cruces-vet-center/,32.34704499,-106.76421894
vc_0839MVC,Corona Mobile Vet Center,vet_center,,22,0839MVC,derived,review_pending,discoverva_va_locator_facility_list,2026-05-05T16:33:37+00:00,https://discover.va.gov/va-locator-facility-list/,https://www.va.gov/corona-vet-center/,33.85976421,-117.55276351
vc_0840MVC,Salem Mobile Vet Center,vet_center,,20,0840MVC,derived,review_pending,discoverva_va_locator_facility_list,2026-05-05T16:33:37+00:00,https://discover.va.gov/va-locator-facility-list/,https://www.va.gov/salem-vet-center/,44.96139,-123.014871
vc_0841MVC,Bakersfield Mobile Vet Center,vet_center,,22,0841MVC,derived,review_pending,discoverva_va_locator_facility_list,2026-05-05T16:33:37+00:00,https://discover.va.gov/va-locator-facility-list/,https://www.va.gov/bakersfield-vet-center/,35.3841847,-119.01394501
vc_0842MVC,Santa Cruz County Mobile Vet Center,vet_center,,21,0842MVC,derived,review_pending,discoverva_va_locator_facility_list,2026-05-05T16:33:37+00:00,https://discover.va.gov/va-locator-facility-list/,https://www.va.gov/santa-cruz-county-vet-center/,36.970596,-121.9641795
vc_0844MVC,Knoxville Mobile Vet Center,vet_center,,9,0844MVC,derived,review_pending,discoverva_va_locator_facility_list,2026-05-05T16:33:37+00:00,https://discover.va.gov/va-locator-facility-list/,https://www.va.gov/knoxville-vet-center/,35.92173479,-84.05078083
vc_0845MVC,Amarillo Mobile Vet Center,vet_center,,17,0845MVC,derived,review_pending,discoverva_va_locator_facility_list,2026-05-05T16:33:37+00:00,https://discover.va.gov/va-locator-facility-list/,https://www.va.gov/amarillo-vet-center/,35.18498425,-101.87938451
vc_0846MVC,Abilene Mobile Vet Center,vet_center,,17,0846MVC,derived,review_pending,discoverva_va_locator_facility_list,2026-05-05T16:33:37+00:00,https://discover.va.gov/va-locator-facility-list/,https://www.va.gov/abilene-vet-center/,32.45531709,-99.76635694
vc_0847MVC,New Orleans Mobile Vet Center,vet_center,,16,0847MVC,derived,review_pending,discoverva_va_locator_facility_list,2026-05-05T16:33:37+00:00,https://discover.va.gov/va-locator-facility-list/,https://www.va.gov/new-orleans-vet-center/,29.95098126,-90.07671684
vc_0848MVC,Memphis Mobile Vet Center,vet_center,,9,0848MVC,derived,review_pending,discoverva_va_locator_facility_list,2026-05-05T16:33:37+00:00,https://discover.va.gov/va-locator-facility-list/,https://www.va.gov/memphis-vet-center/,35.07347969,-89.9928976
vc_0849MVC,San Antonio Northwest Mobile Vet Center,vet_center,,17,0849MVC,derived,review_pending,discoverva_va_locator_facility_list,2026-05-05T16:33:37+00:00,https://discover.va.gov/va-locator-facility-list/,https://www.va.gov/san-antonio-northwest-vet-center/,29.53419424,-98.68223371
vc_0850MVC,Little Rock Mobile Vet Center,vet_center,,16,0850MVC,derived,review_pending,discoverva_va_locator_facility_list,2026-05-05T16:33:37+00:00,https://discover.va.gov/va-locator-facility-list/,https://www.va.gov/little-rock-vet-center/,34.749171,-92.3950845
vc_0851MVC,Kansas City Mobile Vet Center,vet_center,,15,0851MVC,derived,review_pending,discoverva_va_locator_facility_list,2026-05-05T16:33:37+00:00,https://discover.va.gov/va-locator-facility-list/,https://www.va.gov/kansas-city-vet-center/,39.038958,-94.5879075
vc_0852MVC,Indianapolis Mobile Vet Center,vet_center,,10,0852MVC,derived,review_pending,discoverva_va_locator_facility_list,2026-05-05T16:33:37+00:00,https://discover.va.gov/va-locator-facility-list/,https://www.va.gov/indianapolis-vet-center/,39.8987366,-86.24097446
vc_0853MVC,Evanston Mobile Vet Center,vet_center,,12,0853MVC,derived,review_pending,discoverva_va_locator_facility_list,2026-05-05T16:33:37+00:00,https://discover.va.gov/va-locator-facility-list/,https://www.va.gov/evanston-vet-center/,42.01940261,-87.69978349
vc_0854MVC,Cedar Rapids Mobile Vet Center,vet_center,,23,0854MVC,derived,review_pending,discoverva_va_locator_facility_list,2026-05-05T16:33:37+00:00,https://discover.va.gov/va-locator-facility-list/,https://www.va.gov/cedar-rapids-vet-center/,41.48991248,-90.44998352
vc_0855MVC,Pontiac Mobile Vet Center,vet_center,,10,0855MVC,derived,review_pending,discoverva_va_locator_facility_list,2026-05-05T16:33:37+00:00,https://discover.va.gov/va-locator-facility-list/,https://www.va.gov/pontiac-vet-center/,42.614451,-83.272545
vc_0856MVC,Green Bay Mobile Vet Center,vet_center,,12,0856MVC,derived,review_pending,discoverva_va_locator_facility_list,2026-05-05T16:33:37+00:00,https://discover.va.gov/va-locator-facility-list/,https://www.va.gov/green-bay-vet-center/,44.500671,-88.039521
vc_0857MVC,Secaucus Mobile Vet Center,vet_center,,2,0857MVC,derived,review_pending,discoverva_va_locator_facility_list,2026-05-05T16:33:37+00:00,https://discover.va.gov/va-locator-facility-list/,https://www.va.gov/secaucus-vet-center/,40.91131465,-73.99790926
vc_0858MVC,Baltimore Mobile Vet Center,vet_center,,5,0858MVC,derived,review_pending,discoverva_va_locator_facility_list,2026-05-05T16:33:37+00:00,https://discover.va.gov/va-locator-facility-list/,https://www.va.gov/baltimore-vet-center/,34.76528855,-77.38704299
vc_0859MVC,Stark County Mobile Vet Center,vet_center,,10,0859MVC,derived,review_pending,discoverva_va_locator_facility_list,2026-05-05T16:33:37+00:00,https://discover.va.gov/va-locator-facility-list/,https://www.va.gov/stark-county-vet-center/,40.793053,-81.37667329
vc_0860MVC,Lawrenceville Mobile Vet Center,vet_center,,7,0860MVC,derived,review_pending,discoverva_va_locator_facility_list,2026-05-05T16:33:37+00:00,https://discover.va.gov/va-locator-facility-list/,https://www.va.gov/atlanta-vet-center/,33.96987722,-84.03148599
vc_0861MVC,Greensboro Mobile Vet Center,vet_center,,6,0861MVC,derived,review_pending,discoverva_va_locator_facility_list,2026-05-05T16:33:37+00:00,https://discover.va.gov/va-locator-facility-list/,https://www.va.gov/ponce-vet-center/,36.07370203,-79.84624007
vc_0862MVC,Savannah Mobile Vet Center,vet_center,,6,0862MVC,derived,review_pending,discoverva_va_locator_facility_list,2026-05-05T16:33:37+00:00,https://discover.va.gov/va-locator-facility-list/,https://www.va.gov/greensboro-vet-center/,32.004603,-81.10778505
vc_0863MVC,Jackson Mobile Vet Center,vet_center,,16,0863MVC,derived,review_pending,discoverva_va_locator_facility_list,2026-05-05T16:33:37+00:00,https://discover.va.gov/va-locator-facility-list/,https://www.va.gov/jackson-vet-center/,32.332608,-90.14301
vc_0864MVC,Clermont Mobile Vet Center,vet_center,,8,0864MVC,derived,review_pending,discoverva_va_locator_facility_list,2026-05-05T16:33:37+00:00,https://discover.va.gov/va-locator-facility-list/,https://www.va.gov/clermont-vet-center/,28.545174,-81.7258455
vc_0865MVC,Lawton Mobile Vet Center,vet_center,,19,0865MVC,derived,review_pending,discoverva_va_locator_facility_list,2026-05-05T16:33:37+00:00,https://discover.va.gov/va-locator-facility-list/,https://www.va.gov/lawton-vet-center/,34.60520149,-98.40441184
vc_0866MVC,Birmingham Mobile Vet Center,vet_center,,7,0866MVC,derived,review_pending,discoverva_va_locator_facility_list,2026-05-05T16:33:37+00:00,https://discover.va.gov/va-locator-facility-list/,https://www.va.gov/birmingham-vet-center/,33.350859,-86.84262
vc_0867MVC,Reno Mobile Vet Center,vet_center,,21,0867MVC,derived,review_pending,discoverva_va_locator_facility_list,2026-05-05T16:33:37+00:00,https://discover.va.gov/va-locator-facility-list/,https://www.va.gov/reno-vet-center/,39.51178031,-119.74528274
vc_0868MVC,Saint George Mobile Vet Center,vet_center,,19,0868MVC,derived,review_pending,discoverva_va_locator_facility_list,2026-05-05T16:33:37+00:00,https://discover.va.gov/va-locator-facility-list/,https://www.va.gov/saint-george-vet-center/,37.080009,-113.6050875
vc_0869MVC,South Orange County Mobile Vet Center,vet_center,,22,0869MVC,derived,review_pending,discoverva_va_locator_facility_list,2026-05-05T16:33:37+00:00,https://discover.va.gov/va-locator-facility-list/,https://www.va.gov/south-orange-county-vet-center/,33.564924,-117.6593715
vc_0870MVC,Western Oahu Mobile Vet Center,vet_center,,21,0870MVC,derived,review_pending,discoverva_va_locator_facility_list,2026-05-05T16:33:37+00:00,https://discover.va.gov/va-locator-facility-list/,https://www.va.gov/western-oahu-vet-center/,21.3327,-158.082543
vc_0871MVC,Grants Pass Mobile Vet Center,vet_center,,20,0871MVC,derived,review_pending,discoverva_va_locator_facility_list,2026-05-05T16:33:37+00:00,https://discover.va.gov/va-locator-facility-list/,https://www.va.gov/grants-pass-vet-center/,42.452532,-123.32097
vc_0872MVC,Evansville Mobile Vet Center,vet_center,,15,0872MVC,derived,review_pending,discoverva_va_locator_facility_list,2026-05-05T16:33:37+00:00,https://discover.va.gov/va-locator-facility-list/,https://www.va.gov/evansville-vet-center/,37.98667498,-87.47408222
vc_0873MVC,Rochester Mobile Vet Center,vet_center,,2,0873MVC,derived,review_pending,discoverva_va_locator_facility_list,2026-05-05T16:33:37+00:00,https://discover.va.gov/va-locator-facility-list/,https://www.va.gov/rochester-vet-center/,43.105689,-77.574564
vc_0874MVC,Sussex County Mobile Vet Center,vet_center,,4,0874MVC,derived,review_pending,discoverva_va_locator_facility_list,2026-05-05T16:33:37+00:00,https://discover.va.gov/va-locator-facility-list/,https://www.va.gov/sussex-county-vet-center/,38.68955,-75.386475
vc_0875MVC,Columbia Mobile Vet Center,vet_center,,15,0875MVC,derived,review_pending,discoverva_va_locator_facility_list,2026-05-05T16:33:37+00:00,https://discover.va.gov/va-locator-facility-list/,https://www.va.gov/columbia-mo-vet-center/,38.94752081,-92.30164634
vc_0876MVC,Roanoke Mobile Vet Center,vet_center,,6,0876MVC,derived,review_pending,discoverva_va_locator_facility_list,2026-05-05T16:33:37+00:00,https://discover.va.gov/va-locator-facility-list/,https://www.va.gov/dubois-vet-center/,37.26102671,-79.94696173
vc_0877MVC,Shreveport Mobile Vet Center,vet_center,,16,0877MVC,derived,review_pending,discoverva_va_locator_facility_list,2026-05-05T16:33:37+00:00,https://discover.va.gov/va-locator-facility-list/,https://www.va.gov/shreveport-vet-center/,32.48747943,-93.70527789
vc_0879MVC,McAllen Mobile Vet Center,vet_center,,17,0879MVC,derived,review_pending,discoverva_va_locator_facility_list,2026-05-05T16:33:37+00:00,https://discover.va.gov/va-locator-facility-list/,https://www.va.gov/mcallen-vet-center/,26.1838524,-98.20822207
vc_0880MVC,Sacramento Mobile Vet Center,vet_center,,21,0880MVC,derived,review_pending,discoverva_va_locator_facility_list,2026-05-05T16:33:37+00:00,https://discover.va.gov/va-locator-facility-list/,https://www.va.gov/sacramento-vet-center/,38.586177,-121.41612
vc_0881MVC,Fort Collins Mobile Vet Center,vet_center,,19,0881MVC,derived,review_pending,discoverva_va_locator_facility_list,2026-05-05T16:33:37+00:00,https://discover.va.gov/va-locator-facility-list/,https://www.va.gov/fort-collins-vet-center/,40.553109,-105.0891075
vc_0882MVC,Chinle Mobile Vet Center,vet_center,,22,0882MVC,derived,review_pending,discoverva_va_locator_facility_list,2026-05-05T16:33:37+00:00,https://discover.va.gov/va-locator-facility-list/,https://www.va.gov/farmington-vet-center/,36.2865819,-109.6037324
vc_0883MVC,San Marcos Mobile Vet Center,vet_center,,22,0883MVC,derived,review_pending,discoverva_va_locator_facility_list,2026-05-05T16:33:37+00:00,https://discover.va.gov/va-locator-facility-list/,https://www.va.gov/san-marcos-vet-center/,33.14086804,-117.1588296
vc_0885MVC,Tucson Mobile Vet Center,vet_center,,22,0885MVC,derived,review_pending,discoverva_va_locator_facility_list,2026-05-05T16:33:37+00:00,https://discover.va.gov/va-locator-facility-list/,https://www.va.gov/yuma-vet-center/,32.22169651,-110.93463571
vc_0886MVC,Henderson Mobile Vet Center,vet_center,,21,0886MVC,derived,review_pending,discoverva_va_locator_facility_list,2026-05-05T16:33:37+00:00,https://discover.va.gov/va-locator-facility-list/,https://www.va.gov/henderson-vet-center/,36.057393,-115.044066
vc_1081OS,Newington Vet Center Outstation,vet_center,,1,1081OS,derived,review_pending,discoverva_va_locator_facility_list,2026-05-05T16:33:37+00:00,https://discover.va.gov/va-locator-facility-list/,https://www.va.gov/manchester-vet-center/locations/#newington-vet-center-outstatio,43.08378043,-70.78008934
vc_1221OS,Keene Vet Center Outstation,vet_center,,1,1221OS,derived,review_pending,discoverva_va_locator_facility_list,2026-05-05T16:33:37+00:00,https://discover.va.gov/va-locator-facility-list/,https://www.va.gov/white-river-junction-vet-center/locations/#keene-vet-center-outstation,42.91535485,-72.24984697
vc_2081OS,Parkersburg Vet Center Outstation,vet_center,,5,2081OS,derived,review_pending,discoverva_va_locator_facility_list,2026-05-05T16:33:37+00:00,https://discover.va.gov/va-locator-facility-list/,https://www.va.gov/huntington-vet-center/locations/#parkersburg-vet-center-outstat,39.28193568,-81.55006974
vc_2091OS,Salisbury Vet Center Outstation,vet_center,,5,2091OS,derived,review_pending,discoverva_va_locator_facility_list,2026-05-05T16:33:37+00:00,https://discover.va.gov/va-locator-facility-list/,https://www.va.gov/elkton-vet-center/locations/#salisbury-vet-center-outstatio,38.34733239,-75.58189688
vc_2092OS,Aberdeen Vet Center Outstation,vet_center,,5,2092OS,derived,review_pending,discoverva_va_locator_facility_list,2026-05-05T16:33:37+00:00,https://discover.va.gov/va-locator-facility-list/,https://www.va.gov/elkton-vet-center/locations/#aberdeen-vet-center-outstation,39.51098605,-76.16802379
vc_2241OS,Leesburg Vet Center Outstation,vet_center,,5,2241OS,derived,review_pending,discoverva_va_locator_facility_list,2026-05-05T16:33:37+00:00,https://discover.va.gov/va-locator-facility-list/,https://www.va.gov/martinsburg-vet-center/locations/#leesburg-vet-center-outstation,39.08277,-77.5566765
vc_3081OS,St. Croix Vet Center Outstation,vet_center,,8,3081OS,derived,review_pending,discoverva_va_locator_facility_list,2026-05-05T16:33:37+00:00,https://discover.va.gov/va-locator-facility-list/,https://www.va.gov/us-virgin-islands-vet-center/locations/#st-croix-vet-center-outstation,17.724854,-64.79306
vc_3271OS,Spindale Vet Center Outstation,vet_center,,6,3271OS,derived,review_pending,discoverva_va_locator_facility_list,2026-05-05T16:33:37+00:00,https://discover.va.gov/va-locator-facility-list/,https://www.va.gov/greensboro-vet-center/locations/#spindale-vet-center-outstation,35.34864091,-81.9067372
vc_4061OS,Grand Forks Vet Center Outstation,vet_center,,23,4061OS,derived,review_pending,discoverva_va_locator_facility_list,2026-05-05T16:33:37+00:00,https://discover.va.gov/va-locator-facility-list/,https://www.va.gov/fargo-vet-center/locations/#grand-forks-vet-center-outstat,47.88943178,-97.0711449
vc_4421OS,Wausau Vet Center Outstation,vet_center,,12,4421OS,derived,review_pending,discoverva_va_locator_facility_list,2026-05-05T16:33:37+00:00,https://discover.va.gov/va-locator-facility-list/,https://www.va.gov/la-crosse-vet-center/locations/#wausau-vet-center-outstation,44.956647,-89.664228
vc_5021OS,Kenai Vet Center Outstation,vet_center,,20,5021OS,derived,review_pending,discoverva_va_locator_facility_list,2026-05-05T16:33:37+00:00,https://discover.va.gov/va-locator-facility-list/,https://www.va.gov/anchorage-vet-center/locations/#kenai-vet-center-outstation,60.49406363,-151.15939531
vc_5081OS,Lacey Vet Center Outstation,vet_center,,20,5081OS,derived,review_pending,discoverva_va_locator_facility_list,2026-05-05T16:33:37+00:00,https://discover.va.gov/va-locator-facility-list/,https://www.va.gov/tacoma-vet-center/locations/#lacey-vet-center-outstation,47.04333553,-122.8289265
vc_5141OS,Major Brent Taylor Vet Center Outstation,vet_center,,19,5141OS,derived,review_pending,discoverva_va_locator_facility_list,2026-05-05T16:33:37+00:00,https://discover.va.gov/va-locator-facility-list/,https://www.va.gov/salt-lake-city-vet-center/locations/#major-brent-taylor-vet-center-,41.1548537,-111.93795499
vc_5161OS,Navajo Vet Center Outstation,vet_center,,22,5161OS,derived,review_pending,discoverva_va_locator_facility_list,2026-05-05T16:33:37+00:00,https://discover.va.gov/va-locator-facility-list/,https://www.va.gov/farmington-vet-center/locations/#navajo-vet-center-outstation,35.65962958,-109.0427002
vc_5162OS,Hopi Vet Center Outstation,vet_center,,22,5162OS,derived,review_pending,discoverva_va_locator_facility_list,2026-05-05T16:33:37+00:00,https://discover.va.gov/va-locator-facility-list/,https://www.va.gov/farmington-vet-center/locations/#hopi-vet-center-outstation,35.65962958,-109.0427002
vc_5381OS,Helena Vet Center Outstation,vet_center,,19,5381OS,derived,review_pending,discoverva_va_locator_facility_list,2026-05-05T16:33:37+00:00,https://discover.va.gov/va-locator-facility-list/,https://www.va.gov/great-falls-vet-center/locations/#helena-vet-center-outstation,46.607454,-112.018473
vc_6021OS,Solano County Vet Center Outstation,vet_center,,21,6021OS,derived,review_pending,discoverva_va_locator_facility_list,2026-05-05T16:33:37+00:00,https://discover.va.gov/va-locator-facility-list/,https://www.va.gov/concord-vet-center/locations/#solano-county-vet-center-outst,38.230442,-122.124008
vha_402,Togus VA Medical Center,va_health_facility,VA Medical Center (VAMC),1,402,derived,review_pending,discoverva_va_locator_facility_list,2026-05-05T16:33:37+00:00,https://discover.va.gov/va-locator-facility-list/,https://www.va.gov/maine-health-care/locations/togus-va-medical-center/,44.28015112,-69.70422198
vha_402GA,Presque Isle VA Clinic,va_health_facility,Primary Care CBOC,1,402GA,derived,review_pending,discoverva_va_locator_facility_list,2026-05-05T16:33:37+00:00,https://discover.va.gov/va-locator-facility-list/,https://www.va.gov/maine-health-care/locations/presque-isle-va-clinic/,46.69351674,-68.01218022
vha_402GB,Calais VA Clinic,va_health_facility,Primary Care CBOC,1,402GB,derived,review_pending,discoverva_va_locator_facility_list,2026-05-05T16:33:37+00:00,https://discover.va.gov/va-locator-facility-list/,https://www.va.gov/maine-health-care/locations/calais-va-clinic/,45.18945455,-67.28073026
vha_402GC,Rumford VA Clinic,va_health_facility,Other Outpatient Services (OOS),1,402GC,derived,review_pending,discoverva_va_locator_facility_list,2026-05-05T16:33:37+00:00,https://discover.va.gov/va-locator-facility-list/,https://www.va.gov/maine-health-care/locations/rumford-va-clinic/,44.54592751,-70.54347928
vha_402GE,Lewiston VA Clinic,va_health_facility,Multi-Specialty CBOC,1,402GE,derived,review_pending,discoverva_va_locator_facility_list,2026-05-05T16:33:37+00:00,https://discover.va.gov/va-locator-facility-list/,https://www.va.gov/maine-health-care/locations/lewiston-va-clinic/,44.07025478,-70.19023411
vha_402GF,Lincoln VA Clinic,va_health_facility,Other Outpatient Services (OOS),1,402GF,derived,review_pending,discoverva_va_locator_facility_list,2026-05-05T16:33:37+00:00,https://discover.va.gov/va-locator-facility-list/,https://www.va.gov/maine-health-care/locations/lincoln-va-clinic/,45.35716924,-68.54049377
vha_402HB,Bangor VA Clinic,va_health_facility,Multi-Specialty CBOC,1,402HB,derived,review_pending,discoverva_va_locator_facility_list,2026-05-05T16:33:37+00:00,https://discover.va.gov/va-locator-facility-list/,https://www.va.gov/maine-health-care/locations/bangor-va-clinic/,44.81340143,-68.74112085
vha_402HC,Portland VA Clinic,va_health_facility,Multi-Specialty CBOC,1,402HC,derived,review_pending,discoverva_va_locator_facility_list,2026-05-05T16:33:37+00:00,https://discover.va.gov/va-locator-facility-list/,https://www.va.gov/maine-health-care/locations/portland-va-clinic/,43.64398058,-70.26936354
vha_402QA,Fort Kent VA Clinic,va_health_facility,Other Outpatient Services (OOS),1,402QA,derived,review_pending,discoverva_va_locator_facility_list,2026-05-05T16:33:37+00:00,https://discover.va.gov/va-locator-facility-list/,https://www.va.gov/maine-health-care/locations/fort-kent-va-clinic/,47.26561322,-68.59126288
vha_402QB,Houlton VA Clinic,va_health_facility,Other Outpatient Services (OOS),1,402QB,derived,review_pending,discoverva_va_locator_facility_list,2026-05-05T16:33:37+00:00,https://discover.va.gov/va-locator-facility-list/,https://www.va.gov/maine-health-care/locations/houlton-va-clinic/,46.13316994,-67.84254698
vha_405,White River Junction VA Medical Center,va_health_facility,VA Medical Center (VAMC),1,405,derived,review_pending,discoverva_va_locator_facility_list,2026-05-05T16:33:37+00:00,https://discover.va.gov/va-locator-facility-list/,https://www.va.gov/white-river-junction-health-care/locations/white-river-junction-va-medical-center/,43.64790103,-72.34237298
vha_405GA,Bennington VA Clinic,va_health_facility,Primary Care CBOC,1,405GA,derived,review_pending,discoverva_va_locator_facility_list,2026-05-05T16:33:37+00:00,https://discover.va.gov/va-locator-facility-list/,https://www.va.gov/white-river-junction-health-care/locations/bennington-va-clinic/,42.88040153,-73.19706542
vha_405GC,Brattleboro VA Clinic,va_health_facility,Primary Care CBOC,1,405GC,derived,review_pending,discoverva_va_locator_facility_list,2026-05-05T16:33:37+00:00,https://discover.va.gov/va-locator-facility-list/,https://www.va.gov/white-river-junction-health-care/locations/brattleboro-va-clinic/,42.83032368,-72.56765629
vha_405HA,Burlington Lakeside VA Clinic,va_health_facility,Multi-Specialty CBOC,1,405HA,derived,review_pending,discoverva_va_locator_facility_list,2026-05-05T16:33:37+00:00,https://discover.va.gov/va-locator-facility-list/,https://www.va.gov/white-river-junction-health-care/locations/burlington-lakeside-va-clinic/,44.46153,-73.21752
vha_405HC,Littleton VA Clinic,va_health_facility,Primary Care CBOC,1,405HC,derived,review_pending,discoverva_va_locator_facility_list,2026-05-05T16:33:37+00:00,https://discover.va.gov/va-locator-facility-list/,https://www.va.gov/white-river-junction-health-care/locations/littleton-va-clinic/,44.2990238,-71.76870552
vha_405HE,Keene VA Clinic,va_health_facility,Primary Care CBOC,1,405HE,derived,review_pending,discoverva_va_locator_facility_list,2026-05-05T16:33:37+00:00,https://discover.va.gov/va-locator-facility-list/,https://www.va.gov/white-river-junction-health-care/locations/keene-va-clinic/,42.91532514,-72.24983736
vha_405HF,Rutland VA Clinic,va_health_facility,Primary Care CBOC,1,405HF,derived,review_pending,discoverva_va_locator_facility_list,2026-05-05T16:33:37+00:00,https://discover.va.gov/va-locator-facility-list/,https://www.va.gov/white-river-junction-health-care/locations/rutland-va-clinic/,43.60711681,-72.98562437
vha_405QB,Newport VA Clinic,va_health_facility,Primary Care CBOC,1,405QB,derived,review_pending,discoverva_va_locator_facility_list,2026-05-05T16:33:37+00:00,https://discover.va.gov/va-locator-facility-list/,https://www.va.gov/white-river-junction-health-care/locations/newport-va-clinic/,44.93220871,-72.18091902
vha_436,Fort Harrison VA Medical Center,va_health_facility,VA Medical Center (VAMC),19,436,derived,review_pending,discoverva_va_locator_facility_list,2026-05-05T16:33:37+00:00,https://discover.va.gov/va-locator-facility-list/,https://www.va.gov/montana-health-care/locations/fort-harrison-va-medical-center/,46.61764177,-112.10185031
vha_436A4,Miles City VA Community Living Center,va_health_facility,Extended Care Site (Community Living Center) (Stand-Alone),19,,not_available,review_pending,discoverva_va_locator_facility_list,2026-05-05T16:33:37+00:00,https://discover.va.gov/va-locator-facility-list/,https://www.va.gov/montana-health-care/locations/miles-city-va-community-living-center/,46.40603425,-105.83049169
vha_436GB,Great Falls VA Clinic,va_health_facility,Multi-Specialty CBOC,19,436GB,derived,review_pending,discoverva_va_locator_facility_list,2026-05-05T16:33:37+00:00,https://discover.va.gov/va-locator-facility-list/,https://www.va.gov/montana-health-care/locations/great-falls-va-clinic/,47.49046166,-111.25737168
vha_436GC,David J. Thatcher VA Clinic,va_health_facility,Multi-Specialty CBOC,19,436GC,derived,review_pending,discoverva_va_locator_facility_list,2026-05-05T16:33:37+00:00,https://discover.va.gov/va-locator-facility-list/,https://www.va.gov/montana-health-care/locations/david-j-thatcher-va-clinic/,46.9087426,-114.05860706
vha_436GD,Travis W. Atkins Department of Veterans Affairs Clinic,va_health_facility,Primary Care CBOC,19,436GD,derived,review_pending,discoverva_va_locator_facility_list,2026-05-05T16:33:37+00:00,https://discover.va.gov/va-locator-facility-list/,https://www.va.gov/montana-health-care/locations/travis-w-atkins-department-of-veterans-affairs-clinic/,45.67909751,-111.02036382
vha_436GF,Kalispell VA Clinic,va_health_facility,Primary Care CBOC,19,436GF,derived,review_pending,discoverva_va_locator_facility_list,2026-05-05T16:33:37+00:00,https://discover.va.gov/va-locator-facility-list/,https://www.va.gov/montana-health-care/locations/kalispell-va-clinic/,48.21143953,-114.33079859
vha_436GH,Benjamin Charles Steele VA Clinic,va_health_facility,Health Care Center (HCC),19,436GH,derived,review_pending,discoverva_va_locator_facility_list,2026-05-05T16:33:37+00:00,https://discover.va.gov/va-locator-facility-list/,https://www.va.gov/montana-health-care/locations/benjamin-charles-steele-va-clinic/,45.73690147,-108.60357892
vha_436GI,Glasgow VA Clinic,va_health_facility,Other Outpatient Services (OOS),19,436GI,derived,review_pending,discoverva_va_locator_facility_list,2026-05-05T16:33:37+00:00,https://discover.va.gov/va-locator-facility-list/,https://www.va.gov/montana-health-care/locations/glasgow-va-clinic/,48.19486283,-106.63914282
vha_436GK,Glendive VA Clinic,va_health_facility,Other Outpatient Services (OOS),19,436GK,derived,review_pending,discoverva_va_locator_facility_list,2026-05-05T16:33:37+00:00,https://discover.va.gov/va-locator-facility-list/,https://www.va.gov/montana-health-care/locations/glendive-va-clinic/,47.12718984,-104.6892798
vha_436GL,Cut Bank VA Clinic,va_health_facility,Other Outpatient Services (OOS),19,436GL,derived,review_pending,discoverva_va_locator_facility_list,2026-05-05T16:33:37+00:00,https://discover.va.gov/va-locator-facility-list/,https://www.va.gov/montana-health-care/locations/cut-bank-va-clinic/,48.63472034,-112.33027799
vha_436GM,Lewistown VA Clinic,va_health_facility,Other Outpatient Services (OOS),19,436GM,derived,review_pending,discoverva_va_locator_facility_list,2026-05-05T16:33:37+00:00,https://discover.va.gov/va-locator-facility-list/,https://www.va.gov/montana-health-care/locations/lewistown-va-clinic/,47.07012248,-109.40856286
vha_436GN,Dr. Joseph Medicine Crow VA Clinic,va_health_facility,Primary Care CBOC,19,436GN,derived,review_pending,discoverva_va_locator_facility_list,2026-05-05T16:33:37+00:00,https://discover.va.gov/va-locator-facility-list/,https://www.va.gov/montana-health-care/locations/dr-joseph-medicine-crow-va-clinic/,45.73739956,-108.60616584
vha_436GO,Charlie Dowd VA Clinic,va_health_facility,Primary Care CBOC,19,436GO,derived,review_pending,discoverva_va_locator_facility_list,2026-05-05T16:33:37+00:00,https://discover.va.gov/va-locator-facility-list/,https://www.va.gov/montana-health-care/locations/charlie-dowd-va-clinic/,45.96202922,-112.47622669
vha_436HC,Merril Lundman Department of Veterans Affairs Outpatient Clinic,va_health_facility,Other Outpatient Services (OOS),19,436HC,derived,review_pending,discoverva_va_locator_facility_list,2026-05-05T16:33:37+00:00,https://discover.va.gov/va-locator-facility-list/,https://www.va.gov/montana-health-care/locations/merril-lundman-department-of-veterans-affairs-outpatient-clinic/,48.55688507,-109.71246614
vha_436QA,Hamilton VA Clinic,va_health_facility,Other Outpatient Services (OOS),19,436QA,derived,review_pending,discoverva_va_locator_facility_list,2026-05-05T16:33:37+00:00,https://discover.va.gov/va-locator-facility-list/,https://www.va.gov/montana-health-care/locations/hamilton-va-clinic/,46.25498454,-114.1441785
vha_436QB,Plentywood VA Clinic,va_health_facility,Other Outpatient Services (OOS),19,436QB,derived,review_pending,discoverva_va_locator_facility_list,2026-05-05T16:33:37+00:00,https://discover.va.gov/va-locator-facility-list/,https://www.va.gov/montana-health-care/locations/plentywood-va-clinic/,48.7787115,-104.56325156
vha_436QC,Helena VA Clinic,va_health_facility,Other Outpatient Services (OOS),19,436QC,derived,review_pending,discoverva_va_locator_facility_list,2026-05-05T16:33:37+00:00,https://discover.va.gov/va-locator-facility-list/,https://www.va.gov/montana-health-care/locations/helena-va-clinic/,46.56974275,-111.97147889
vha_436QD,Browning VA Clinic,va_health_facility,Other Outpatient Services (OOS),19,436QD,derived,review_pending,discoverva_va_locator_facility_list,2026-05-05T16:33:37+00:00,https://discover.va.gov/va-locator-facility-list/,https://www.va.gov/montana-health-care/locations/browning-va-clinic/,48.57235992,-113.02619154
vha_436QE,Miles City VA Clinic,va_health_facility,Other Outpatient Services (OOS),19,436QE,derived,review_pending,discoverva_va_locator_facility_list,2026-05-05T16:33:37+00:00,https://discover.va.gov/va-locator-facility-list/,https://www.va.gov/montana-health-care/locations/miles-city-va-clinic/,46.40498975,-105.82258015
vha_437,Fargo VA Medical Center,va_health_facility,VA Medical Center (VAMC),23,437,derived,review_pending,discoverva_va_locator_facility_list,2026-05-05T16:33:37+00:00,https://discover.va.gov/va-locator-facility-list/,https://www.va.gov/fargo-health-care/locations/fargo-va-medical-center/,46.906092,-96.775038
vha_437GA,Grafton VA Clinic,va_health_facility,Other Outpatient Services (OOS),23,437GA,derived,review_pending,discoverva_va_locator_facility_list,2026-05-05T16:33:37+00:00,https://discover.va.gov/va-locator-facility-list/,https://www.va.gov/fargo-health-care/locations/grafton-va-clinic/,48.41349844,-97.42072496
vha_437GB,Bismarck VA Clinic,va_health_facility,Primary Care CBOC,23,437GB,derived,review_pending,discoverva_va_locator_facility_list,2026-05-05T16:33:37+00:00,https://discover.va.gov/va-locator-facility-list/,https://www.va.gov/fargo-health-care/locations/bismarck-va-clinic/,46.835343,-100.776357
vha_437GC,Fergus Falls VA Clinic,va_health_facility,Primary Care CBOC,23,437GC,derived,review_pending,discoverva_va_locator_facility_list,2026-05-05T16:33:37+00:00,https://discover.va.gov/va-locator-facility-list/,https://www.va.gov/fargo-health-care/locations/fergus-falls-va-clinic/,46.302552,-96.07622075
vha_437GD,Minot VA Clinic,va_health_facility,Primary Care CBOC,23,437GD,derived,review_pending,discoverva_va_locator_facility_list,2026-05-05T16:33:37+00:00,https://discover.va.gov/va-locator-facility-list/,https://www.va.gov/fargo-health-care/locations/minot-va-clinic/,48.1991793,-101.2961778
vha_437GE,Bemidji VA Clinic,va_health_facility,Primary Care CBOC,23,437GE,derived,review_pending,discoverva_va_locator_facility_list,2026-05-05T16:33:37+00:00,https://discover.va.gov/va-locator-facility-list/,https://www.va.gov/fargo-health-care/locations/bemidji-va-clinic/,47.50505751,-94.896333
vha_437GF,Williston VA Clinic,va_health_facility,Primary Care CBOC,23,437GF,derived,review_pending,discoverva_va_locator_facility_list,2026-05-05T16:33:37+00:00,https://discover.va.gov/va-locator-facility-list/,https://www.va.gov/fargo-health-care/locations/williston-va-clinic/,48.15973636,-103.64671491
vha_437GI,Grand Forks VA Clinic,va_health_facility,Primary Care CBOC,23,437GI,derived,review_pending,discoverva_va_locator_facility_list,2026-05-05T16:33:37+00:00,https://discover.va.gov/va-locator-facility-list/,https://www.va.gov/fargo-health-care/locations/grand-forks-va-clinic/,47.88943882,-97.07463282
vha_437GJ,Dickinson VA Clinic,va_health_facility,Other Outpatient Services (OOS),23,437GJ,derived,review_pending,discoverva_va_locator_facility_list,2026-05-05T16:33:37+00:00,https://discover.va.gov/va-locator-facility-list/,https://www.va.gov/fargo-health-care/locations/dickinson-va-clinic/,46.89912043,-102.79813071
vha_437GK,Jamestown VA Clinic,va_health_facility,Primary Care CBOC,23,437GK,derived,review_pending,discoverva_va_locator_facility_list,2026-05-05T16:33:37+00:00,https://discover.va.gov/va-locator-facility-list/,https://www.va.gov/fargo-health-care/locations/jamestown-va-clinic/,46.88806539,-98.74955431
vha_437GL,Devils Lake VA Clinic,va_health_facility,Other Outpatient Services (OOS),23,437GL,derived,review_pending,discoverva_va_locator_facility_list,2026-05-05T16:33:37+00:00,https://discover.va.gov/va-locator-facility-list/,https://www.va.gov/fargo-health-care/locations/devils-lake-va-clinic/,48.1148749,-98.85028199
vha_437QA,North Fargo VA Clinic,va_health_facility,Primary Care CBOC,23,437QA,derived,review_pending,discoverva_va_locator_facility_list,2026-05-05T16:33:37+00:00,https://discover.va.gov/va-locator-facility-list/,https://www.va.gov/fargo-health-care/locations/north-fargo-va-clinic/,46.877562,-96.792354
vha_438,Royal C. Johnson Veterans' Memorial Hospital,va_health_facility,VA Medical Center (VAMC),23,438,derived,review_pending,discoverva_va_locator_facility_list,2026-05-05T16:33:37+00:00,https://discover.va.gov/va-locator-facility-list/,https://www.va.gov/sioux-falls-health-care/locations/royal-c-johnson-veterans-memorial-hospital/,43.531236,-96.757623
vha_438GA,Spirit Lake VA Clinic,va_health_facility,Primary Care CBOC,23,438GA,derived,review_pending,discoverva_va_locator_facility_list,2026-05-05T16:33:37+00:00,https://discover.va.gov/va-locator-facility-list/,https://www.va.gov/sioux-falls-health-care/locations/spirit-lake-va-clinic/,43.422528,-95.118839
vha_438GC,Sioux City VA Clinic,va_health_facility,Multi-Specialty CBOC,23,438GC,derived,review_pending,discoverva_va_locator_facility_list,2026-05-05T16:33:37+00:00,https://discover.va.gov/va-locator-facility-list/,https://www.va.gov/sioux-falls-health-care/locations/sioux-city-va-clinic/,42.50511713,-96.50015849
vha_438GD,Aberdeen VA Clinic,va_health_facility,Multi-Specialty CBOC,23,438GD,derived,review_pending,discoverva_va_locator_facility_list,2026-05-05T16:33:37+00:00,https://discover.va.gov/va-locator-facility-list/,https://www.va.gov/sioux-falls-health-care/locations/aberdeen-va-clinic/,45.45519877,-98.44104793
vha_438GE,Wagner VA Clinic,va_health_facility,Other Outpatient Services (OOS),23,438GE,derived,review_pending,discoverva_va_locator_facility_list,2026-05-05T16:33:37+00:00,https://discover.va.gov/va-locator-facility-list/,https://www.va.gov/sioux-falls-health-care/locations/wagner-va-clinic/,43.08175598,-98.2988536
vha_438GF,Watertown VA Clinic,va_health_facility,Multi-Specialty CBOC,23,438GF,derived,review_pending,discoverva_va_locator_facility_list,2026-05-05T16:33:37+00:00,https://discover.va.gov/va-locator-facility-list/,https://www.va.gov/sioux-falls-health-care/locations/watertown-va-clinic/,44.89483836,-97.08619365
vha_442,Cheyenne VA Medical Center,va_health_facility,VA Medical Center (VAMC),19,442,derived,review_pending,discoverva_va_locator_facility_list,2026-05-05T16:33:37+00:00,https://discover.va.gov/va-locator-facility-list/,https://www.va.gov/cheyenne-health-care/locations/cheyenne-va-medical-center/,41.148027,-104.7862575
vha_442GB,Sidney VA Clinic,va_health_facility,Other Outpatient Services (OOS),19,442GB,derived,review_pending,discoverva_va_locator_facility_list,2026-05-05T16:33:37+00:00,https://discover.va.gov/va-locator-facility-list/,https://www.va.gov/cheyenne-health-care/locations/sidney-va-clinic/,41.14246447,-102.97668841
vha_442GC,Fort Collins VA Clinic,va_health_facility,Primary Care CBOC,19,442GC,derived,review_pending,discoverva_va_locator_facility_list,2026-05-05T16:33:37+00:00,https://discover.va.gov/va-locator-facility-list/,https://www.va.gov/cheyenne-health-care/locations/fort-collins-va-clinic/,40.553874,-105.087951
vha_442GD,Loveland VA Clinic,va_health_facility,Other Outpatient Services (OOS),19,442GD,derived,review_pending,discoverva_va_locator_facility_list,2026-05-05T16:33:37+00:00,https://discover.va.gov/va-locator-facility-list/,https://www.va.gov/cheyenne-health-care/locations/loveland-va-clinic/,40.41264886,-105.00381796
vha_442GE,Northern Colorado VA Clinic,va_health_facility,Multi-Specialty CBOC,19,442GE,derived,review_pending,discoverva_va_locator_facility_list,2026-05-05T16:33:37+00:00,https://discover.va.gov/va-locator-facility-list/,https://www.va.gov/cheyenne-health-care/locations/northern-colorado-va-clinic/,40.44221848,-104.99592547
vha_442HK,Wheatland VA Mobile Clinic,va_health_facility,Other Outpatient Services (OOS),19,442HK,derived,review_pending,discoverva_va_locator_facility_list,2026-05-05T16:33:37+00:00,https://discover.va.gov/va-locator-facility-list/,https://www.va.gov/cheyenne-health-care/locations/wheatland-va-mobile-clinic/,42.04504008,-104.95078876
vha_442QA,Rawlins VA Clinic,va_health_facility,Other Outpatient Services (OOS),19,442QA,derived,review_pending,discoverva_va_locator_facility_list,2026-05-05T16:33:37+00:00,https://discover.va.gov/va-locator-facility-list/,https://www.va.gov/cheyenne-health-care/locations/rawlins-va-clinic/,41.79619439,-107.21781692
vha_442QB,Torrington VA Mobile Clinic,va_health_facility,Other Outpatient Services (OOS),19,442QB,derived,review_pending,discoverva_va_locator_facility_list,2026-05-05T16:33:37+00:00,https://discover.va.gov/va-locator-facility-list/,https://www.va.gov/cheyenne-health-care/locations/torrington-va-mobile-clinic/,42.06904995,-104.19576941
vha_442QD,Laramie VA Mobile Clinic,va_health_facility,Other Outpatient Services (OOS),19,442QD,derived,review_pending,discoverva_va_locator_facility_list,2026-05-05T16:33:37+00:00,https://discover.va.gov/va-locator-facility-list/,https://www.va.gov/cheyenne-health-care/locations/laramie-va-mobile-clinic/,41.31565884,-105.63067713
vha_442QG,Sterling VA Clinic,va_health_facility,Other Outpatient Services (OOS),19,442QG,derived,review_pending,discoverva_va_locator_facility_list,2026-05-05T16:33:37+00:00,https://discover.va.gov/va-locator-facility-list/,https://www.va.gov/cheyenne-health-care/locations/sterling-va-clinic/,40.63713848,-103.19749494
vha_459,Spark M. Matsunaga Department of Veterans Affairs Medical Center,va_health_facility,VA Medical Center (VAMC),21,459,derived,review_pending,discoverva_va_locator_facility_list,2026-05-05T16:33:37+00:00,https://discover.va.gov/va-locator-facility-list/,https://www.va.gov/pacific-islands-health-care/locations/spark-m-matsunaga-department-of-veterans-affairs-medical-center/,21.36125048,-157.88887764
vha_459GA,Maui VA Clinic,va_health_facility,Multi-Specialty CBOC,21,459GA,derived,review_pending,discoverva_va_locator_facility_list,2026-05-05T16:33:37+00:00,https://discover.va.gov/va-locator-facility-list/,https://www.va.gov/pacific-islands-health-care/locations/maui-va-clinic/,20.88709675,-156.46340901
vha_459GB,Hilo VA Clinic,va_health_facility,Primary Care CBOC,21,459GB,derived,review_pending,discoverva_va_locator_facility_list,2026-05-05T16:33:37+00:00,https://discover.va.gov/va-locator-facility-list/,https://www.va.gov/pacific-islands-health-care/locations/hilo-va-clinic/,19.71301886,-155.07827448
vha_459GC,Kailua-Kona VA Clinic,va_health_facility,Primary Care CBOC,21,459GC,derived,review_pending,discoverva_va_locator_facility_list,2026-05-05T16:33:37+00:00,https://discover.va.gov/va-locator-facility-list/,https://www.va.gov/pacific-islands-health-care/locations/kailua-kona-va-clinic/,19.68745386,-156.0155161
vha_459GD,Lihue VA Clinic,va_health_facility,Primary Care CBOC,21,459GD,derived,review_pending,discoverva_va_locator_facility_list,2026-05-05T16:33:37+00:00,https://discover.va.gov/va-locator-facility-list/,https://www.va.gov/pacific-islands-health-care/locations/lihue-va-clinic/,21.97028419,-159.38272854
vha_459GE,Guam VA Clinic,va_health_facility,Primary Care CBOC,21,459GE,derived,review_pending,discoverva_va_locator_facility_list,2026-05-05T16:33:37+00:00,https://discover.va.gov/va-locator-facility-list/,https://www.va.gov/pacific-islands-health-care/locations/guam-va-clinic/,13.47187435,144.7403903
vha_459GF,Faleomavaega Eni Fa'aua'a Hunkin VA Clinic,va_health_facility,Primary Care CBOC,21,459GF,derived,review_pending,discoverva_va_locator_facility_list,2026-05-05T16:33:37+00:00,https://discover.va.gov/va-locator-facility-list/,https://www.va.gov/pacific-islands-health-care/locations/faleomavaega-eni-faauaa-hunkin-va-clinic/,-14.32821,-170.718615
vha_459GG,Daniel Kahikina Akaka VA Clinic,va_health_facility,Multi-Specialty CBOC,21,459GG,derived,review_pending,discoverva_va_locator_facility_list,2026-05-05T16:33:37+00:00,https://discover.va.gov/va-locator-facility-list/,https://www.va.gov/pacific-islands-health-care/locations/leeward-oahu-va-clinic/,21.33157801,-158.04358328
vha_459GH,Saipan VA Clinic,va_health_facility,Other Outpatient Services (OOS),21,459GH,derived,review_pending,discoverva_va_locator_facility_list,2026-05-05T16:33:37+00:00,https://discover.va.gov/va-locator-facility-list/,https://www.va.gov/pacific-islands-health-care/locations/saipan-va-clinic/,15.216794,145.729385
vha_459QA,Lanai VA Clinic,va_health_facility,Other Outpatient Services (OOS),21,459QA,derived,review_pending,discoverva_va_locator_facility_list,2026-05-05T16:33:37+00:00,https://discover.va.gov/va-locator-facility-list/,https://www.va.gov/pacific-islands-health-care/locations/lanai-va-clinic/,20.82694254,-156.91728739
vha_459QB,Molokai VA Clinic,va_health_facility,Other Outpatient Services (OOS),21,459QB,derived,review_pending,discoverva_va_locator_facility_list,2026-05-05T16:33:37+00:00,https://discover.va.gov/va-locator-facility-list/,https://www.va.gov/pacific-islands-health-care/locations/molokai-va-clinic/,21.09624899,-157.03532113
vha_459QC,Windward VA Clinic,va_health_facility,Primary Care CBOC,21,459QC,derived,review_pending,discoverva_va_locator_facility_list,2026-05-05T16:33:37+00:00,https://discover.va.gov/va-locator-facility-list/,https://www.va.gov/pacific-islands-health-care/locations/windward-va-clinic/,21.41867631,-157.80223026
vha_460,Wilmington VA Medical Center,va_health_facility,VA Medical Center (VAMC),4,460,derived,review_pending,discoverva_va_locator_facility_list,2026-05-05T16:33:37+00:00,https://discover.va.gov/va-locator-facility-list/,https://www.va.gov/wilmington-health-care/locations/wilmington-va-medical-center/,39.73865046,-75.60654475
vha_460GA,Sussex County VA Clinic,va_health_facility,Primary Care CBOC,4,460GA,derived,review_pending,discoverva_va_locator_facility_list,2026-05-05T16:33:37+00:00,https://discover.va.gov/va-locator-facility-list/,https://www.va.gov/wilmington-health-care/locations/sussex-county-va-clinic/,38.69901093,-75.40354285
vha_460GC,Kent County VA Clinic,va_health_facility,Multi-Specialty CBOC,4,460GC,derived,review_pending,discoverva_va_locator_facility_list,2026-05-05T16:33:37+00:00,https://discover.va.gov/va-locator-facility-list/,https://www.va.gov/wilmington-health-care/locations/kent-county-va-clinic/,39.153636,-75.503592
vha_460GD,Cape May County VA Clinic,va_health_facility,Multi-Specialty CBOC,4,460GD,derived,review_pending,discoverva_va_locator_facility_list,2026-05-05T16:33:37+00:00,https://discover.va.gov/va-locator-facility-list/,https://www.va.gov/wilmington-health-care/locations/cape-may-county-va-clinic/,39.01282241,-74.87759402
vha_460HE,Atlantic County VA Clinic,va_health_facility,Primary Care CBOC,4,460HE,derived,review_pending,discoverva_va_locator_facility_list,2026-05-05T16:33:37+00:00,https://discover.va.gov/va-locator-facility-list/,https://www.va.gov/wilmington-health-care/locations/atlantic-county-va-clinic/,39.36866039,-74.56054647
vha_460HG,Cumberland County VA Clinic,va_health_facility,Multi-Specialty CBOC,4,460HG,derived,review_pending,discoverva_va_locator_facility_list,2026-05-05T16:33:37+00:00,https://discover.va.gov/va-locator-facility-list/,https://www.va.gov/wilmington-health-care/locations/cumberland-county-va-clinic/,39.48663051,-75.03609075
vha_460HK,Wilmington VA Mobile Clinic,va_health_facility,Other Outpatient Services (OOS),4,460HK,derived,review_pending,discoverva_va_locator_facility_list,2026-05-05T16:33:37+00:00,https://discover.va.gov/va-locator-facility-list/,https://www.va.gov/wilmington-health-care/locations/wilmington-va-mobile-clinic/,39.73865046,-75.60654475
vha_463,Colonel Mary Louise Rasmuson Campus of the Alaska VA Healthcare System,va_health_facility,VA Medical Center (VAMC),20,463,derived,review_pending,discoverva_va_locator_facility_list,2026-05-05T16:33:37+00:00,https://discover.va.gov/va-locator-facility-list/,https://www.va.gov/alaska-health-care/locations/colonel-mary-louise-rasmuson-campus-of-the-alaska-va-healthcare-system/,61.23134107,-149.74442494
vha_463A4,Joint Base Elmendorf-Richardson VA Medical Center,va_health_facility,Other Outpatient Services (OOS),20,,not_available,review_pending,discoverva_va_locator_facility_list,2026-05-05T16:33:37+00:00,https://discover.va.gov/va-locator-facility-list/,https://www.va.gov/alaska-health-care/locations/joint-base-elmendorf-richardson-va-medical-center/,61.23713285,-149.74875716
vha_463GA,Fairbanks VA Clinic,va_health_facility,Primary Care CBOC,20,463GA,derived,review_pending,discoverva_va_locator_facility_list,2026-05-05T16:33:37+00:00,https://discover.va.gov/va-locator-facility-list/,https://www.va.gov/alaska-health-care/locations/fairbanks-va-clinic/,64.84722884,-147.78341672
vha_463GB,Soldotna VA Clinic,va_health_facility,Primary Care CBOC,20,463GB,derived,review_pending,discoverva_va_locator_facility_list,2026-05-05T16:33:37+00:00,https://discover.va.gov/va-locator-facility-list/,https://www.va.gov/alaska-health-care/locations/soldotna-va-clinic/,60.49317164,-151.08223134
vha_463GC,Mat-Su VA Clinic,va_health_facility,Primary Care CBOC,20,463GC,derived,review_pending,discoverva_va_locator_facility_list,2026-05-05T16:33:37+00:00,https://discover.va.gov/va-locator-facility-list/,https://www.va.gov/alaska-health-care/locations/mat-su-va-clinic/,61.58997377,-149.35985117
vha_463GD,Homer VA Clinic,va_health_facility,Other Outpatient Services (OOS),20,463GD,derived,review_pending,discoverva_va_locator_facility_list,2026-05-05T16:33:37+00:00,https://discover.va.gov/va-locator-facility-list/,https://www.va.gov/alaska-health-care/locations/homer-va-clinic/,59.65013535,-151.51804456
vha_463GE,Juneau VA Clinic,va_health_facility,Primary Care CBOC,20,463GE,derived,review_pending,discoverva_va_locator_facility_list,2026-05-05T16:33:37+00:00,https://discover.va.gov/va-locator-facility-list/,https://www.va.gov/alaska-health-care/locations/juneau-va-clinic/,58.30170195,-134.42073896
vha_501,Raymond G. Murphy Department of Veterans Affairs Medical Center,va_health_facility,VA Medical Center (VAMC),22,501,derived,review_pending,discoverva_va_locator_facility_list,2026-05-05T16:33:37+00:00,https://discover.va.gov/va-locator-facility-list/,https://www.va.gov/new-mexico-health-care/locations/raymond-g-murphy-department-of-veterans-affairs-medical-center/,35.051742,-106.583526
vha_501G2,Las Vegas VA Clinic,va_health_facility,Other Outpatient Services (OOS),22,,not_available,review_pending,discoverva_va_locator_facility_list,2026-05-05T16:33:37+00:00,https://discover.va.gov/va-locator-facility-list/,https://www.va.gov/new-mexico-health-care/locations/las-vegas-va-clinic/,35.59560681,-105.21653132
vha_501GA,Artesia VA Clinic,va_health_facility,Primary Care CBOC,22,501GA,derived,review_pending,discoverva_va_locator_facility_list,2026-05-05T16:33:37+00:00,https://discover.va.gov/va-locator-facility-list/,https://www.va.gov/new-mexico-health-care/locations/artesia-va-clinic/,32.84265046,-104.42747153
vha_501GB,Farmington VA Clinic,va_health_facility,Primary Care CBOC,22,501GB,derived,review_pending,discoverva_va_locator_facility_list,2026-05-05T16:33:37+00:00,https://discover.va.gov/va-locator-facility-list/,https://www.va.gov/new-mexico-health-care/locations/farmington-va-clinic/,36.76235599,-108.14840578
vha_501GC,Silver City VA Clinic,va_health_facility,Other Outpatient Services (OOS),22,501GC,derived,review_pending,discoverva_va_locator_facility_list,2026-05-05T16:33:37+00:00,https://discover.va.gov/va-locator-facility-list/,https://www.va.gov/new-mexico-health-care/locations/silver-city-va-clinic/,32.79401395,-108.26308597
vha_501GD,"Hiroshi ""Hershey"" Miyamura VA Clinic",va_health_facility,Other Outpatient Services (OOS),22,501GD,derived,review_pending,discoverva_va_locator_facility_list,2026-05-05T16:33:37+00:00,https://discover.va.gov/va-locator-facility-list/,https://www.va.gov/new-mexico-health-care/locations/gallup-va-clinic/,35.52634433,-108.75973065
vha_501GE,Espanola VA Clinic,va_health_facility,Other Outpatient Services (OOS),22,501GE,derived,review_pending,discoverva_va_locator_facility_list,2026-05-05T16:33:37+00:00,https://discover.va.gov/va-locator-facility-list/,https://www.va.gov/new-mexico-health-care/locations/espanola-va-clinic/,35.98974441,-106.08519402
vha_501GH,Truth or Consequences VA Clinic,va_health_facility,Other Outpatient Services (OOS),22,501GH,derived,review_pending,discoverva_va_locator_facility_list,2026-05-05T16:33:37+00:00,https://discover.va.gov/va-locator-facility-list/,https://www.va.gov/new-mexico-health-care/locations/truth-or-consequences-va-clinic/,33.15171684,-107.24619023
vha_501GI,Alamogordo VA Clinic,va_health_facility,Other Outpatient Services (OOS),22,501GI,derived,review_pending,discoverva_va_locator_facility_list,2026-05-05T16:33:37+00:00,https://discover.va.gov/va-locator-facility-list/,https://www.va.gov/new-mexico-health-care/locations/alamogordo-va-clinic/,32.92999852,-105.96229178
vha_501GJ,Durango VA Clinic,va_health_facility,Primary Care CBOC,22,501GJ,derived,review_pending,discoverva_va_locator_facility_list,2026-05-05T16:33:37+00:00,https://discover.va.gov/va-locator-facility-list/,https://www.va.gov/new-mexico-health-care/locations/durango-va-clinic/,37.28403,-107.8730595
vha_501GK,Santa Fe VA Clinic,va_health_facility,Primary Care CBOC,22,501GK,derived,review_pending,discoverva_va_locator_facility_list,2026-05-05T16:33:37+00:00,https://discover.va.gov/va-locator-facility-list/,https://www.va.gov/new-mexico-health-care/locations/santa-fe-va-clinic/,35.61439556,-106.02472755
vha_501GM,Northwest Metro VA Clinic,va_health_facility,Other Outpatient Services (OOS),22,501GM,derived,review_pending,discoverva_va_locator_facility_list,2026-05-05T16:33:37+00:00,https://discover.va.gov/va-locator-facility-list/,https://www.va.gov/new-mexico-health-care/locations/northwest-metro-va-clinic/,35.227386,-106.661304
vha_501GN,Taos VA Clinic,va_health_facility,Other Outpatient Services (OOS),22,501GN,derived,review_pending,discoverva_va_locator_facility_list,2026-05-05T16:33:37+00:00,https://discover.va.gov/va-locator-facility-list/,https://www.va.gov/new-mexico-health-care/locations/taos-va-clinic/,36.3741591,-105.59362358
vha_501HB,Raton VA Clinic,va_health_facility,Other Outpatient Services (OOS),22,501HB,derived,review_pending,discoverva_va_locator_facility_list,2026-05-05T16:33:37+00:00,https://discover.va.gov/va-locator-facility-list/,https://www.va.gov/new-mexico-health-care/locations/raton-va-clinic/,36.87188676,-104.4385617
vha_502,Alexandria VA Medical Center,va_health_facility,VA Medical Center (VAMC),16,502,derived,review_pending,discoverva_va_locator_facility_list,2026-05-05T16:33:37+00:00,https://discover.va.gov/va-locator-facility-list/,https://www.va.gov/alexandria-health-care/locations/alexandria-va-medical-center/,31.35522426,-92.43435778
vha_502GA,Jennings VA Clinic,va_health_facility,Primary Care CBOC,16,502GA,derived,review_pending,discoverva_va_locator_facility_list,2026-05-05T16:33:37+00:00,https://discover.va.gov/va-locator-facility-list/,https://www.va.gov/alexandria-health-care/locations/jennings-va-clinic/,30.23827527,-92.66139
vha_502GB,Lafayette VA Clinic,va_health_facility,Multi-Specialty CBOC,16,502GB,derived,review_pending,discoverva_va_locator_facility_list,2026-05-05T16:33:37+00:00,https://discover.va.gov/va-locator-facility-list/,https://www.va.gov/alexandria-health-care/locations/lafayette-va-clinic/,30.18732984,-92.07497259
vha_502GE,Douglas Fournet Department of Veterans Affairs Clinic,va_health_facility,Multi-Specialty CBOC,16,502GE,derived,review_pending,discoverva_va_locator_facility_list,2026-05-05T16:33:37+00:00,https://discover.va.gov/va-locator-facility-list/,https://www.va.gov/alexandria-health-care/locations/douglas-fournet-department-of-veterans-affairs-clinic/,30.19183434,-93.17996927
vha_502GF,Fort Johnson VA Clinic,va_health_facility,Primary Care CBOC,16,502GF,derived,review_pending,discoverva_va_locator_facility_list,2026-05-05T16:33:37+00:00,https://discover.va.gov/va-locator-facility-list/,https://www.va.gov/alexandria-health-care/locations/fort-johnson-va-clinic/,31.12013137,-93.24841995
vha_502GG,Natchitoches VA Clinic,va_health_facility,Primary Care CBOC,16,502GG,derived,review_pending,discoverva_va_locator_facility_list,2026-05-05T16:33:37+00:00,https://discover.va.gov/va-locator-facility-list/,https://www.va.gov/alexandria-health-care/locations/natchitoches-va-clinic/,31.75299346,-93.07140663
vha_502QB,Lafayette Campus B VA Clinic,va_health_facility,Other Outpatient Services (OOS),16,502QB,derived,review_pending,discoverva_va_locator_facility_list,2026-05-05T16:33:37+00:00,https://discover.va.gov/va-locator-facility-list/,https://www.va.gov/alexandria-health-care/locations/lafayette-campus-b-va-clinic/,30.21364875,-92.02858181
vha_503,James E. Van Zandt Veterans' Administration Medical Center,va_health_facility,VA Medical Center (VAMC),4,503,derived,review_pending,discoverva_va_locator_facility_list,2026-05-05T16:33:37+00:00,https://discover.va.gov/va-locator-facility-list/,https://www.va.gov/altoona-health-care/locations/james-e-van-zandt-veterans-administration-medical-center/,40.4884295,-78.39864981
vha_503GA,Johnstown VA Clinic,va_health_facility,Multi-Specialty CBOC,4,503GA,derived,review_pending,discoverva_va_locator_facility_list,2026-05-05T16:33:37+00:00,https://discover.va.gov/va-locator-facility-list/,https://www.va.gov/altoona-health-care/locations/johnstown-va-clinic/,40.299948,-78.8320755
vha_503GB,DuBois VA Clinic,va_health_facility,Multi-Specialty CBOC,4,503GB,derived,review_pending,discoverva_va_locator_facility_list,2026-05-05T16:33:37+00:00,https://discover.va.gov/va-locator-facility-list/,https://www.va.gov/altoona-health-care/locations/dubois-va-clinic/,41.1236784,-78.72859777
vha_503GC,State College VA Clinic,va_health_facility,Multi-Specialty CBOC,4,503GC,derived,review_pending,discoverva_va_locator_facility_list,2026-05-05T16:33:37+00:00,https://discover.va.gov/va-locator-facility-list/,https://www.va.gov/altoona-health-care/locations/state-college-va-clinic/,40.827492,-77.805954
vha_503GD,Huntingdon County VA Clinic,va_health_facility,Multi-Specialty CBOC,4,503GD,derived,review_pending,discoverva_va_locator_facility_list,2026-05-05T16:33:37+00:00,https://discover.va.gov/va-locator-facility-list/,https://www.va.gov/altoona-health-care/locations/huntingdon-county-va-clinic/,40.40077289,-77.93436603
vha_503GE,Indiana County VA Clinic,va_health_facility,Multi-Specialty CBOC,4,503GE,derived,review_pending,discoverva_va_locator_facility_list,2026-05-05T16:33:37+00:00,https://discover.va.gov/va-locator-facility-list/,https://www.va.gov/altoona-health-care/locations/indiana-county-va-clinic/,40.61489073,-79.17212719
vha_504,Thomas E. Creek Department of Veterans Affairs Medical Center,va_health_facility,VA Medical Center (VAMC),17,504,derived,review_pending,discoverva_va_locator_facility_list,2026-05-05T16:33:37+00:00,https://discover.va.gov/va-locator-facility-list/,https://www.va.gov/amarillo-health-care/locations/thomas-e-creek-department-of-veterans-affairs-medical-center/,35.204049,-101.906595
vha_504BY,Lubbock VA Clinic,va_health_facility,Multi-Specialty CBOC,17,504BY,derived,review_pending,discoverva_va_locator_facility_list,2026-05-05T16:33:37+00:00,https://discover.va.gov/va-locator-facility-list/,https://www.va.gov/amarillo-health-care/locations/lubbock-va-clinic/,33.59240678,-101.89060654
vha_504BZ,Clovis VA Clinic,va_health_facility,Primary Care CBOC,17,504BZ,derived,review_pending,discoverva_va_locator_facility_list,2026-05-05T16:33:37+00:00,https://discover.va.gov/va-locator-facility-list/,https://www.va.gov/amarillo-health-care/locations/clovis-va-clinic/,34.43346,-103.1944635
vha_504GA,Childress VA Clinic,va_health_facility,Other Outpatient Services (OOS),17,504GA,derived,review_pending,discoverva_va_locator_facility_list,2026-05-05T16:33:37+00:00,https://discover.va.gov/va-locator-facility-list/,https://www.va.gov/amarillo-health-care/locations/childress-va-clinic/,34.43641305,-100.23130312
vha_504HB,Dalhart VA Clinic,va_health_facility,Other Outpatient Services (OOS),17,504HB,derived,review_pending,discoverva_va_locator_facility_list,2026-05-05T16:33:37+00:00,https://discover.va.gov/va-locator-facility-list/,https://www.va.gov/amarillo-health-care/locations/dalhart-va-clinic/,36.06255895,-102.52190655
vha_506,Lieutenant Colonel Charles S. Kettles VA Medical Center,va_health_facility,VA Medical Center (VAMC),10,506,derived,review_pending,discoverva_va_locator_facility_list,2026-05-05T16:33:37+00:00,https://discover.va.gov/va-locator-facility-list/,https://www.va.gov/ann-arbor-health-care/locations/lieutenant-colonel-charles-s-kettles-va-medical-center/,42.28478444,-83.71412259
vha_506GA,Toledo VA Clinic,va_health_facility,Multi-Specialty CBOC,10,506GA,derived,review_pending,discoverva_va_locator_facility_list,2026-05-05T16:33:37+00:00,https://discover.va.gov/va-locator-facility-list/,https://www.va.gov/ann-arbor-health-care/locations/toledo-va-clinic/,41.618907,-83.6033535
vha_506GB,Flint VA Clinic,va_health_facility,Primary Care CBOC,10,506GB,derived,review_pending,discoverva_va_locator_facility_list,2026-05-05T16:33:37+00:00,https://discover.va.gov/va-locator-facility-list/,https://www.va.gov/ann-arbor-health-care/locations/flint-va-clinic/,42.992235,-83.7731385
vha_506GC,Jackson VA Clinic,va_health_facility,Primary Care CBOC,10,506GC,derived,review_pending,discoverva_va_locator_facility_list,2026-05-05T16:33:37+00:00,https://discover.va.gov/va-locator-facility-list/,https://www.va.gov/ann-arbor-health-care/locations/jackson-va-clinic/,42.23519846,-84.33560473
vha_506GD,Major General Oliver W. Dillard VA Clinic,va_health_facility,Multi-Specialty CBOC,10,506GD,derived,review_pending,discoverva_va_locator_facility_list,2026-05-05T16:33:37+00:00,https://discover.va.gov/va-locator-facility-list/,https://www.va.gov/ann-arbor-health-care/locations/major-general-oliver-w-dillard-va-clinic,42.3264086,-83.43387122
vha_506GE,Howell VA Clinic,va_health_facility,Primary Care CBOC,10,506GE,derived,review_pending,discoverva_va_locator_facility_list,2026-05-05T16:33:37+00:00,https://discover.va.gov/va-locator-facility-list/,https://www.va.gov/ann-arbor-health-care/locations/howell-va-clinic/,42.59145584,-83.88686776
vha_506GF,Adrian VA Clinic,va_health_facility,Primary Care CBOC,10,506GF,derived,review_pending,discoverva_va_locator_facility_list,2026-05-05T16:33:37+00:00,https://discover.va.gov/va-locator-facility-list/,https://www.va.gov/ann-arbor-health-care/locations/adrian-va-clinic/,41.9127527,-84.04780527
vha_506GG,Findlay VA Clinic,va_health_facility,Other Outpatient Services (OOS),10,506GG,derived,review_pending,discoverva_va_locator_facility_list,2026-05-05T16:33:37+00:00,https://discover.va.gov/va-locator-facility-list/,https://www.va.gov/ann-arbor-health-care/locations/findlay-va-clinic/,41.06576312,-83.61957744
vha_506QA,Packard Road VA Clinic,va_health_facility,Other Outpatient Services (OOS),10,506QA,derived,review_pending,discoverva_va_locator_facility_list,2026-05-05T16:33:37+00:00,https://discover.va.gov/va-locator-facility-list/,https://www.va.gov/ann-arbor-health-care/locations/packard-road-va-clinic/,42.24533222,-83.68524927
vha_506QB,Green Road VA Clinic,va_health_facility,Other Outpatient Services (OOS),10,506QB,derived,review_pending,discoverva_va_locator_facility_list,2026-05-05T16:33:37+00:00,https://discover.va.gov/va-locator-facility-list/,https://www.va.gov/ann-arbor-health-care/locations/green-road-va-clinic/,42.31033722,-83.69285135
vha_508,Joseph Maxwell Cleland Atlanta VA Medical Center,va_health_facility,VA Medical Center (VAMC),7,508,derived,review_pending,discoverva_va_locator_facility_list,2026-05-05T16:33:37+00:00,https://discover.va.gov/va-locator-facility-list/,https://www.va.gov/atlanta-health-care/locations/joseph-maxwell-cleland-atlanta-va-medical-center,33.801939,-84.3130305
vha_508GA,Fort McPherson VA Clinic,va_health_facility,VA Medical Center (VAMC),7,508GA,derived,review_pending,discoverva_va_locator_facility_list,2026-05-05T16:33:37+00:00,https://discover.va.gov/va-locator-facility-list/,https://www.va.gov/atlanta-health-care/locations/fort-mcpherson-va-clinic/,33.70639702,-84.42929863
vha_508GE,Oakwood VA Clinic,va_health_facility,Multi-Specialty CBOC,7,508GE,derived,review_pending,discoverva_va_locator_facility_list,2026-05-05T16:33:37+00:00,https://discover.va.gov/va-locator-facility-list/,https://www.va.gov/atlanta-health-care/locations/oakwood-va-clinic/,34.2075504,-83.89232499
vha_508GF,West Cobb County VA Clinic,va_health_facility,Primary Care CBOC,7,508GF,derived,review_pending,discoverva_va_locator_facility_list,2026-05-05T16:33:37+00:00,https://discover.va.gov/va-locator-facility-list/,https://www.va.gov/atlanta-health-care/locations/west-cobb-county-va-clinic/,33.94630601,-84.68583112
vha_508GG,Stockbridge VA Clinic,va_health_facility,Primary Care CBOC,7,508GG,derived,review_pending,discoverva_va_locator_facility_list,2026-05-05T16:33:37+00:00,https://discover.va.gov/va-locator-facility-list/,https://www.va.gov/atlanta-health-care/locations/stockbridge-va-clinic/,33.51200473,-84.22515668
vha_508GH,Lawrenceville VA Clinic,va_health_facility,Primary Care CBOC,7,508GH,derived,review_pending,discoverva_va_locator_facility_list,2026-05-05T16:33:37+00:00,https://discover.va.gov/va-locator-facility-list/,https://www.va.gov/atlanta-health-care/locations/lawrenceville-va-clinic/,33.96821253,-84.0094878
vha_508GI,Newnan VA Clinic,va_health_facility,Primary Care CBOC,7,508GI,derived,review_pending,discoverva_va_locator_facility_list,2026-05-05T16:33:37+00:00,https://discover.va.gov/va-locator-facility-list/,https://www.va.gov/atlanta-health-care/locations/newnan-va-clinic/,33.40093446,-84.71064776
vha_508GJ,Blairsville VA Clinic,va_health_facility,Multi-Specialty CBOC,7,508GJ,derived,review_pending,discoverva_va_locator_facility_list,2026-05-05T16:33:37+00:00,https://discover.va.gov/va-locator-facility-list/,https://www.va.gov/atlanta-health-care/locations/blairsville-va-clinic/,34.88665254,-83.94029134
vha_508GK,Trinka Davis Veterans Village,va_health_facility,VA Medical Center (VAMC),7,508GK,derived,review_pending,discoverva_va_locator_facility_list,2026-05-05T16:33:37+00:00,https://discover.va.gov/va-locator-facility-list/,https://www.va.gov/atlanta-health-care/locations/trinka-davis-veterans-village/,33.58937018,-85.05722954
vha_508GL,Rome VA Clinic,va_health_facility,Primary Care CBOC,7,508GL,derived,review_pending,discoverva_va_locator_facility_list,2026-05-05T16:33:37+00:00,https://discover.va.gov/va-locator-facility-list/,https://www.va.gov/atlanta-health-care/locations/rome-va-clinic/,34.22016896,-85.15481699
vha_508GM,Pickens County VA Clinic,va_health_facility,Primary Care CBOC,7,508GM,derived,review_pending,discoverva_va_locator_facility_list,2026-05-05T16:33:37+00:00,https://discover.va.gov/va-locator-facility-list/,https://www.va.gov/atlanta-health-care/locations/pickens-county-va-clinic/,34.46277308,-84.4161397
vha_508GN,Covington VA Clinic,va_health_facility,Primary Care CBOC,7,508GN,derived,review_pending,discoverva_va_locator_facility_list,2026-05-05T16:33:37+00:00,https://discover.va.gov/va-locator-facility-list/,https://www.va.gov/atlanta-health-care/locations/covington-va-clinic/,33.57893605,-83.83487351
vha_508GO,Northeast Cobb County VA Clinic,va_health_facility,Other Outpatient Services (OOS),7,508GO,derived,review_pending,discoverva_va_locator_facility_list,2026-05-05T16:33:37+00:00,https://discover.va.gov/va-locator-facility-list/,https://www.va.gov/atlanta-health-care/locations/northeast-cobb-county-va-clinic/,33.97194,-84.489498
vha_508GP,South Cobb County VA Clinic,va_health_facility,Other Outpatient Services (OOS),7,508GP,derived,review_pending,discoverva_va_locator_facility_list,2026-05-05T16:33:37+00:00,https://discover.va.gov/va-locator-facility-list/,https://www.va.gov/atlanta-health-care/locations/south-cobb-county-va-clinic/,33.89379506,-84.47319066
vha_508GQ,Cobb County VA Clinic,va_health_facility,Multi-Specialty CBOC,7,508GQ,derived,review_pending,discoverva_va_locator_facility_list,2026-05-05T16:33:37+00:00,https://discover.va.gov/va-locator-facility-list/,https://www.va.gov/atlanta-health-care/locations/cobb-county-va-clinic/,33.98209773,-84.56064966
vha_508GS,Pike County VA Clinic,va_health_facility,Multi-Specialty CBOC,7,508GS,derived,review_pending,discoverva_va_locator_facility_list,2026-05-05T16:33:37+00:00,https://discover.va.gov/va-locator-facility-list/,https://www.va.gov/atlanta-health-care/locations/pike-county-va-clinic/,33.11780147,-84.33511087
vha_508QC,Henderson Mill VA Clinic,va_health_facility,Other Outpatient Services (OOS),7,508QC,derived,review_pending,discoverva_va_locator_facility_list,2026-05-05T16:33:37+00:00,https://discover.va.gov/va-locator-facility-list/,https://www.va.gov/atlanta-health-care/locations/henderson-mill-va-clinic/,33.85242992,-84.25903106
vha_508QE,Gwinnett County VA Clinic,va_health_facility,Primary Care CBOC,7,508QE,derived,review_pending,discoverva_va_locator_facility_list,2026-05-05T16:33:37+00:00,https://discover.va.gov/va-locator-facility-list/,https://www.va.gov/atlanta-health-care/locations/gwinnett-county-va-clinic/,33.96962413,-84.03521497
vha_508QF,Atlanta VA Clinic,va_health_facility,Multi-Specialty CBOC,7,508QF,derived,review_pending,discoverva_va_locator_facility_list,2026-05-05T16:33:37+00:00,https://discover.va.gov/va-locator-facility-list/,https://www.va.gov/atlanta-health-care/locations/atlanta-va-clinic/,33.78142043,-84.27757463
vha_508QH,South Fulton County VA Clinic,va_health_facility,Other Outpatient Services (OOS),7,508QH,derived,review_pending,discoverva_va_locator_facility_list,2026-05-05T16:33:37+00:00,https://discover.va.gov/va-locator-facility-list/,https://www.atlanta.va.gov/locations/South_Fulton_VA_Clinic.asp,33.6132,-84.446928
vha_508QI,North DeKalb County VA Clinic,va_health_facility,Other Outpatient Services (OOS),7,508QI,derived,review_pending,discoverva_va_locator_facility_list,2026-05-05T16:33:37+00:00,https://discover.va.gov/va-locator-facility-list/,https://www.va.gov/atlanta-health-care/locations/north-dekalb-county-va-clinic/,33.849333,-84.3134265
vha_508QJ,Tucker VA Clinic,va_health_facility,Multi-Specialty CBOC,7,508QJ,derived,review_pending,discoverva_va_locator_facility_list,2026-05-05T16:33:37+00:00,https://discover.va.gov/va-locator-facility-list/,https://www.va.gov/atlanta-health-care/locations/tucker-va-clinic/,33.85370616,-84.24925751
vha_509,Charlie Norwood Department of Veterans Affairs Medical Center,va_health_facility,VA Medical Center (VAMC),7,509,derived,review_pending,discoverva_va_locator_facility_list,2026-05-05T16:33:37+00:00,https://discover.va.gov/va-locator-facility-list/,https://www.va.gov/augusta-health-care/locations/charlie-norwood-department-of-veterans-affairs-medical-center/,33.4728,-81.986535
vha_509A0,Augusta VA Medical Center-Uptown,va_health_facility,VA Medical Center (VAMC),7,,not_available,review_pending,discoverva_va_locator_facility_list,2026-05-05T16:33:37+00:00,https://discover.va.gov/va-locator-facility-list/,https://www.va.gov/augusta-health-care/locations/augusta-va-medical-center-uptown/,33.46768426,-82.02573279
vha_509GA,Athens VA Clinic,va_health_facility,Multi-Specialty CBOC,7,509GA,derived,review_pending,discoverva_va_locator_facility_list,2026-05-05T16:33:37+00:00,https://discover.va.gov/va-locator-facility-list/,https://www.va.gov/augusta-health-care/locations/athens-va-clinic/,33.98818461,-83.34274468
vha_509GB,Aiken VA Clinic,va_health_facility,Multi-Specialty CBOC,7,509GB,derived,review_pending,discoverva_va_locator_facility_list,2026-05-05T16:33:37+00:00,https://discover.va.gov/va-locator-facility-list/,https://www.va.gov/augusta-health-care/locations/aiken-va-clinic/,33.52106695,-81.72036516
vha_509QA,Ray Hendrix Department Of Veterans Affairs Clinic,va_health_facility,Primary Care CBOC,7,509QA,derived,review_pending,discoverva_va_locator_facility_list,2026-05-05T16:33:37+00:00,https://discover.va.gov/va-locator-facility-list/,https://www.va.gov/augusta-health-care/locations/ray-hendrix-department-of-veterans-affairs-clinic/,32.44099844,-81.76608127
vha_512,Baltimore VA Medical Center,va_health_facility,VA Medical Center (VAMC),5,512,derived,review_pending,discoverva_va_locator_facility_list,2026-05-05T16:33:37+00:00,https://discover.va.gov/va-locator-facility-list/,https://www.va.gov/maryland-health-care/locations/baltimore-va-medical-center/,39.289743,-76.6244745
vha_512A5,Perry Point VA Medical Center,va_health_facility,VA Medical Center (VAMC),5,,not_available,review_pending,discoverva_va_locator_facility_list,2026-05-05T16:33:37+00:00,https://discover.va.gov/va-locator-facility-list/,https://www.va.gov/maryland-health-care/locations/perry-point-va-medical-center/,39.55124523,-76.06603678
vha_512GA,Cambridge VA Clinic,va_health_facility,Multi-Specialty CBOC,5,512GA,derived,review_pending,discoverva_va_locator_facility_list,2026-05-05T16:33:37+00:00,https://discover.va.gov/va-locator-facility-list/,https://www.va.gov/maryland-health-care/locations/cambridge-va-clinic/,38.55080039,-76.05350795
vha_512GC,Glen Burnie VA Clinic,va_health_facility,Multi-Specialty CBOC,5,512GC,derived,review_pending,discoverva_va_locator_facility_list,2026-05-05T16:33:37+00:00,https://discover.va.gov/va-locator-facility-list/,https://www.va.gov/maryland-health-care/locations/glen-burnie-va-clinic/,39.14822906,-76.64263946
vha_512GD,Loch Raven VA Medical Center,va_health_facility,VA Medical Center (VAMC),5,512GD,derived,review_pending,discoverva_va_locator_facility_list,2026-05-05T16:33:37+00:00,https://discover.va.gov/va-locator-facility-list/,https://www.va.gov/maryland-health-care/locations/loch-raven-va-medical-center/,39.33617627,-76.59749567
vha_512GE,Pocomoke City VA Clinic,va_health_facility,Primary Care CBOC,5,512GE,derived,review_pending,discoverva_va_locator_facility_list,2026-05-05T16:33:37+00:00,https://discover.va.gov/va-locator-facility-list/,https://www.va.gov/maryland-health-care/locations/pocomoke-city-va-clinic/,38.06169422,-75.54891254
vha_512GF,Eastern Baltimore County VA Clinic,va_health_facility,Primary Care CBOC,5,512GF,derived,review_pending,discoverva_va_locator_facility_list,2026-05-05T16:33:37+00:00,https://discover.va.gov/va-locator-facility-list/,https://www.va.gov/maryland-health-care/locations/eastern-baltimore-county-va-clinic/,39.35782227,-76.47052255
vha_512GG,Fort Meade VA Clinic,va_health_facility,Primary Care CBOC,5,512GG,derived,review_pending,discoverva_va_locator_facility_list,2026-05-05T16:33:37+00:00,https://discover.va.gov/va-locator-facility-list/,https://www.va.gov/maryland-health-care/locations/fort-meade-va-clinic/,39.09661679,-76.72880548
vha_512QA,Baltimore VA Clinic,va_health_facility,Other Outpatient Services (OOS),5,512QA,derived,review_pending,discoverva_va_locator_facility_list,2026-05-05T16:33:37+00:00,https://discover.va.gov/va-locator-facility-list/,https://www.va.gov/maryland-health-care/locations/baltimore-va-clinic/,39.290193,-76.6184445
vha_515,Battle Creek VA Medical Center,va_health_facility,VA Medical Center (VAMC),10,515,derived,review_pending,discoverva_va_locator_facility_list,2026-05-05T16:33:37+00:00,https://discover.va.gov/va-locator-facility-list/,https://www.va.gov/battle-creek-health-care/locations/battle-creek-va-medical-center/,42.3472323,-85.29793384
vha_515BY,Wyoming VA Clinic,va_health_facility,Multi-Specialty CBOC,10,515BY,derived,review_pending,discoverva_va_locator_facility_list,2026-05-05T16:33:37+00:00,https://discover.va.gov/va-locator-facility-list/,https://www.va.gov/battle-creek-health-care/locations/wyoming-va-clinic/,42.85817905,-85.71426122
vha_515GA,Muskegon VA Clinic,va_health_facility,Primary Care CBOC,10,515GA,derived,review_pending,discoverva_va_locator_facility_list,2026-05-05T16:33:37+00:00,https://discover.va.gov/va-locator-facility-list/,https://www.va.gov/battle-creek-health-care/locations/muskegon-va-clinic/,43.2342933,-86.17581711
vha_515GB,Lansing VA Clinic,va_health_facility,Multi-Specialty CBOC,10,515GB,derived,review_pending,discoverva_va_locator_facility_list,2026-05-05T16:33:37+00:00,https://discover.va.gov/va-locator-facility-list/,https://www.va.gov/battle-creek-health-care/locations/lansing-va-clinic/,42.67517853,-84.54717983
vha_515GC,Benton Harbor VA Clinic,va_health_facility,Primary Care CBOC,10,515GC,derived,review_pending,discoverva_va_locator_facility_list,2026-05-05T16:33:37+00:00,https://discover.va.gov/va-locator-facility-list/,https://www.va.gov/battle-creek-health-care/locations/benton-harbor-va-clinic/,42.08192662,-86.42526399
vha_515QB,Century Avenue VA Clinic,va_health_facility,Other Outpatient Services (OOS),10,515QB,derived,review_pending,discoverva_va_locator_facility_list,2026-05-05T16:33:37+00:00,https://discover.va.gov/va-locator-facility-list/,https://www.va.gov/battle-creek-health-care/locations/century-avenue-va-clinic/,42.95174401,-85.67388033
vha_516,C.W. Bill Young Department of Veterans Affairs Medical Center,va_health_facility,VA Medical Center (VAMC),8,516,derived,review_pending,discoverva_va_locator_facility_list,2026-05-05T16:33:37+00:00,https://discover.va.gov/va-locator-facility-list/,https://www.va.gov/bay-pines-health-care/locations/cw-bill-young-department-of-veterans-affairs-medical-center/,27.81385653,-82.77938903
vha_516BZ,Lee County VA Clinic,va_health_facility,Health Care Center (HCC),8,516BZ,derived,review_pending,discoverva_va_locator_facility_list,2026-05-05T16:33:37+00:00,https://discover.va.gov/va-locator-facility-list/,https://www.va.gov/bay-pines-health-care/locations/lee-county-va-clinic/,26.685315,-81.9200115
vha_516GA,Sarasota VA Clinic,va_health_facility,Multi-Specialty CBOC,8,516GA,derived,review_pending,discoverva_va_locator_facility_list,2026-05-05T16:33:37+00:00,https://discover.va.gov/va-locator-facility-list/,https://www.va.gov/bay-pines-health-care/locations/sarasota-va-clinic/,27.29876551,-82.45631465
vha_516GB,St. Petersburg VA Clinic,va_health_facility,Primary Care CBOC,8,516GB,derived,review_pending,discoverva_va_locator_facility_list,2026-05-05T16:33:37+00:00,https://discover.va.gov/va-locator-facility-list/,https://www.va.gov/bay-pines-health-care/locations/st-petersburg-va-clinic/,27.78066,-82.6472745
vha_516GC,North Pinellas VA Clinic,va_health_facility,Primary Care CBOC,8,516GC,derived,review_pending,discoverva_va_locator_facility_list,2026-05-05T16:33:37+00:00,https://discover.va.gov/va-locator-facility-list/,https://www.va.gov/bay-pines-health-care/locations/palm-harbor-va-clinic/,28.01247995,-82.73506757
vha_516GD,Bradenton VA Clinic,va_health_facility,Multi-Specialty CBOC,8,516GD,derived,review_pending,discoverva_va_locator_facility_list,2026-05-05T16:33:37+00:00,https://discover.va.gov/va-locator-facility-list/,https://www.va.gov/bay-pines-health-care/locations/bradenton-va-clinic/,27.492975,-82.4925465
vha_516GE,Port Charlotte VA Clinic,va_health_facility,Multi-Specialty CBOC,8,516GE,derived,review_pending,discoverva_va_locator_facility_list,2026-05-05T16:33:37+00:00,https://discover.va.gov/va-locator-facility-list/,https://www.va.gov/bay-pines-health-care/locations/port-charlotte-va-clinic/,26.966556,-82.082466
vha_516GF,Naples VA Clinic,va_health_facility,Multi-Specialty CBOC,8,516GF,derived,review_pending,discoverva_va_locator_facility_list,2026-05-05T16:33:37+00:00,https://discover.va.gov/va-locator-facility-list/,https://www.va.gov/bay-pines-health-care/locations/naples-va-clinic/,26.15943177,-81.78695934
vha_516GH,Sebring VA Clinic,va_health_facility,Primary Care CBOC,8,516GH,derived,review_pending,discoverva_va_locator_facility_list,2026-05-05T16:33:37+00:00,https://discover.va.gov/va-locator-facility-list/,https://www.va.gov/bay-pines-health-care/locations/sebring-va-clinic/,27.44478901,-81.41966875
vha_517,Beckley VA Medical Center,va_health_facility,VA Medical Center (VAMC),5,517,derived,review_pending,discoverva_va_locator_facility_list,2026-05-05T16:33:37+00:00,https://discover.va.gov/va-locator-facility-list/,https://www.va.gov/beckley-health-care/locations/beckley-va-medical-center/,37.76603684,-81.19195132
vha_517GB,Greenbrier County VA Clinic,va_health_facility,Primary Care CBOC,5,517GB,derived,review_pending,discoverva_va_locator_facility_list,2026-05-05T16:33:37+00:00,https://discover.va.gov/va-locator-facility-list/,https://www.va.gov/beckley-health-care/locations/greenbrier-county-va-clinic/,37.76977742,-80.46300558
vha_517HK,Beckley VA Mobile Clinic,va_health_facility,Other Outpatient Services (OOS),5,517HK,derived,review_pending,discoverva_va_locator_facility_list,2026-05-05T16:33:37+00:00,https://discover.va.gov/va-locator-facility-list/,https://www.va.gov/beckley-health-care/locations/beckley-va-mobile-clinic/,37.76511805,-81.19268916
vha_517QA,Princeton VA Clinic,va_health_facility,Other Outpatient Services (OOS),5,517QA,derived,review_pending,discoverva_va_locator_facility_list,2026-05-05T16:33:37+00:00,https://discover.va.gov/va-locator-facility-list/,https://www.va.gov/beckley-health-care/locations/princeton-va-clinic/,37.35941427,-81.10734934
vha_518,Edith Nourse Rogers Memorial Veterans' Hospital,va_health_facility,VA Medical Center (VAMC),1,518,derived,review_pending,discoverva_va_locator_facility_list,2026-05-05T16:33:37+00:00,https://discover.va.gov/va-locator-facility-list/,https://www.va.gov/bedford-health-care/locations/edith-nourse-rogers-memorial-veterans-hospital/,42.50367478,-71.2726766
vha_518GA,Lynn VA Clinic,va_health_facility,Primary Care CBOC,1,518GA,derived,review_pending,discoverva_va_locator_facility_list,2026-05-05T16:33:37+00:00,https://discover.va.gov/va-locator-facility-list/,https://www.va.gov/bedford-health-care/locations/lynn-va-clinic/,42.470514,-70.960023
vha_518GB,Haverhill VA Clinic,va_health_facility,Primary Care CBOC,1,518GB,derived,review_pending,discoverva_va_locator_facility_list,2026-05-05T16:33:37+00:00,https://discover.va.gov/va-locator-facility-list/,https://www.va.gov/bedford-health-care/locations/haverhill-va-clinic/,42.776001,-71.0679465
vha_518GE,Gloucester VA Clinic,va_health_facility,Primary Care CBOC,1,518GE,derived,review_pending,discoverva_va_locator_facility_list,2026-05-05T16:33:37+00:00,https://discover.va.gov/va-locator-facility-list/,https://www.va.gov/bedford-health-care/locations/gloucester-va-clinic/,42.61311041,-70.66075311
vha_519,"George H. O'Brien, Jr., Department of Veterans Affairs Medical Center",va_health_facility,VA Medical Center (VAMC),17,519,derived,review_pending,discoverva_va_locator_facility_list,2026-05-05T16:33:37+00:00,https://discover.va.gov/va-locator-facility-list/,https://www.va.gov/west-texas-health-care/locations/george-h-obrien-jr-department-of-veterans-affairs-medical-center/,32.23192581,-101.47112688
vha_519GA,Wilson and Young Medal of Honor VA Clinic,va_health_facility,Multi-Specialty CBOC,17,519GA,derived,review_pending,discoverva_va_locator_facility_list,2026-05-05T16:33:37+00:00,https://discover.va.gov/va-locator-facility-list/,https://www.va.gov/west-texas-health-care/locations/wilson-and-young-medal-of-honor-va-clinic/,31.92102,-102.288618
vha_519GB,Hobbs VA Clinic,va_health_facility,Other Outpatient Services (OOS),17,519GB,derived,review_pending,discoverva_va_locator_facility_list,2026-05-05T16:33:37+00:00,https://discover.va.gov/va-locator-facility-list/,https://www.va.gov/west-texas-health-care/locations/hobbs-va-clinic/,32.71213758,-103.13638371
vha_519GD,Fort Stockton VA Clinic,va_health_facility,Other Outpatient Services (OOS),17,519GD,derived,review_pending,discoverva_va_locator_facility_list,2026-05-05T16:33:37+00:00,https://discover.va.gov/va-locator-facility-list/,https://www.va.gov/west-texas-health-care/locations/fort-stockton-va-clinic/,30.89597115,-102.9089373
vha_519HC,Abilene VA Clinic,va_health_facility,Multi-Specialty CBOC,17,519HC,derived,review_pending,discoverva_va_locator_facility_list,2026-05-05T16:33:37+00:00,https://discover.va.gov/va-locator-facility-list/,https://www.va.gov/west-texas-health-care/locations/abilene-va-clinic/,32.404671,-99.766152
vha_519HF,Colonel Charles and JoAnne Powell VA Clinic,va_health_facility,Multi-Specialty CBOC,17,519HF,derived,review_pending,discoverva_va_locator_facility_list,2026-05-05T16:33:37+00:00,https://discover.va.gov/va-locator-facility-list/,https://www.va.gov/west-texas-health-care/locations/colonel-charles-and-joanne-powell-va-clinic/,31.4251648,-100.49589776
vha_520,Biloxi VA Medical Center,va_health_facility,VA Medical Center (VAMC),16,520,derived,review_pending,discoverva_va_locator_facility_list,2026-05-05T16:33:37+00:00,https://discover.va.gov/va-locator-facility-list/,https://www.va.gov/gulf-coast-health-care/locations/biloxi-va-medical-center/,30.40904262,-88.9471823
vha_520BZ,Pensacola VA Clinic,va_health_facility,Multi-Specialty CBOC,16,520BZ,derived,review_pending,discoverva_va_locator_facility_list,2026-05-05T16:33:37+00:00,https://discover.va.gov/va-locator-facility-list/,https://www.va.gov/gulf-coast-health-care/locations/pensacola-va-clinic/,30.40046729,-87.29288382
vha_520GA,Mobile VA Clinic,va_health_facility,Multi-Specialty CBOC,16,520GA,derived,review_pending,discoverva_va_locator_facility_list,2026-05-05T16:33:37+00:00,https://discover.va.gov/va-locator-facility-list/,https://www.va.gov/gulf-coast-health-care/locations/mobile-va-clinic/,30.59883444,-88.1571183
vha_520GB,Panama City Beach VA Clinic,va_health_facility,Primary Care CBOC,16,520GB,derived,review_pending,discoverva_va_locator_facility_list,2026-05-05T16:33:37+00:00,https://discover.va.gov/va-locator-facility-list/,https://www.va.gov/gulf-coast-health-care/locations/panama-city-beach-va-clinic/,30.159828,-85.743216
vha_520GC,Eglin Air Force Base VA Clinic,va_health_facility,Multi-Specialty CBOC,16,520GC,derived,review_pending,discoverva_va_locator_facility_list,2026-05-05T16:33:37+00:00,https://discover.va.gov/va-locator-facility-list/,https://www.va.gov/gulf-coast-health-care/locations/eglin-air-force-base-va-clinic/,30.46216553,-86.55942469
vha_520QA,Panama City Beach West VA Clinic,va_health_facility,Other Outpatient Services (OOS),16,520QA,derived,review_pending,discoverva_va_locator_facility_list,2026-05-05T16:33:37+00:00,https://discover.va.gov/va-locator-facility-list/,https://www.va.gov/gulf-coast-health-care/locations/panama-city-beach-west-va-clinic/,30.19395626,-85.81334134
vha_520QC,Naval Hospital Pensacola VA Clinic,va_health_facility,Other Outpatient Services (OOS),16,520QC,derived,review_pending,discoverva_va_locator_facility_list,2026-05-05T16:33:37+00:00,https://discover.va.gov/va-locator-facility-list/,https://www.va.gov/gulf-coast-health-care/locations/naval-hospital-pensacola-va-clinic/,30.39690083,-87.2965153
vha_521,Birmingham VA Medical Center,va_health_facility,VA Medical Center (VAMC),7,521,derived,review_pending,discoverva_va_locator_facility_list,2026-05-05T16:33:37+00:00,https://discover.va.gov/va-locator-facility-list/,https://www.va.gov/birmingham-health-care/locations/birmingham-va-medical-center/,33.504219,-86.8016835
vha_521GA,Huntsville VA Clinic,va_health_facility,Multi-Specialty CBOC,7,521GA,derived,review_pending,discoverva_va_locator_facility_list,2026-05-05T16:33:37+00:00,https://discover.va.gov/va-locator-facility-list/,https://www.va.gov/birmingham-health-care/locations/huntsville-va-clinic/,34.726446,-86.621211
vha_521GC,Florence VA Clinic,va_health_facility,Primary Care CBOC,7,521GC,derived,review_pending,discoverva_va_locator_facility_list,2026-05-05T16:33:37+00:00,https://discover.va.gov/va-locator-facility-list/,https://www.va.gov/birmingham-health-care/locations/florence-va-clinic/,34.74919803,-87.6806829
vha_521GD,Rainbow City VA Clinic,va_health_facility,Primary Care CBOC,7,521GD,derived,review_pending,discoverva_va_locator_facility_list,2026-05-05T16:33:37+00:00,https://discover.va.gov/va-locator-facility-list/,https://www.va.gov/birmingham-health-care/locations/rainbow-city-va-clinic/,33.96324949,-86.03322839
vha_521GE,Oxford VA Clinic,va_health_facility,Multi-Specialty CBOC,7,521GE,derived,review_pending,discoverva_va_locator_facility_list,2026-05-05T16:33:37+00:00,https://discover.va.gov/va-locator-facility-list/,https://www.va.gov/birmingham-health-care/locations/oxford-va-clinic/,33.61274559,-85.79683268
vha_521GF,Jasper VA Clinic,va_health_facility,Primary Care CBOC,7,521GF,derived,review_pending,discoverva_va_locator_facility_list,2026-05-05T16:33:37+00:00,https://discover.va.gov/va-locator-facility-list/,https://www.va.gov/birmingham-health-care/locations/jasper-va-clinic/,33.83910677,-87.2429667
vha_521GG,Bessemer VA Clinic,va_health_facility,Primary Care CBOC,7,521GG,derived,review_pending,discoverva_va_locator_facility_list,2026-05-05T16:33:37+00:00,https://discover.va.gov/va-locator-facility-list/,https://www.va.gov/birmingham-health-care/locations/bessemer-va-clinic/,33.37497391,-86.99006317
vha_521GH,Childersburg VA Clinic,va_health_facility,Primary Care CBOC,7,521GH,derived,review_pending,discoverva_va_locator_facility_list,2026-05-05T16:33:37+00:00,https://discover.va.gov/va-locator-facility-list/,https://www.va.gov/birmingham-health-care/locations/childersburg-va-clinic/,33.280588,-86.35668113
vha_521GI,Colonel Ola Lee Mize Department of Veterans Affairs Clinic,va_health_facility,Primary Care CBOC,7,521GI,derived,review_pending,discoverva_va_locator_facility_list,2026-05-05T16:33:37+00:00,https://discover.va.gov/va-locator-facility-list/,https://www.va.gov/birmingham-health-care/locations/guntersville-va-clinic/,34.306403,-86.278714
vha_521GJ,Birmingham VA Clinic,va_health_facility,Multi-Specialty CBOC,7,521GJ,derived,review_pending,discoverva_va_locator_facility_list,2026-05-05T16:33:37+00:00,https://discover.va.gov/va-locator-facility-list/,https://www.va.gov/birmingham-health-care/locations/birmingham-va-clinic/,33.50877404,-86.79366509
vha_521QB,Birmingham East VA Clinic,va_health_facility,Other Outpatient Services (OOS),7,521QB,derived,review_pending,discoverva_va_locator_facility_list,2026-05-05T16:33:37+00:00,https://discover.va.gov/va-locator-facility-list/,https://www.va.gov/birmingham-health-care/locations/birmingham-east-va-clinic/,33.53081409,-86.71489944
vha_521QC,Birmingham VA Mobile Clinic,va_health_facility,Other Outpatient Services (OOS),7,521QC,derived,review_pending,discoverva_va_locator_facility_list,2026-05-05T16:33:37+00:00,https://discover.va.gov/va-locator-facility-list/,https://www.va.gov/birmingham-health-care/locations/birmingham-va-mobile-clinic/,33.50468219,-86.80094284
vha_523,Jamaica Plain VA Medical Center,va_health_facility,VA Medical Center (VAMC),1,523,derived,review_pending,discoverva_va_locator_facility_list,2026-05-05T16:33:37+00:00,https://discover.va.gov/va-locator-facility-list/,https://www.va.gov/boston-health-care/locations/jamaica-plain-va-medical-center/,42.32714719,-71.1110553
vha_523A4,West Roxbury VA Medical Center,va_health_facility,VA Medical Center (VAMC),1,,not_available,review_pending,discoverva_va_locator_facility_list,2026-05-05T16:33:37+00:00,https://discover.va.gov/va-locator-facility-list/,https://www.va.gov/boston-health-care/locations/west-roxbury-va-medical-center/,42.274242,-71.171856
vha_523A5,Brockton VA Medical Center,va_health_facility,VA Medical Center (VAMC),1,,not_available,review_pending,discoverva_va_locator_facility_list,2026-05-05T16:33:37+00:00,https://discover.va.gov/va-locator-facility-list/,https://www.va.gov/boston-health-care/locations/brockton-va-medical-center/,42.060906,-71.051868
vha_523BY,Lowell VA Clinic,va_health_facility,Multi-Specialty CBOC,1,523BY,derived,review_pending,discoverva_va_locator_facility_list,2026-05-05T16:33:37+00:00,https://discover.va.gov/va-locator-facility-list/,https://www.va.gov/boston-health-care/locations/lowell-va-clinic/,42.61937432,-71.31536985
vha_523BZ,Causeway VA Clinic,va_health_facility,Primary Care CBOC,1,523BZ,derived,review_pending,discoverva_va_locator_facility_list,2026-05-05T16:33:37+00:00,https://discover.va.gov/va-locator-facility-list/,https://www.va.gov/boston-health-care/locations/causeway-va-clinic/,42.36659056,-71.05901821
vha_523GA,Framingham VA Clinic,va_health_facility,Primary Care CBOC,1,523GA,derived,review_pending,discoverva_va_locator_facility_list,2026-05-05T16:33:37+00:00,https://discover.va.gov/va-locator-facility-list/,https://www.va.gov/boston-health-care/locations/framingham-va-clinic/,42.28301175,-71.41777479
vha_523GC,Quincy VA Clinic,va_health_facility,Other Outpatient Services (OOS),1,523GC,derived,review_pending,discoverva_va_locator_facility_list,2026-05-05T16:33:37+00:00,https://discover.va.gov/va-locator-facility-list/,https://www.va.gov/boston-health-care/locations/quincy-va-clinic/,42.272541,-71.030808
vha_523GD,Plymouth VA Clinic,va_health_facility,Primary Care CBOC,1,523GD,derived,review_pending,discoverva_va_locator_facility_list,2026-05-05T16:33:37+00:00,https://discover.va.gov/va-locator-facility-list/,https://www.va.gov/boston-health-care/locations/plymouth-va-clinic/,41.923754,-70.65677635
vha_526,James J. Peters Department of Veterans Affairs Medical Center,va_health_facility,VA Medical Center (VAMC),2,526,derived,review_pending,discoverva_va_locator_facility_list,2026-05-05T16:33:37+00:00,https://discover.va.gov/va-locator-facility-list/,https://www.va.gov/bronx-health-care/locations/james-j-peters-department-of-veterans-affairs-medical-center/,40.868667,-73.9049985
vha_526GA,White Plains VA Clinic,va_health_facility,Primary Care CBOC,2,526GA,derived,review_pending,discoverva_va_locator_facility_list,2026-05-05T16:33:37+00:00,https://discover.va.gov/va-locator-facility-list/,https://www.va.gov/bronx-health-care/locations/white-plains-va-clinic/,41.03277655,-73.76258981
vha_526GB,Yonkers VA Clinic,va_health_facility,Primary Care CBOC,2,526GB,derived,review_pending,discoverva_va_locator_facility_list,2026-05-05T16:33:37+00:00,https://discover.va.gov/va-locator-facility-list/,https://www.va.gov/bronx-health-care/locations/yonkers-va-clinic/,40.93282471,-73.89691943
vha_526GD,Thomas P. Noonan Jr. Department of Veterans Affairs Outpatient Clinic,va_health_facility,Other Outpatient Services (OOS),2,526GD,derived,review_pending,discoverva_va_locator_facility_list,2026-05-05T16:33:37+00:00,https://discover.va.gov/va-locator-facility-list/,https://www.va.gov/bronx-health-care/locations/thomas-p-noonan-jr-department-of-veterans-affairs-outpatient-clinic/,40.743333,-73.917576
vha_528,Buffalo VA Medical Center,va_health_facility,VA Medical Center (VAMC),2,528,derived,review_pending,discoverva_va_locator_facility_list,2026-05-05T16:33:37+00:00,https://discover.va.gov/va-locator-facility-list/,https://www.va.gov/western-new-york-health-care/locations/buffalo-va-medical-center/,42.951213,-78.81370154
vha_528A4,Batavia VA Medical Center,va_health_facility,VA Medical Center (VAMC),2,,not_available,review_pending,discoverva_va_locator_facility_list,2026-05-05T16:33:37+00:00,https://discover.va.gov/va-locator-facility-list/,https://www.va.gov/western-new-york-health-care/locations/batavia-va-medical-center/,43.01068917,-78.20073376
vha_528A5,Canandaigua VA Medical Center,va_health_facility,VA Medical Center (VAMC),2,,not_available,review_pending,discoverva_va_locator_facility_list,2026-05-05T16:33:37+00:00,https://discover.va.gov/va-locator-facility-list/,https://www.va.gov/finger-lakes-health-care/locations/canandaigua-va-medical-center/,42.9008251,-77.27086424
vha_528A6,Bath VA Medical Center,va_health_facility,VA Medical Center (VAMC),2,,not_available,review_pending,discoverva_va_locator_facility_list,2026-05-05T16:33:37+00:00,https://discover.va.gov/va-locator-facility-list/,https://www.va.gov/finger-lakes-health-care/locations/bath-va-medical-center/,42.3434334,-77.34724867
vha_528A7,Syracuse VA Medical Center,va_health_facility,VA Medical Center (VAMC),2,,not_available,review_pending,discoverva_va_locator_facility_list,2026-05-05T16:33:37+00:00,https://discover.va.gov/va-locator-facility-list/,https://www.va.gov/syracuse-health-care/locations/syracuse-va-medical-center/,43.03835653,-76.1382625
vha_528A8,Samuel S. Stratton Department of Veterans Affairs Medical Center,va_health_facility,VA Medical Center (VAMC),2,,not_available,review_pending,discoverva_va_locator_facility_list,2026-05-05T16:33:37+00:00,https://discover.va.gov/va-locator-facility-list/,https://www.va.gov/albany-health-care/locations/samuel-s-stratton-department-of-veterans-affairs-medical-center/,42.65073,-73.771938
vha_528G2,Westport VA Clinic,va_health_facility,Other Outpatient Services (OOS),2,,not_available,review_pending,discoverva_va_locator_facility_list,2026-05-05T16:33:37+00:00,https://discover.va.gov/va-locator-facility-list/,https://www.va.gov/albany-health-care/locations/westport-va-clinic/,44.20957345,-73.51262934
vha_528G3,Oneonta VA Clinic,va_health_facility,Other Outpatient Services (OOS),2,,not_available,review_pending,discoverva_va_locator_facility_list,2026-05-05T16:33:37+00:00,https://discover.va.gov/va-locator-facility-list/,https://www.va.gov/albany-health-care/locations/oneonta-va-clinic/,42.456267,-75.0293235
vha_528G4,Elmira VA Clinic,va_health_facility,Primary Care CBOC,2,,not_available,review_pending,discoverva_va_locator_facility_list,2026-05-05T16:33:37+00:00,https://discover.va.gov/va-locator-facility-list/,https://www.va.gov/finger-lakes-health-care/locations/elmira-va-clinic/,42.11089857,-76.82030439
vha_528G5,Auburn VA Clinic,va_health_facility,Primary Care CBOC,2,,not_available,review_pending,discoverva_va_locator_facility_list,2026-05-05T16:33:37+00:00,https://discover.va.gov/va-locator-facility-list/,https://www.va.gov/syracuse-health-care/locations/auburn-va-clinic/,42.9332785,-76.55944097
vha_528G6,Fonda VA Clinic,va_health_facility,Other Outpatient Services (OOS),2,,not_available,review_pending,discoverva_va_locator_facility_list,2026-05-05T16:33:37+00:00,https://discover.va.gov/va-locator-facility-list/,https://www.va.gov/albany-health-care/locations/fonda-va-clinic/,42.96119436,-74.38659934
vha_528G7,Catskill VA Clinic,va_health_facility,Other Outpatient Services (OOS),2,,not_available,review_pending,discoverva_va_locator_facility_list,2026-05-05T16:33:37+00:00,https://discover.va.gov/va-locator-facility-list/,https://www.va.gov/albany-health-care/locations/catskill-va-clinic/,42.23167556,-73.8780161
vha_528G8,Wellsville VA Clinic,va_health_facility,Other Outpatient Services (OOS),2,,not_available,review_pending,discoverva_va_locator_facility_list,2026-05-05T16:33:37+00:00,https://discover.va.gov/va-locator-facility-list/,https://www.va.gov/finger-lakes-health-care/locations/wellsville-va-clinic/,42.14903589,-77.97369424
vha_528G9,Tompkins County VA Clinic,va_health_facility,Primary Care CBOC,2,,not_available,review_pending,discoverva_va_locator_facility_list,2026-05-05T16:33:37+00:00,https://discover.va.gov/va-locator-facility-list/,https://www.va.gov/syracuse-health-care/locations/tompkins-county-va-clinic/,42.482925,-76.484925
vha_528GB,Jamestown VA Clinic,va_health_facility,Multi-Specialty CBOC,2,528GB,derived,review_pending,discoverva_va_locator_facility_list,2026-05-05T16:33:37+00:00,https://discover.va.gov/va-locator-facility-list/,https://www.va.gov/western-new-york-health-care/locations/jamestown-va-clinic/,42.082209,-79.2545805
vha_528GC,Dunkirk VA Clinic,va_health_facility,Primary Care CBOC,2,528GC,derived,review_pending,discoverva_va_locator_facility_list,2026-05-05T16:33:37+00:00,https://discover.va.gov/va-locator-facility-list/,https://www.va.gov/western-new-york-health-care/locations/dunkirk-va-clinic/,42.457572,-79.3320795
vha_528GD,Niagara Falls VA Clinic,va_health_facility,Primary Care CBOC,2,528GD,derived,review_pending,discoverva_va_locator_facility_list,2026-05-05T16:33:37+00:00,https://discover.va.gov/va-locator-facility-list/,https://www.va.gov/western-new-york-health-care/locations/niagara-falls-va-clinic/,43.09491977,-79.04631296
vha_528GE,Rochester Clinton Crossings VA Clinic,va_health_facility,Other Outpatient Services (OOS),2,528GE,derived,review_pending,discoverva_va_locator_facility_list,2026-05-05T16:33:37+00:00,https://discover.va.gov/va-locator-facility-list/,https://www.va.gov/finger-lakes-health-care/locations/rochester-clinton-crossings-va-clinic/,43.11531416,-77.59633114
vha_528GK,Lockport VA Clinic,va_health_facility,Primary Care CBOC,2,528GK,derived,review_pending,discoverva_va_locator_facility_list,2026-05-05T16:33:37+00:00,https://discover.va.gov/va-locator-facility-list/,https://www.va.gov/western-new-york-health-care/locations/lockport-va-clinic/,43.1476797,-78.6968427
vha_528GL,Potsdam VA Clinic,va_health_facility,Primary Care CBOC,2,528GL,derived,review_pending,discoverva_va_locator_facility_list,2026-05-05T16:33:37+00:00,https://discover.va.gov/va-locator-facility-list/,https://www.va.gov/syracuse-health-care/locations/potsdam-va-clinic/,44.685747,-74.989314
vha_528GM,Donald J. Mitchell Department of Veterans Affairs Outpatient Clinic,va_health_facility,Multi-Specialty CBOC,2,528GM,derived,review_pending,discoverva_va_locator_facility_list,2026-05-05T16:33:37+00:00,https://discover.va.gov/va-locator-facility-list/,https://www.va.gov/syracuse-health-care/locations/donald-j-mitchell-va-outpatient-clinic/,43.21306469,-75.41778418
vha_528GN,Binghamton VA Clinic,va_health_facility,Multi-Specialty CBOC,2,528GN,derived,review_pending,discoverva_va_locator_facility_list,2026-05-05T16:33:37+00:00,https://discover.va.gov/va-locator-facility-list/,https://www.va.gov/syracuse-health-care/locations/binghamton-va-clinic/,42.10073713,-75.90400991
vha_528GO,Watertown VA Clinic,va_health_facility,Primary Care CBOC,2,528GO,derived,review_pending,discoverva_va_locator_facility_list,2026-05-05T16:33:37+00:00,https://discover.va.gov/va-locator-facility-list/,https://www.va.gov/syracuse-health-care/locations/watertown-va-clinic/,43.982217,-75.9432015
vha_528GP,Oswego VA Clinic,va_health_facility,Primary Care CBOC,2,528GP,derived,review_pending,discoverva_va_locator_facility_list,2026-05-05T16:33:37+00:00,https://discover.va.gov/va-locator-facility-list/,https://www.va.gov/syracuse-health-care/locations/oswego-va-clinic/,43.46334,-76.482666
vha_528GQ,West Seneca VA Clinic,va_health_facility,Primary Care CBOC,2,528GQ,derived,review_pending,discoverva_va_locator_facility_list,2026-05-05T16:33:37+00:00,https://discover.va.gov/va-locator-facility-list/,https://www.va.gov/western-new-york-health-care/locations/west-seneca-va-clinic/,42.82662664,-78.75336589
vha_528GQ01,Springville VA Clinic,va_health_facility,MCS,2,,not_available,review_pending,discoverva_va_locator_facility_list,2026-05-05T16:33:37+00:00,https://discover.va.gov/va-locator-facility-list/,https://www.va.gov/western-new-york-health-care/locations/springville-va-clinic/,42.50306138,-78.68953837
vha_528GR,Olean VA Clinic,va_health_facility,Multi-Specialty CBOC,2,528GR,derived,review_pending,discoverva_va_locator_facility_list,2026-05-05T16:33:37+00:00,https://discover.va.gov/va-locator-facility-list/,https://www.va.gov/western-new-york-health-care/locations/olean-va-clinic/,42.084612,-78.43001903
vha_528GT,Glens Falls VA Clinic,va_health_facility,Primary Care CBOC,2,528GT,derived,review_pending,discoverva_va_locator_facility_list,2026-05-05T16:33:37+00:00,https://discover.va.gov/va-locator-facility-list/,https://www.va.gov/albany-health-care/locations/glens-falls-va-clinic/,43.31241827,-73.64364241
vha_528GV,Plattsburgh VA Clinic,va_health_facility,Primary Care CBOC,2,528GV,derived,review_pending,discoverva_va_locator_facility_list,2026-05-05T16:33:37+00:00,https://discover.va.gov/va-locator-facility-list/,https://www.va.gov/albany-health-care/locations/plattsburgh-va-clinic/,44.700093,-73.457775
vha_528GW,Schenectady VA Clinic,va_health_facility,Primary Care CBOC,2,528GW,derived,review_pending,discoverva_va_locator_facility_list,2026-05-05T16:33:37+00:00,https://discover.va.gov/va-locator-facility-list/,https://www.va.gov/albany-health-care/locations/schenectady-va-clinic/,42.7852374,-73.94459627
vha_528GY,Clifton Park VA Clinic,va_health_facility,Primary Care CBOC,2,528GY,derived,review_pending,discoverva_va_locator_facility_list,2026-05-05T16:33:37+00:00,https://discover.va.gov/va-locator-facility-list/,https://www.va.gov/albany-health-care/locations/clifton-park-va-clinic/,42.869196,-73.807362
vha_528GZ,Kingston VA Clinic,va_health_facility,Primary Care CBOC,2,528GZ,derived,review_pending,discoverva_va_locator_facility_list,2026-05-05T16:33:37+00:00,https://discover.va.gov/va-locator-facility-list/,https://www.va.gov/albany-health-care/locations/kingston-va-clinic/,41.97104714,-73.98761245
vha_528QA,Buffalo VA Clinic,va_health_facility,Other Outpatient Services (OOS),2,528QA,derived,review_pending,discoverva_va_locator_facility_list,2026-05-05T16:33:37+00:00,https://discover.va.gov/va-locator-facility-list/,https://www.va.gov/western-new-york-health-care/locations/buffalo-va-clinic/,42.945552,-78.830415
vha_528QB,Packard VA Clinic,va_health_facility,Other Outpatient Services (OOS),2,528QB,derived,review_pending,discoverva_va_locator_facility_list,2026-05-05T16:33:37+00:00,https://discover.va.gov/va-locator-facility-list/,https://www.va.gov/western-new-york-health-care/locations/packard-va-clinic/,42.909705,-78.8660865
vha_528QC,Rochester Calkins VA Clinic,va_health_facility,Multi-Specialty CBOC,2,528QC,derived,review_pending,discoverva_va_locator_facility_list,2026-05-05T16:33:37+00:00,https://discover.va.gov/va-locator-facility-list/,https://www.va.gov/finger-lakes-health-care/locations/rochester-calkins-va-clinic/,43.06828614,-77.63398787
vha_528QF,Wellsboro VA Clinic,va_health_facility,Other Outpatient Services (OOS),2,528QF,derived,review_pending,discoverva_va_locator_facility_list,2026-05-05T16:33:37+00:00,https://discover.va.gov/va-locator-facility-list/,https://www.va.gov/finger-lakes-health-care/locations/wellsboro-va-clinic/,41.74005031,-77.27014519
vha_528QG,Erie West VA Clinic,va_health_facility,Other Outpatient Services (OOS),2,528QG,derived,review_pending,discoverva_va_locator_facility_list,2026-05-05T16:33:37+00:00,https://discover.va.gov/va-locator-facility-list/,https://www.va.gov/syracuse-health-care/locations/erie-west-va-clinic/,43.04915851,-76.16445008
vha_528QH,South Salina VA Clinic,va_health_facility,Other Outpatient Services (OOS),2,528QH,derived,review_pending,discoverva_va_locator_facility_list,2026-05-05T16:33:37+00:00,https://discover.va.gov/va-locator-facility-list/,https://www.va.gov/syracuse-health-care/locations/south-salina-va-clinic/,43.04320573,-76.15175355
vha_528QI,Erie East VA Clinic,va_health_facility,Other Outpatient Services (OOS),2,528QI,derived,review_pending,discoverva_va_locator_facility_list,2026-05-05T16:33:37+00:00,https://discover.va.gov/va-locator-facility-list/,https://www.va.gov/syracuse-health-care/locations/erie-east-va-clinic/,43.050501,-76.1375385
vha_528QK,Saranac Lake VA Clinic,va_health_facility,Other Outpatient Services (OOS),2,528QK,derived,review_pending,discoverva_va_locator_facility_list,2026-05-05T16:33:37+00:00,https://discover.va.gov/va-locator-facility-list/,https://www.va.gov/albany-health-care/locations/saranac-lake-va-clinic/,44.33052462,-74.13240542
vha_528QN,Watertown 2 VA Clinic,va_health_facility,Other Outpatient Services (OOS),2,528QN,derived,review_pending,discoverva_va_locator_facility_list,2026-05-05T16:33:37+00:00,https://discover.va.gov/va-locator-facility-list/,https://www.va.gov/syracuse-health-care/locations/watertown-2-va-clinic/,43.948323,-75.91437
vha_529,Abie Abraham VA Clinic,va_health_facility,Multi-Specialty CBOC,4,529,derived,review_pending,discoverva_va_locator_facility_list,2026-05-05T16:33:37+00:00,https://discover.va.gov/va-locator-facility-list/,https://www.va.gov/butler-health-care/locations/abie-abraham-va-clinic/,40.888683,-79.9445205
vha_529A4,Butler VA Medical Center,va_health_facility,VA Medical Center (VAMC),4,,not_available,review_pending,discoverva_va_locator_facility_list,2026-05-05T16:33:37+00:00,https://discover.va.gov/va-locator-facility-list/,https://www.va.gov/butler-health-care/locations/butler-va-medical-center/,40.87407595,-79.94225005
vha_529GA,Michael A. Marzano Department of Veterans Affairs Outpatient Clinic,va_health_facility,Primary Care CBOC,4,529GA,derived,review_pending,discoverva_va_locator_facility_list,2026-05-05T16:33:37+00:00,https://discover.va.gov/va-locator-facility-list/,https://www.va.gov/butler-health-care/locations/michael-a-marzano-department-of-veterans-affairs-outpatient-clinic/,41.236398,-80.46315552
vha_529GB,Lawrence County VA Clinic,va_health_facility,Primary Care CBOC,4,529GB,derived,review_pending,discoverva_va_locator_facility_list,2026-05-05T16:33:37+00:00,https://discover.va.gov/va-locator-facility-list/,https://www.va.gov/butler-health-care/locations/lawrence-county-va-clinic/,40.983912,-80.310096
vha_529GC,Armstrong County VA Clinic,va_health_facility,Primary Care CBOC,4,529GC,derived,review_pending,discoverva_va_locator_facility_list,2026-05-05T16:33:37+00:00,https://discover.va.gov/va-locator-facility-list/,https://www.va.gov/butler-health-care/locations/armstrong-county-va-clinic/,40.81425093,-79.54544189
vha_529GD,Clarion County VA Clinic,va_health_facility,Other Outpatient Services (OOS),4,529GD,derived,review_pending,discoverva_va_locator_facility_list,2026-05-05T16:33:37+00:00,https://discover.va.gov/va-locator-facility-list/,https://www.va.gov/butler-health-care/locations/clarion-county-va-clinic/,41.192078,-79.394237
vha_529GF,Cranberry Township VA Clinic,va_health_facility,Primary Care CBOC,4,529GF,derived,review_pending,discoverva_va_locator_facility_list,2026-05-05T16:33:37+00:00,https://discover.va.gov/va-locator-facility-list/,https://www.va.gov/butler-health-care/locations/cranberry-township-va-clinic/,40.68352779,-80.11107836
vha_531,Boise VA Medical Center,va_health_facility,VA Medical Center (VAMC),20,531,derived,review_pending,discoverva_va_locator_facility_list,2026-05-05T16:33:37+00:00,https://discover.va.gov/va-locator-facility-list/,https://www.va.gov/boise-health-care/locations/boise-va-medical-center/,43.621065,-116.1904185
vha_531GE,Twin Falls VA Clinic,va_health_facility,Primary Care CBOC,20,531GE,derived,review_pending,discoverva_va_locator_facility_list,2026-05-05T16:33:37+00:00,https://discover.va.gov/va-locator-facility-list/,https://www.va.gov/boise-health-care/locations/twin-falls-va-clinic/,42.55486677,-114.46688751
vha_531GG,Caldwell VA Clinic,va_health_facility,Multi-Specialty CBOC,20,531GG,derived,review_pending,discoverva_va_locator_facility_list,2026-05-05T16:33:37+00:00,https://discover.va.gov/va-locator-facility-list/,https://www.va.gov/boise-health-care/locations/caldwell-va-clinic/,43.66445021,-116.647992
vha_531GH,Eastern Oregon VA Clinic,va_health_facility,Other Outpatient Services (OOS),20,531GH,derived,review_pending,discoverva_va_locator_facility_list,2026-05-05T16:33:37+00:00,https://discover.va.gov/va-locator-facility-list/,https://www.va.gov/boise-health-care/locations/eastern-oregon-va-clinic/,43.57331459,-119.07462483
vha_531GI,Mountain Home VA Clinic,va_health_facility,Primary Care CBOC,20,531GI,derived,review_pending,discoverva_va_locator_facility_list,2026-05-05T16:33:37+00:00,https://discover.va.gov/va-locator-facility-list/,https://www.va.gov/boise-health-care/locations/mountain-home-va-clinic/,43.13778295,-115.69252866
vha_531GJ,Salmon VA Clinic,va_health_facility,Other Outpatient Services (OOS),20,531GJ,derived,review_pending,discoverva_va_locator_facility_list,2026-05-05T16:33:37+00:00,https://discover.va.gov/va-locator-facility-list/,https://www.va.gov/boise-health-care/locations/salmon-va-clinic/,45.17309546,-113.89262879
vha_534,Ralph H. Johnson Department of Veterans Affairs Medical Center,va_health_facility,VA Medical Center (VAMC),7,534,derived,review_pending,discoverva_va_locator_facility_list,2026-05-05T16:33:37+00:00,https://discover.va.gov/va-locator-facility-list/,https://www.va.gov/charleston-health-care/locations/ralph-h-johnson-department-of-veterans-affairs-medical-center/,32.784471,-79.954146
vha_534BY,Savannah VA Clinic,va_health_facility,Multi-Specialty CBOC,7,534BY,derived,review_pending,discoverva_va_locator_facility_list,2026-05-05T16:33:37+00:00,https://discover.va.gov/va-locator-facility-list/,https://www.va.gov/charleston-health-care/locations/savannah-va-clinic/,31.98543511,-81.17099981
vha_534GB,Myrtle Beach VA Clinic,va_health_facility,Multi-Specialty CBOC,7,534GB,derived,review_pending,discoverva_va_locator_facility_list,2026-05-05T16:33:37+00:00,https://discover.va.gov/va-locator-facility-list/,https://www.va.gov/charleston-health-care/locations/myrtle-beach-va-clinic/,33.67741419,-78.94529931
vha_534GC,Beaufort VA Clinic,va_health_facility,Multi-Specialty CBOC,7,534GC,derived,review_pending,discoverva_va_locator_facility_list,2026-05-05T16:33:37+00:00,https://discover.va.gov/va-locator-facility-list/,https://www.va.gov/charleston-health-care/locations/beaufort-va-clinic/,32.3919543,-80.68559184
vha_534GD,Goose Creek VA Clinic,va_health_facility,Multi-Specialty CBOC,7,534GD,derived,review_pending,discoverva_va_locator_facility_list,2026-05-05T16:33:37+00:00,https://discover.va.gov/va-locator-facility-list/,https://www.va.gov/charleston-health-care/locations/goose-creek-va-clinic/,32.96639857,-79.96437579
vha_534GE,"John Gibson, Dan James, William Sapp, and Frankie Smiley VA Clinic",va_health_facility,Multi-Specialty CBOC,7,534GE,derived,review_pending,discoverva_va_locator_facility_list,2026-05-05T16:33:37+00:00,https://discover.va.gov/va-locator-facility-list/,https://www.va.gov/charleston-health-care/locations/john-gibson-dan-james-william-sapp-and-frankie-smiley-va-clinic/,31.84890928,-81.58899894
vha_534GF,North Charleston VA Clinic,va_health_facility,Multi-Specialty CBOC,7,534GF,derived,review_pending,discoverva_va_locator_facility_list,2026-05-05T16:33:37+00:00,https://discover.va.gov/va-locator-facility-list/,https://www.va.gov/charleston-health-care/locations/north-charleston-va-clinic/,32.913891,-80.025102
vha_534GG,Brunswick VA Clinic,va_health_facility,Other Outpatient Services (OOS),7,534GG,derived,review_pending,discoverva_va_locator_facility_list,2026-05-05T16:33:37+00:00,https://discover.va.gov/va-locator-facility-list/,https://www.va.gov/charleston-health-care/locations/brunswick-va-clinic/,31.203927,-81.504486
vha_534QB,Trident VA Clinic,va_health_facility,Other Outpatient Services (OOS),7,534QB,derived,review_pending,discoverva_va_locator_facility_list,2026-05-05T16:33:37+00:00,https://discover.va.gov/va-locator-facility-list/,https://www.va.gov/charleston-health-care/locations/trident-va-clinic/,32.977251,-80.072874
vha_534QC,Charleston VA Clinic,va_health_facility,Other Outpatient Services (OOS),7,534QC,derived,review_pending,discoverva_va_locator_facility_list,2026-05-05T16:33:37+00:00,https://discover.va.gov/va-locator-facility-list/,https://www.va.gov/charleston-health-care/locations/charleston-va-clinic/,32.875362,-80.0118495
vha_537,Jesse Brown Department of Veterans Affairs Medical Center,va_health_facility,VA Medical Center (VAMC),12,537,derived,review_pending,discoverva_va_locator_facility_list,2026-05-05T16:33:37+00:00,https://discover.va.gov/va-locator-facility-list/,https://www.va.gov/chicago-health-care/locations/jesse-brown-department-of-veterans-affairs-medical-center/,41.87078943,-87.67642646
vha_537BY,"Adam Benjamin Jr., Veterans' Administration Outpatient Clinic",va_health_facility,Multi-Specialty CBOC,12,537BY,derived,review_pending,discoverva_va_locator_facility_list,2026-05-05T16:33:37+00:00,https://discover.va.gov/va-locator-facility-list/,https://www.va.gov/chicago-health-care/locations/adam-benjamin-jr-veterans-administration-outpatient-clinic/,41.44910292,-87.34054537
vha_537GA,Chicago Heights VA Clinic,va_health_facility,Primary Care CBOC,12,537GA,derived,review_pending,discoverva_va_locator_facility_list,2026-05-05T16:33:37+00:00,https://discover.va.gov/va-locator-facility-list/,https://www.va.gov/chicago-health-care/locations/chicago-heights-va-clinic/,41.52644624,-87.65459513
vha_537GD,Lakeside VA Clinic,va_health_facility,Primary Care CBOC,12,537GD,derived,review_pending,discoverva_va_locator_facility_list,2026-05-05T16:33:37+00:00,https://discover.va.gov/va-locator-facility-list/,https://www.va.gov/chicago-health-care/locations/lakeside-va-clinic/,41.8933409,-87.62211777
vha_537HA,Auburn Gresham VA Clinic,va_health_facility,Primary Care CBOC,12,537HA,derived,review_pending,discoverva_va_locator_facility_list,2026-05-05T16:33:37+00:00,https://discover.va.gov/va-locator-facility-list/,https://www.va.gov/chicago-health-care/locations/auburn-gresham-va-clinic/,41.75326247,-87.64405954
vha_537QA,Chicago VA Clinic,va_health_facility,Other Outpatient Services (OOS),12,537QA,derived,review_pending,discoverva_va_locator_facility_list,2026-05-05T16:33:37+00:00,https://discover.va.gov/va-locator-facility-list/,https://www.va.gov/chicago-health-care/locations/chicago-va-clinic/,41.86762574,-87.69588427
vha_538,Chillicothe VA Medical Center,va_health_facility,VA Medical Center (VAMC),10,538,derived,review_pending,discoverva_va_locator_facility_list,2026-05-05T16:33:37+00:00,https://discover.va.gov/va-locator-facility-list/,https://www.va.gov/chillicothe-health-care/locations/chillicothe-va-medical-center/,39.39081338,-83.0126848
vha_538GA,Athens VA Clinic,va_health_facility,Primary Care CBOC,10,538GA,derived,review_pending,discoverva_va_locator_facility_list,2026-05-05T16:33:37+00:00,https://discover.va.gov/va-locator-facility-list/,https://www.va.gov/chillicothe-health-care/locations/athens-va-clinic/,39.37540732,-82.13436367
vha_538GB,Portsmouth VA Clinic,va_health_facility,Primary Care CBOC,10,538GB,derived,review_pending,discoverva_va_locator_facility_list,2026-05-05T16:33:37+00:00,https://discover.va.gov/va-locator-facility-list/,https://www.va.gov/chillicothe-health-care/locations/portsmouth-va-clinic/,38.75331233,-82.93380591
vha_538GC,Marietta VA Clinic,va_health_facility,Primary Care CBOC,10,538GC,derived,review_pending,discoverva_va_locator_facility_list,2026-05-05T16:33:37+00:00,https://discover.va.gov/va-locator-facility-list/,https://www.va.gov/chillicothe-health-care/locations/marietta-va-clinic/,39.36443904,-81.3912689
vha_538GD,Lancaster VA Clinic,va_health_facility,Primary Care CBOC,10,538GD,derived,review_pending,discoverva_va_locator_facility_list,2026-05-05T16:33:37+00:00,https://discover.va.gov/va-locator-facility-list/,https://www.va.gov/chillicothe-health-care/locations/lancaster-va-clinic/,39.7314101,-82.61527609
vha_538GE,Cambridge VA Clinic,va_health_facility,Primary Care CBOC,10,538GE,derived,review_pending,discoverva_va_locator_facility_list,2026-05-05T16:33:37+00:00,https://discover.va.gov/va-locator-facility-list/,https://www.va.gov/chillicothe-health-care/locations/cambridge-va-clinic/,40.00252672,-81.57671847
vha_538GF,Wilmington VA Clinic,va_health_facility,Primary Care CBOC,10,538GF,derived,review_pending,discoverva_va_locator_facility_list,2026-05-05T16:33:37+00:00,https://discover.va.gov/va-locator-facility-list/,https://www.va.gov/chillicothe-health-care/locations/wilmington-va-clinic/,39.44549149,-83.83666016
vha_539,Cincinnati VA Medical Center,va_health_facility,VA Medical Center (VAMC),10,539,derived,review_pending,discoverva_va_locator_facility_list,2026-05-05T16:33:37+00:00,https://discover.va.gov/va-locator-facility-list/,https://www.va.gov/cincinnati-health-care/locations/cincinnati-va-medical-center/,39.13815487,-84.5095002
vha_539A4,Cincinnati VA Medical Center-Fort Thomas,va_health_facility,Residential Care Site (MH RRTP/DRRTP) (Stand-Alone),10,,not_available,review_pending,discoverva_va_locator_facility_list,2026-05-05T16:33:37+00:00,https://discover.va.gov/va-locator-facility-list/,https://www.va.gov/cincinnati-health-care/locations/cincinnati-va-medical-center-fort-thomas/,39.06459,-84.4456095
vha_539GA,Bellevue VA Clinic,va_health_facility,Primary Care CBOC,10,539GA,derived,review_pending,discoverva_va_locator_facility_list,2026-05-05T16:33:37+00:00,https://discover.va.gov/va-locator-facility-list/,https://www.va.gov/cincinnati-health-care/locations/bellevue-va-clinic/,39.100959,-84.484638
vha_539GB,Clermont County VA Clinic,va_health_facility,Multi-Specialty CBOC,10,539GB,derived,review_pending,discoverva_va_locator_facility_list,2026-05-05T16:33:37+00:00,https://discover.va.gov/va-locator-facility-list/,https://www.va.gov/cincinnati-health-care/locations/clermont-county-va-clinic/,39.111678,-84.304386
vha_539GC,Dearborn VA Clinic,va_health_facility,Multi-Specialty CBOC,10,539GC,derived,review_pending,discoverva_va_locator_facility_list,2026-05-05T16:33:37+00:00,https://discover.va.gov/va-locator-facility-list/,https://www.va.gov/cincinnati-health-care/locations/dearborn-va-clinic/,39.11274703,-84.88569777
vha_539GD,Florence VA Clinic,va_health_facility,Multi-Specialty CBOC,10,539GD,derived,review_pending,discoverva_va_locator_facility_list,2026-05-05T16:33:37+00:00,https://discover.va.gov/va-locator-facility-list/,https://www.va.gov/cincinnati-health-care/locations/florence-va-clinic/,39.013029,-84.6271035
vha_539GE,Hamilton VA Clinic,va_health_facility,Multi-Specialty CBOC,10,539GE,derived,review_pending,discoverva_va_locator_facility_list,2026-05-05T16:33:37+00:00,https://discover.va.gov/va-locator-facility-list/,https://www.va.gov/cincinnati-health-care/locations/hamilton-va-clinic/,39.378879,-84.547107
vha_539GF,Georgetown VA Clinic,va_health_facility,Multi-Specialty CBOC,10,539GF,derived,review_pending,discoverva_va_locator_facility_list,2026-05-05T16:33:37+00:00,https://discover.va.gov/va-locator-facility-list/,https://www.va.gov/cincinnati-health-care/locations/georgetown-va-clinic/,38.85673704,-83.89813304
vha_539QB,Highland Avenue VA Clinic,va_health_facility,Other Outpatient Services (OOS),10,539QB,derived,review_pending,discoverva_va_locator_facility_list,2026-05-05T16:33:37+00:00,https://discover.va.gov/va-locator-facility-list/,https://www.va.gov/cincinnati-health-care/locations/highland-avenue-va-clinic/,39.13345555,-84.50275191
vha_539QC,Vine Street VA Clinic,va_health_facility,Other Outpatient Services (OOS),10,539QC,derived,review_pending,discoverva_va_locator_facility_list,2026-05-05T16:33:37+00:00,https://discover.va.gov/va-locator-facility-list/,https://www.va.gov/cincinnati-health-care/locations/vine-street-va-clinic/,39.10573105,-84.51413714
vha_539QD,Norwood VA Clinic,va_health_facility,Other Outpatient Services (OOS),10,539QD,derived,review_pending,discoverva_va_locator_facility_list,2026-05-05T16:33:37+00:00,https://discover.va.gov/va-locator-facility-list/,https://www.va.gov/cincinnati-health-care/locations/norwood-va-clinic/,39.160143,-84.4522245
vha_540,Louis A. Johnson Veterans' Administration Medical Center,va_health_facility,VA Medical Center (VAMC),5,540,derived,review_pending,discoverva_va_locator_facility_list,2026-05-05T16:33:37+00:00,https://discover.va.gov/va-locator-facility-list/,https://www.va.gov/clarksburg-health-care/locations/louis-a-johnson-veterans-administration-medical-center/,39.27033903,-80.36142251
vha_540GA,Tucker County VA Clinic,va_health_facility,Other Outpatient Services (OOS),5,540GA,derived,review_pending,discoverva_va_locator_facility_list,2026-05-05T16:33:37+00:00,https://discover.va.gov/va-locator-facility-list/,https://www.va.gov/clarksburg-health-care/locations/tucker-county-va-clinic/,39.09723132,-79.68392504
vha_540GB,Wood County VA Clinic,va_health_facility,Primary Care CBOC,5,540GB,derived,review_pending,discoverva_va_locator_facility_list,2026-05-05T16:33:37+00:00,https://discover.va.gov/va-locator-facility-list/,https://www.va.gov/clarksburg-health-care/locations/wood-county-va-clinic/,39.28193568,-81.55006974
vha_540GC,Braxton County VA Clinic,va_health_facility,Other Outpatient Services (OOS),5,540GC,derived,review_pending,discoverva_va_locator_facility_list,2026-05-05T16:33:37+00:00,https://discover.va.gov/va-locator-facility-list/,https://www.va.gov/clarksburg-health-care/locations/braxton-county-va-clinic/,38.65959485,-80.74233213
vha_540GD,Monongalia County VA Clinic,va_health_facility,Multi-Specialty CBOC,5,540GD,derived,review_pending,discoverva_va_locator_facility_list,2026-05-05T16:33:37+00:00,https://discover.va.gov/va-locator-facility-list/,https://www.va.gov/clarksburg-health-care/locations/monongalia-county-va-clinic/,39.62830239,-79.98628342
vha_541,Louis Stokes Cleveland Department of Veterans Affairs Medical Center,va_health_facility,VA Medical Center (VAMC),10,541,derived,review_pending,discoverva_va_locator_facility_list,2026-05-05T16:33:37+00:00,https://discover.va.gov/va-locator-facility-list/,https://www.va.gov/northeast-ohio-health-care/locations/louis-stokes-cleveland-department-of-veterans-affairs-medical-center/,41.51266301,-81.61330533
vha_541BY,Canton VA Clinic,va_health_facility,Multi-Specialty CBOC,10,541BY,derived,review_pending,discoverva_va_locator_facility_list,2026-05-05T16:33:37+00:00,https://discover.va.gov/va-locator-facility-list/,https://www.va.gov/northeast-ohio-health-care/locations/canton-va-clinic/,40.793274,-81.3771945
vha_541BZ,Carl Nunziato VA Clinic,va_health_facility,Multi-Specialty CBOC,10,541BZ,derived,review_pending,discoverva_va_locator_facility_list,2026-05-05T16:33:37+00:00,https://discover.va.gov/va-locator-facility-list/,https://www.va.gov/northeast-ohio-health-care/locations/carl-nunziato-va-clinic/,41.12395341,-80.66331412
vha_541GB,Lorain VA Clinic,va_health_facility,Multi-Specialty CBOC,10,541GB,derived,review_pending,discoverva_va_locator_facility_list,2026-05-05T16:33:37+00:00,https://discover.va.gov/va-locator-facility-list/,https://www.va.gov/northeast-ohio-health-care/locations/lorain-va-clinic/,41.42105379,-82.07706235
vha_541GC,Sandusky VA Clinic,va_health_facility,Multi-Specialty CBOC,10,541GC,derived,review_pending,discoverva_va_locator_facility_list,2026-05-05T16:33:37+00:00,https://discover.va.gov/va-locator-facility-list/,https://www.va.gov/northeast-ohio-health-care/locations/sandusky-va-clinic/,41.43744698,-82.71285722
vha_541GD,David F. Winder Department of Veterans Affairs Community Based Outpatient Clinic,va_health_facility,Multi-Specialty CBOC,10,541GD,derived,review_pending,discoverva_va_locator_facility_list,2026-05-05T16:33:37+00:00,https://discover.va.gov/va-locator-facility-list/,https://www.va.gov/northeast-ohio-health-care/locations/david-f-winder-department-of-veterans-affairs-community-based-outpatient-clinic/,40.73575161,-82.55156971
vha_541GF,Lake County VA Clinic,va_health_facility,Multi-Specialty CBOC,10,541GF,derived,review_pending,discoverva_va_locator_facility_list,2026-05-05T16:33:37+00:00,https://discover.va.gov/va-locator-facility-list/,https://www.va.gov/northeast-ohio-health-care/locations/lake-county-va-clinic/,41.62321926,-81.43835385
vha_541GG,Akron VA Clinic,va_health_facility,Multi-Specialty CBOC,10,541GG,derived,review_pending,discoverva_va_locator_facility_list,2026-05-05T16:33:37+00:00,https://discover.va.gov/va-locator-facility-list/,https://www.va.gov/northeast-ohio-health-care/locations/akron-va-clinic/,41.029128,-81.529002
vha_541GH,East Liverpool VA Clinic,va_health_facility,Multi-Specialty CBOC,10,541GH,derived,review_pending,discoverva_va_locator_facility_list,2026-05-05T16:33:37+00:00,https://discover.va.gov/va-locator-facility-list/,https://www.va.gov/northeast-ohio-health-care/locations/east-liverpool-va-clinic/,40.67315413,-80.57818823
vha_541GI,Warren VA Clinic,va_health_facility,Primary Care CBOC,10,541GI,derived,review_pending,discoverva_va_locator_facility_list,2026-05-05T16:33:37+00:00,https://discover.va.gov/va-locator-facility-list/,https://www.va.gov/northeast-ohio-health-care/locations/warren-va-clinic/,41.24652964,-80.83480505
vha_541GJ,New Philadelphia VA Clinic,va_health_facility,Primary Care CBOC,10,541GJ,derived,review_pending,discoverva_va_locator_facility_list,2026-05-05T16:33:37+00:00,https://discover.va.gov/va-locator-facility-list/,https://www.va.gov/northeast-ohio-health-care/locations/new-philadelphia-va-clinic/,40.50639848,-81.45682508
vha_541GK,Ravenna VA Clinic,va_health_facility,Primary Care CBOC,10,541GK,derived,review_pending,discoverva_va_locator_facility_list,2026-05-05T16:33:37+00:00,https://discover.va.gov/va-locator-facility-list/,https://www.va.gov/northeast-ohio-health-care/locations/ravenna-va-clinic/,41.1734421,-81.24497828
vha_541GL,Parma VA Clinic,va_health_facility,Multi-Specialty CBOC,10,541GL,derived,review_pending,discoverva_va_locator_facility_list,2026-05-05T16:33:37+00:00,https://discover.va.gov/va-locator-facility-list/,https://www.va.gov/northeast-ohio-health-care/locations/parma-va-clinic/,41.4184726,-81.74646127
vha_541GM,Cleveland VA Clinic-Superior,va_health_facility,Other Outpatient Services (OOS),10,541GM,derived,review_pending,discoverva_va_locator_facility_list,2026-05-05T16:33:37+00:00,https://discover.va.gov/va-locator-facility-list/,https://www.va.gov/northeast-ohio-health-care/locations/cleveland-va-clinic-superior/,41.52075514,-81.62566982
vha_541QA,Summit County VA Clinic,va_health_facility,Other Outpatient Services (OOS),10,541QA,derived,review_pending,discoverva_va_locator_facility_list,2026-05-05T16:33:37+00:00,https://discover.va.gov/va-locator-facility-list/,https://www.va.gov/northeast-ohio-health-care/locations/summit-county-va-clinic/,41.064282,-81.5220405
vha_541QB,Cleveland VA Clinic-Euclid,va_health_facility,Multi-Specialty CBOC,10,541QB,derived,review_pending,discoverva_va_locator_facility_list,2026-05-05T16:33:37+00:00,https://discover.va.gov/va-locator-facility-list/,https://www.va.gov/northeast-ohio-health-care/locations/cleveland-va-clinic-euclid/,41.503689,-81.6410655
vha_541QI,Akron West VA Clinic,va_health_facility,Other Outpatient Services (OOS),10,541QI,derived,review_pending,discoverva_va_locator_facility_list,2026-05-05T16:33:37+00:00,https://discover.va.gov/va-locator-facility-list/,https://www.va.gov/northeast-ohio-health-care/locations/akron-west-va-clinic,41.02875665,-81.53055375
vha_542,Coatesville VA Medical Center,va_health_facility,VA Medical Center (VAMC),4,542,derived,review_pending,discoverva_va_locator_facility_list,2026-05-05T16:33:37+00:00,https://discover.va.gov/va-locator-facility-list/,https://www.va.gov/coatesville-health-care/locations/coatesville-va-medical-center/,39.998097,-75.7963125
vha_542GA,Delaware County VA Clinic,va_health_facility,Primary Care CBOC,4,542GA,derived,review_pending,discoverva_va_locator_facility_list,2026-05-05T16:33:37+00:00,https://discover.va.gov/va-locator-facility-list/,https://www.va.gov/coatesville-health-care/locations/delaware-county-va-clinic/,39.97519719,-75.44244579
vha_542GE,West Norriton VA Clinic,va_health_facility,Multi-Specialty CBOC,4,542GE,derived,review_pending,discoverva_va_locator_facility_list,2026-05-05T16:33:37+00:00,https://discover.va.gov/va-locator-facility-list/,https://www.va.gov/coatesville-health-care/locations/west-norriton-va-clinic/,40.12324715,-75.4011093
vha_544,Wm. Jennings Bryan Dorn Department of Veterans Affairs Medical Center,va_health_facility,VA Medical Center (VAMC),7,544,derived,review_pending,discoverva_va_locator_facility_list,2026-05-05T16:33:37+00:00,https://discover.va.gov/va-locator-facility-list/,https://www.va.gov/columbia-south-carolina-health-care/locations/wm-jennings-bryan-dorn-department-of-veterans-affairs-medical-center/,33.976395,-80.960958
vha_544BZ,Lance Corporal Dana Cornell Darnell VA Clinic,va_health_facility,Multi-Specialty CBOC,7,544BZ,derived,review_pending,discoverva_va_locator_facility_list,2026-05-05T16:33:37+00:00,https://discover.va.gov/va-locator-facility-list/,https://www.va.gov/columbia-south-carolina-health-care/locations/lance-corporal-dana-cornell-darnell-va-clinic/,34.814934,-82.41606
vha_544GB,Florence VA Clinic,va_health_facility,Multi-Specialty CBOC,7,544GB,derived,review_pending,discoverva_va_locator_facility_list,2026-05-05T16:33:37+00:00,https://discover.va.gov/va-locator-facility-list/,https://www.va.gov/columbia-south-carolina-health-care/locations/florence-va-clinic/,34.2201966,-79.80088183
vha_544GC,Rock Hill VA Clinic,va_health_facility,Primary Care CBOC,7,544GC,derived,review_pending,discoverva_va_locator_facility_list,2026-05-05T16:33:37+00:00,https://discover.va.gov/va-locator-facility-list/,https://www.va.gov/columbia-south-carolina-health-care/locations/rock-hill-va-clinic/,34.97720057,-81.02445796
vha_544GD,Anderson VA Clinic,va_health_facility,Multi-Specialty CBOC,7,544GD,derived,review_pending,discoverva_va_locator_facility_list,2026-05-05T16:33:37+00:00,https://discover.va.gov/va-locator-facility-list/,https://www.va.gov/columbia-south-carolina-health-care/locations/anderson-va-clinic/,34.57269907,-82.62396889
vha_544GE,Orangeburg VA Clinic,va_health_facility,Primary Care CBOC,7,544GE,derived,review_pending,discoverva_va_locator_facility_list,2026-05-05T16:33:37+00:00,https://discover.va.gov/va-locator-facility-list/,https://www.va.gov/columbia-south-carolina-health-care/locations/orangeburg-va-clinic/,33.47477744,-80.85250367
vha_544GF,Sumter VA Clinic,va_health_facility,Primary Care CBOC,7,544GF,derived,review_pending,discoverva_va_locator_facility_list,2026-05-05T16:33:37+00:00,https://discover.va.gov/va-locator-facility-list/,https://www.va.gov/columbia-south-carolina-health-care/locations/sumter-va-clinic/,33.94957811,-80.36885486
vha_544GG,Spartanburg VA Clinic,va_health_facility,Primary Care CBOC,7,544GG,derived,review_pending,discoverva_va_locator_facility_list,2026-05-05T16:33:37+00:00,https://discover.va.gov/va-locator-facility-list/,https://www.va.gov/columbia-south-carolina-health-care/locations/spartanburg-va-clinic/,34.99248044,-81.94296537
vha_544HK,Columbia VA Mobile Clinic,va_health_facility,Other Outpatient Services (OOS),7,544HK,derived,review_pending,discoverva_va_locator_facility_list,2026-05-05T16:33:37+00:00,https://discover.va.gov/va-locator-facility-list/,https://www.va.gov/columbia-south-carolina-health-care/locations/columbia-va-mobile-clinic/,33.976395,-80.960958
vha_546,Bruce W. Carter Department of Veterans Affairs Medical Center,va_health_facility,VA Medical Center (VAMC),8,546,derived,review_pending,discoverva_va_locator_facility_list,2026-05-05T16:33:37+00:00,https://discover.va.gov/va-locator-facility-list/,https://www.va.gov/miami-health-care/locations/bruce-w-carter-department-of-veterans-affairs-medical-center/,25.79096193,-80.21812557
vha_546BZ,"William ""Bill"" Kling Department of Veterans Affairs Outpatient Clinic",va_health_facility,Multi-Specialty CBOC,8,546BZ,derived,review_pending,discoverva_va_locator_facility_list,2026-05-05T16:33:37+00:00,https://discover.va.gov/va-locator-facility-list/,https://www.va.gov/miami-health-care/locations/william-bill-kling-department-of-veterans-affairs-outpatient-clinic/,26.19364651,-80.28120133
vha_546GA,Miami Flagler VA Clinic,va_health_facility,Other Outpatient Services (OOS),8,546GA,derived,review_pending,discoverva_va_locator_facility_list,2026-05-05T16:33:37+00:00,https://discover.va.gov/va-locator-facility-list/,https://www.va.gov/miami-health-care/locations/miami-flagler-va-clinic/,25.77334969,-80.21946944
vha_546GB,Key West VA Clinic,va_health_facility,Primary Care CBOC,8,546GB,derived,review_pending,discoverva_va_locator_facility_list,2026-05-05T16:33:37+00:00,https://discover.va.gov/va-locator-facility-list/,https://www.va.gov/miami-health-care/locations/key-west-va-clinic/,24.56926736,-81.75046078
vha_546GC,Homestead VA Clinic,va_health_facility,Multi-Specialty CBOC,8,546GC,derived,review_pending,discoverva_va_locator_facility_list,2026-05-05T16:33:37+00:00,https://discover.va.gov/va-locator-facility-list/,https://www.va.gov/miami-health-care/locations/homestead-va-clinic/,25.479675,-80.4778335
vha_546GD,Pembroke Pines VA Clinic,va_health_facility,Primary Care CBOC,8,546GD,derived,review_pending,discoverva_va_locator_facility_list,2026-05-05T16:33:37+00:00,https://discover.va.gov/va-locator-facility-list/,https://www.va.gov/miami-health-care/locations/pembroke-pines-va-clinic/,26.0314371,-80.23598337
vha_546GE,Key Largo VA Clinic,va_health_facility,Other Outpatient Services (OOS),8,546GE,derived,review_pending,discoverva_va_locator_facility_list,2026-05-05T16:33:37+00:00,https://discover.va.gov/va-locator-facility-list/,https://www.va.gov/miami-health-care/locations/key-largo-va-clinic/,25.164036,-80.3813085
vha_546GF,Hollywood VA Clinic,va_health_facility,Primary Care CBOC,8,546GF,derived,review_pending,discoverva_va_locator_facility_list,2026-05-05T16:33:37+00:00,https://discover.va.gov/va-locator-facility-list/,https://www.va.gov/miami-health-care/locations/hollywood-va-clinic/,26.00298853,-80.18084917
vha_546GH,Deerfield Beach VA Clinic,va_health_facility,Primary Care CBOC,8,546GH,derived,review_pending,discoverva_va_locator_facility_list,2026-05-05T16:33:37+00:00,https://discover.va.gov/va-locator-facility-list/,https://www.va.gov/miami-health-care/locations/deerfield-beach-va-clinic/,26.30392391,-80.1329457
vha_548,Thomas H. Corey VA Medical Center,va_health_facility,VA Medical Center (VAMC),8,548,derived,review_pending,discoverva_va_locator_facility_list,2026-05-05T16:33:37+00:00,https://discover.va.gov/va-locator-facility-list/,https://www.va.gov/west-palm-beach-health-care/locations/west-palm-beach-va-medical-center/,26.786079,-80.1117675
vha_548GA,Fort Pierce VA Clinic,va_health_facility,Primary Care CBOC,8,548GA,derived,review_pending,discoverva_va_locator_facility_list,2026-05-05T16:33:37+00:00,https://discover.va.gov/va-locator-facility-list/,https://www.va.gov/west-palm-beach-health-care/locations/fort-pierce-va-clinic/,27.429102,-80.3505645
vha_548GB,Delray Beach VA Clinic,va_health_facility,Primary Care CBOC,8,548GB,derived,review_pending,discoverva_va_locator_facility_list,2026-05-05T16:33:37+00:00,https://discover.va.gov/va-locator-facility-list/,https://www.va.gov/west-palm-beach-health-care/locations/delray-beach-va-clinic/,26.438103,-80.118387
vha_548GC,Stuart VA Clinic,va_health_facility,Primary Care CBOC,8,548GC,derived,review_pending,discoverva_va_locator_facility_list,2026-05-05T16:33:37+00:00,https://discover.va.gov/va-locator-facility-list/,https://www.va.gov/west-palm-beach-health-care/locations/stuart-va-clinic/,27.16173171,-80.24055997
vha_548GD,Boca Raton VA Clinic,va_health_facility,Primary Care CBOC,8,548GD,derived,review_pending,discoverva_va_locator_facility_list,2026-05-05T16:33:37+00:00,https://discover.va.gov/va-locator-facility-list/,https://www.va.gov/west-palm-beach-health-care/locations/boca-raton-va-clinic/,26.35850399,-80.10453053
vha_548GE,Vero Beach VA Clinic,va_health_facility,Primary Care CBOC,8,548GE,derived,review_pending,discoverva_va_locator_facility_list,2026-05-05T16:33:37+00:00,https://discover.va.gov/va-locator-facility-list/,https://www.va.gov/west-palm-beach-health-care/locations/vero-beach-va-clinic/,27.63255628,-80.38021807
vha_548GF,Okeechobee VA Clinic,va_health_facility,Primary Care CBOC,8,548GF,derived,review_pending,discoverva_va_locator_facility_list,2026-05-05T16:33:37+00:00,https://discover.va.gov/va-locator-facility-list/,https://www.va.gov/west-palm-beach-health-care/locations/okeechobee-va-clinic/,27.25614877,-80.82995034
vha_548QA,Port Saint Lucie VA Clinic,va_health_facility,Other Outpatient Services (OOS),8,548QA,derived,review_pending,discoverva_va_locator_facility_list,2026-05-05T16:33:37+00:00,https://discover.va.gov/va-locator-facility-list/,https://www.va.gov/west-palm-beach-health-care/locations/port-saint-lucie-va-clinic/,27.310248,-80.402481
vha_549,Dallas VA Medical Center,va_health_facility,VA Medical Center (VAMC),17,549,derived,review_pending,discoverva_va_locator_facility_list,2026-05-05T16:33:37+00:00,https://discover.va.gov/va-locator-facility-list/,https://www.va.gov/north-texas-health-care/locations/dallas-va-medical-center/,32.694444,-96.791634
vha_549A4,Sam Rayburn Memorial Veterans Center,va_health_facility,VA Medical Center (VAMC),17,,not_available,review_pending,discoverva_va_locator_facility_list,2026-05-05T16:33:37+00:00,https://discover.va.gov/va-locator-facility-list/,https://www.va.gov/north-texas-health-care/locations/sam-rayburn-memorial-veterans-center/,33.58161396,-96.16726047
vha_549A5,Garland VA Medical Center,va_health_facility,Multi-Specialty CBOC,17,,not_available,review_pending,discoverva_va_locator_facility_list,2026-05-05T16:33:37+00:00,https://discover.va.gov/va-locator-facility-list/,https://www.va.gov/north-texas-health-care/locations/garland-va-medical-center/,32.91860846,-96.66199796
vha_549BY,Fort Worth VA Clinic,va_health_facility,Multi-Specialty CBOC,17,549BY,derived,review_pending,discoverva_va_locator_facility_list,2026-05-05T16:33:37+00:00,https://discover.va.gov/va-locator-facility-list/,https://www.va.gov/north-texas-health-care/locations/fort-worth-va-clinic/,32.66918174,-97.30015204
vha_549GD,Denton VA Clinic,va_health_facility,Primary Care CBOC,17,549GD,derived,review_pending,discoverva_va_locator_facility_list,2026-05-05T16:33:37+00:00,https://discover.va.gov/va-locator-facility-list/,https://www.va.gov/north-texas-health-care/locations/denton-va-clinic/,33.19124245,-97.11156756
vha_549GE,Decatur VA Clinic,va_health_facility,Primary Care CBOC,17,549GE,derived,review_pending,discoverva_va_locator_facility_list,2026-05-05T16:33:37+00:00,https://discover.va.gov/va-locator-facility-list/,https://www.va.gov/north-texas-health-care/locations/decatur-va-clinic/,33.23156569,-97.60825891
vha_549GF,Granbury VA Clinic,va_health_facility,Primary Care CBOC,17,549GF,derived,review_pending,discoverva_va_locator_facility_list,2026-05-05T16:33:37+00:00,https://discover.va.gov/va-locator-facility-list/,https://www.va.gov/north-texas-health-care/locations/granbury-va-clinic/,32.42518847,-97.8086708
vha_549GH,Greenville VA Clinic,va_health_facility,Primary Care CBOC,17,549GH,derived,review_pending,discoverva_va_locator_facility_list,2026-05-05T16:33:37+00:00,https://discover.va.gov/va-locator-facility-list/,https://www.va.gov/north-texas-health-care/locations/greenville-va-clinic/,33.08644832,-96.08041449
vha_549GJ,Sherman VA Clinic,va_health_facility,Primary Care CBOC,17,549GJ,derived,review_pending,discoverva_va_locator_facility_list,2026-05-05T16:33:37+00:00,https://discover.va.gov/va-locator-facility-list/,https://www.va.gov/north-texas-health-care/locations/sherman-va-clinic/,33.65396051,-96.60652625
vha_549GK,Polk Street VA Clinic,va_health_facility,Other Outpatient Services (OOS),17,549GK,derived,review_pending,discoverva_va_locator_facility_list,2026-05-05T16:33:37+00:00,https://discover.va.gov/va-locator-facility-list/,https://www.va.gov/north-texas-health-care/locations/polk-street-va-clinic/,32.693472,-96.8409315
vha_549GL,Plano VA Clinic,va_health_facility,Primary Care CBOC,17,549GL,derived,review_pending,discoverva_va_locator_facility_list,2026-05-05T16:33:37+00:00,https://discover.va.gov/va-locator-facility-list/,https://www.va.gov/north-texas-health-care/locations/plano-va-clinic/,33.01920164,-96.76429567
vha_549GM,Grand Prairie VA Clinic,va_health_facility,Primary Care CBOC,17,549GM,derived,review_pending,discoverva_va_locator_facility_list,2026-05-05T16:33:37+00:00,https://discover.va.gov/va-locator-facility-list/,https://www.va.gov/north-texas-health-care/locations/grand-prairie-va-clinic/,32.734305,-97.0498125
vha_549GN,Tyler Centennial VA Clinic,va_health_facility,Multi-Specialty CBOC,17,549GN,derived,review_pending,discoverva_va_locator_facility_list,2026-05-05T16:33:37+00:00,https://discover.va.gov/va-locator-facility-list/,https://www.va.gov/north-texas-health-care/locations/tyler-centennial-va-clinic/,32.244984,-95.285538
vha_549HK,North Texas VA Mobile Clinic,va_health_facility,Other Outpatient Services (OOS),17,549HK,derived,review_pending,discoverva_va_locator_facility_list,2026-05-05T16:33:37+00:00,https://discover.va.gov/va-locator-facility-list/,https://www.va.gov/north-texas-health-care/locations/north-texas-va-mobile-clinic/,32.694444,-96.791634
vha_549QA,Dallas VA Clinic,va_health_facility,Other Outpatient Services (OOS),17,549QA,derived,review_pending,discoverva_va_locator_facility_list,2026-05-05T16:33:37+00:00,https://discover.va.gov/va-locator-facility-list/,https://www.va.gov/north-texas-health-care/locations/dallas-va-clinic/,32.68836794,-96.79046487
vha_549QB,Fort Worth New York VA Clinic,va_health_facility,Other Outpatient Services (OOS),17,549QB,derived,review_pending,discoverva_va_locator_facility_list,2026-05-05T16:33:37+00:00,https://discover.va.gov/va-locator-facility-list/,https://www.va.gov/north-texas-health-care/locations/fort-worth-new-york-va-clinic/,32.743026,-97.31578449
vha_549QC,Tyler Broadway VA Clinic,va_health_facility,Other Outpatient Services (OOS),17,549QC,derived,review_pending,discoverva_va_locator_facility_list,2026-05-05T16:33:37+00:00,https://discover.va.gov/va-locator-facility-list/,https://www.va.gov/north-texas-health-care/locations/tyler-broadway-va-clinic/,32.262273,-95.3065035
vha_550,Danville VA Medical Center,va_health_facility,VA Medical Center (VAMC),12,550,derived,review_pending,discoverva_va_locator_facility_list,2026-05-05T16:33:37+00:00,https://discover.va.gov/va-locator-facility-list/,https://www.va.gov/illiana-health-care/locations/danville-va-medical-center/,40.13173717,-87.59232405
vha_550BY,Bob Michel Department of Veterans Affairs Outpatient Clinic,va_health_facility,Multi-Specialty CBOC,12,550BY,derived,review_pending,discoverva_va_locator_facility_list,2026-05-05T16:33:37+00:00,https://discover.va.gov/va-locator-facility-list/,https://www.va.gov/illiana-health-care/locations/bob-michel-department-of-veterans-affairs-outpatient-clinic/,40.78264392,-89.67930845
vha_550GA,Decatur VA Clinic,va_health_facility,Multi-Specialty CBOC,12,550GA,derived,review_pending,discoverva_va_locator_facility_list,2026-05-05T16:33:37+00:00,https://discover.va.gov/va-locator-facility-list/,https://www.va.gov/illiana-health-care/locations/decatur-va-clinic/,39.84820039,-89.01490469
vha_550GD,Springfield VA Clinic,va_health_facility,Multi-Specialty CBOC,12,550GD,derived,review_pending,discoverva_va_locator_facility_list,2026-05-05T16:33:37+00:00,https://discover.va.gov/va-locator-facility-list/,https://www.va.gov/illiana-health-care/locations/springfield-va-clinic/,39.77455468,-89.64860468
vha_550GF,Mattoon VA Clinic,va_health_facility,Primary Care CBOC,12,550GF,derived,review_pending,discoverva_va_locator_facility_list,2026-05-05T16:33:37+00:00,https://discover.va.gov/va-locator-facility-list/,https://www.va.gov/illiana-health-care/locations/mattoon-va-clinic/,39.47837434,-88.37657711
vha_550GG,Bloomington VA Clinic,va_health_facility,Multi-Specialty CBOC,12,550GG,derived,review_pending,discoverva_va_locator_facility_list,2026-05-05T16:33:37+00:00,https://discover.va.gov/va-locator-facility-list/,https://www.va.gov/illiana-health-care/locations/bloomington-va-clinic/,40.45095922,-88.9880427
vha_552,Dayton VA Medical Center,va_health_facility,VA Medical Center (VAMC),10,552,derived,review_pending,discoverva_va_locator_facility_list,2026-05-05T16:33:37+00:00,https://discover.va.gov/va-locator-facility-list/,https://www.va.gov/dayton-health-care/locations/dayton-va-medical-center/,39.74935073,-84.25320014
vha_552GA,Middletown VA Clinic,va_health_facility,Multi-Specialty CBOC,10,552GA,derived,review_pending,discoverva_va_locator_facility_list,2026-05-05T16:33:37+00:00,https://discover.va.gov/va-locator-facility-list/,https://www.va.gov/dayton-health-care/locations/middletown-va-clinic/,39.50603012,-84.3164749
vha_552GB,Lima VA Clinic,va_health_facility,Multi-Specialty CBOC,10,552GB,derived,review_pending,discoverva_va_locator_facility_list,2026-05-05T16:33:37+00:00,https://discover.va.gov/va-locator-facility-list/,https://www.va.gov/dayton-health-care/locations/lima-va-clinic/,40.74138553,-84.11518881
vha_552GC,Richmond VA Clinic,va_health_facility,Multi-Specialty CBOC,10,552GC,derived,review_pending,discoverva_va_locator_facility_list,2026-05-05T16:33:37+00:00,https://discover.va.gov/va-locator-facility-list/,https://www.va.gov/dayton-health-care/locations/richmond-va-clinic/,39.84070762,-84.88781738
vha_552GD,Springfield VA Clinic,va_health_facility,Multi-Specialty CBOC,10,552GD,derived,review_pending,discoverva_va_locator_facility_list,2026-05-05T16:33:37+00:00,https://discover.va.gov/va-locator-facility-list/,https://www.va.gov/dayton-health-care/locations/springfield-va-clinic/,39.94281,-83.802897
vha_552GF,Wright-Patterson VA Clinic,va_health_facility,Other Outpatient Services (OOS),10,552GF,derived,review_pending,discoverva_va_locator_facility_list,2026-05-05T16:33:37+00:00,https://discover.va.gov/va-locator-facility-list/,https://www.va.gov/dayton-health-care/locations/wright-patterson-va-clinic/,39.804363,-84.036285
vha_553,John D. Dingell Department of Veterans Affairs Medical Center,va_health_facility,VA Medical Center (VAMC),10,553,derived,review_pending,discoverva_va_locator_facility_list,2026-05-05T16:33:37+00:00,https://discover.va.gov/va-locator-facility-list/,https://www.va.gov/detroit-health-care/locations/john-d-dingell-department-of-veterans-affairs-medical-center/,42.355575,-83.059074
vha_553GA,Yale VA Clinic,va_health_facility,Primary Care CBOC,10,553GA,derived,review_pending,discoverva_va_locator_facility_list,2026-05-05T16:33:37+00:00,https://discover.va.gov/va-locator-facility-list/,https://www.va.gov/detroit-health-care/locations/yale-va-clinic/,43.11500106,-82.79106158
vha_553GB,Pontiac VA Clinic,va_health_facility,Primary Care CBOC,10,553GB,derived,review_pending,discoverva_va_locator_facility_list,2026-05-05T16:33:37+00:00,https://discover.va.gov/va-locator-facility-list/,https://www.va.gov/detroit-health-care/locations/pontiac-va-clinic/,42.614451,-83.272545
vha_553GD,Downriver VA Clinic,va_health_facility,Other Outpatient Services (OOS),10,553GD,derived,review_pending,discoverva_va_locator_facility_list,2026-05-05T16:33:37+00:00,https://discover.va.gov/va-locator-facility-list/,https://www.va.gov/detroit-health-care/locations/downriver-va-clinic/,42.1545397,-83.18882375
vha_553QA,Piquette Street VA Clinic,va_health_facility,Primary Care CBOC,10,553QA,derived,review_pending,discoverva_va_locator_facility_list,2026-05-05T16:33:37+00:00,https://discover.va.gov/va-locator-facility-list/,https://www.va.gov/detroit-health-care/locations/piquette-street-va-clinic/,42.36793245,-83.0668295
vha_554,Rocky Mountain Regional VA Medical Center,va_health_facility,VA Medical Center (VAMC),19,554,derived,review_pending,discoverva_va_locator_facility_list,2026-05-05T16:33:37+00:00,https://discover.va.gov/va-locator-facility-list/,https://www.va.gov/eastern-colorado-health-care/locations/rocky-mountain-regional-va-medical-center/,39.74450645,-104.83095187
vha_554A4,Pueblo VA Community Living Center,va_health_facility,Extended Care Site (Community Living Center) (Stand-Alone),19,,not_available,review_pending,discoverva_va_locator_facility_list,2026-05-05T16:33:37+00:00,https://discover.va.gov/va-locator-facility-list/,https://www.denver.va.gov/locations/Pueblo_VA_Community_Living_Center.asp,38.28445242,-104.56491896
vha_554BU,Valor Point VA Domiciliary,va_health_facility,Residential Care Site (MH RRTP/DRRTP) (Stand-Alone),19,554BU,derived,review_pending,discoverva_va_locator_facility_list,2026-05-05T16:33:37+00:00,https://discover.va.gov/va-locator-facility-list/,https://www.denver.va.gov/locations/Valor_Point_VA_Domiciliary.asp,39.65915123,-105.0777631
vha_554GB,Aurora VA Clinic,va_health_facility,Primary Care CBOC,19,554GB,derived,review_pending,discoverva_va_locator_facility_list,2026-05-05T16:33:37+00:00,https://discover.va.gov/va-locator-facility-list/,https://www.va.gov/eastern-colorado-health-care/locations/aurora-va-clinic/,39.69671845,-104.8326165
vha_554GC,Golden VA Clinic,va_health_facility,Multi-Specialty CBOC,19,554GC,derived,review_pending,discoverva_va_locator_facility_list,2026-05-05T16:33:37+00:00,https://discover.va.gov/va-locator-facility-list/,https://www.va.gov/eastern-colorado-health-care/locations/golden-va-clinic/,39.73374,-105.199002
vha_554GD,PFC James Dunn VA Clinic,va_health_facility,Multi-Specialty CBOC,19,554GD,derived,review_pending,discoverva_va_locator_facility_list,2026-05-05T16:33:37+00:00,https://discover.va.gov/va-locator-facility-list/,https://www.va.gov/eastern-colorado-health-care/locations/pfc-james-dunn-va-clinic/,38.3233524,-104.6192155
vha_554GE,PFC Floyd K. Lindstrom Department of Veterans Affairs Clinic,va_health_facility,Multi-Specialty CBOC,19,554GE,derived,review_pending,discoverva_va_locator_facility_list,2026-05-05T16:33:37+00:00,https://discover.va.gov/va-locator-facility-list/,https://www.va.gov/eastern-colorado-health-care/locations/pfc-floyd-k-lindstrom-department-of-veterans-affairs-clinic/,38.87413544,-104.8453591
vha_554GF,Alamosa VA Clinic,va_health_facility,Primary Care CBOC,19,554GF,derived,review_pending,discoverva_va_locator_facility_list,2026-05-05T16:33:37+00:00,https://discover.va.gov/va-locator-facility-list/,https://www.va.gov/eastern-colorado-health-care/locations/alamosa-va-clinic/,37.47960014,-105.90275638
vha_554GG,La Junta VA Clinic,va_health_facility,Other Outpatient Services (OOS),19,554GG,derived,review_pending,discoverva_va_locator_facility_list,2026-05-05T16:33:37+00:00,https://discover.va.gov/va-locator-facility-list/,https://www.va.gov/eastern-colorado-health-care/locations/la-junta-va-clinic/,37.9775638,-103.5488058
vha_554GH,Lamar VA Clinic,va_health_facility,Other Outpatient Services (OOS),19,554GH,derived,review_pending,discoverva_va_locator_facility_list,2026-05-05T16:33:37+00:00,https://discover.va.gov/va-locator-facility-list/,https://www.va.gov/eastern-colorado-health-care/locations/lamar-va-clinic/,38.07535496,-102.61808647
vha_554GI,Burlington VA Clinic,va_health_facility,Other Outpatient Services (OOS),19,554GI,derived,review_pending,discoverva_va_locator_facility_list,2026-05-05T16:33:37+00:00,https://discover.va.gov/va-locator-facility-list/,https://www.va.gov/eastern-colorado-health-care/locations/burlington-va-clinic/,39.30092796,-102.26486496
vha_554GK,Union Boulevard VA Clinic,va_health_facility,Primary Care CBOC,19,554GK,derived,review_pending,discoverva_va_locator_facility_list,2026-05-05T16:33:37+00:00,https://discover.va.gov/va-locator-facility-list/,https://www.va.gov/eastern-colorado-health-care/locations/union-boulevard-va-clinic/,38.887668,-104.7874905
vha_554GM,Space Center VA Clinic,va_health_facility,Primary Care CBOC,19,554GM,derived,review_pending,discoverva_va_locator_facility_list,2026-05-05T16:33:37+00:00,https://discover.va.gov/va-locator-facility-list/,https://www.va.gov/eastern-colorado-health-care/locations/space-center-va-clinic/,38.84057898,-104.72696007
vha_554QA,York Street VA Clinic,va_health_facility,Other Outpatient Services (OOS),19,554QA,derived,review_pending,discoverva_va_locator_facility_list,2026-05-05T16:33:37+00:00,https://discover.va.gov/va-locator-facility-list/,https://www.va.gov/eastern-colorado-health-care/locations/york-street-va-clinic/,39.769569,-104.95971155
vha_554QB,Jewell VA Clinic,va_health_facility,Other Outpatient Services (OOS),19,554QB,derived,review_pending,discoverva_va_locator_facility_list,2026-05-05T16:33:37+00:00,https://discover.va.gov/va-locator-facility-list/,https://www.va.gov/eastern-colorado-health-care/locations/jewell-va-clinic/,39.681279,-104.819823
vha_554QC,Salida VA Clinic,va_health_facility,Other Outpatient Services (OOS),19,554QC,derived,review_pending,discoverva_va_locator_facility_list,2026-05-05T16:33:37+00:00,https://discover.va.gov/va-locator-facility-list/,https://www.va.gov/eastern-colorado-health-care/locations/salida-va-clinic/,38.54268569,-106.00726753
vha_554QF,Garden of the Gods VA Clinic,va_health_facility,Other Outpatient Services (OOS),19,554QF,derived,review_pending,discoverva_va_locator_facility_list,2026-05-05T16:33:37+00:00,https://discover.va.gov/va-locator-facility-list/,https://www.va.gov/eastern-colorado-health-care/locations/garden-of-the-gods-va-clinic,38.89647547,-104.8534695
vha_556,Captain James A. Lovell Federal Health Care Center,va_health_facility,VA Medical Center (VAMC),12,556,derived,review_pending,discoverva_va_locator_facility_list,2026-05-05T16:33:37+00:00,https://discover.va.gov/va-locator-facility-list/,https://www.va.gov/lovell-federal-health-care-va/locations/captain-james-a-lovell-federal-health-care-center,42.306795,-87.8605335
vha_556GA,Evanston VA Clinic,va_health_facility,Primary Care CBOC,12,556GA,derived,review_pending,discoverva_va_locator_facility_list,2026-05-05T16:33:37+00:00,https://discover.va.gov/va-locator-facility-list/,https://www.va.gov/lovell-federal-health-care-va/locations/evanston-va-clinic,42.04105717,-87.70132293
vha_556GC,McHenry VA Clinic,va_health_facility,Primary Care CBOC,12,556GC,derived,review_pending,discoverva_va_locator_facility_list,2026-05-05T16:33:37+00:00,https://discover.va.gov/va-locator-facility-list/,https://www.va.gov/lovell-federal-health-care-va/locations/mchenry-va-clinic,42.32297151,-88.27049842
vha_556GD,Kenosha VA Clinic,va_health_facility,Primary Care CBOC,12,556GD,derived,review_pending,discoverva_va_locator_facility_list,2026-05-05T16:33:37+00:00,https://discover.va.gov/va-locator-facility-list/,https://www.va.gov/lovell-federal-health-care-va/locations/kenosha-va-clinic,42.555366,-87.8343705
vha_557,Carl Vinson Veterans' Administration Medical Center,va_health_facility,VA Medical Center (VAMC),7,557,derived,review_pending,discoverva_va_locator_facility_list,2026-05-05T16:33:37+00:00,https://discover.va.gov/va-locator-facility-list/,https://www.va.gov/dublin-health-care/locations/carl-vinson-veterans-administration-medical-center/,32.5382436,-82.94035771
vha_557GA,Macon VA Clinic,va_health_facility,Multi-Specialty CBOC,7,557GA,derived,review_pending,discoverva_va_locator_facility_list,2026-05-05T16:33:37+00:00,https://discover.va.gov/va-locator-facility-list/,https://www.va.gov/dublin-health-care/locations/macon-va-clinic/,32.83395561,-83.74291865
vha_557GB,Albany VA Clinic,va_health_facility,Multi-Specialty CBOC,7,557GB,derived,review_pending,discoverva_va_locator_facility_list,2026-05-05T16:33:37+00:00,https://discover.va.gov/va-locator-facility-list/,https://www.va.gov/dublin-health-care/locations/albany-va-clinic/,31.55072775,-84.06387515
vha_557GC,Milledgeville VA Clinic,va_health_facility,Primary Care CBOC,7,557GC,derived,review_pending,discoverva_va_locator_facility_list,2026-05-05T16:33:37+00:00,https://discover.va.gov/va-locator-facility-list/,https://www.va.gov/dublin-health-care/locations/milledgeville-va-clinic/,33.05029243,-83.21356413
vha_557GF,Tifton VA Clinic,va_health_facility,Primary Care CBOC,7,557GF,derived,review_pending,discoverva_va_locator_facility_list,2026-05-05T16:33:37+00:00,https://discover.va.gov/va-locator-facility-list/,https://www.va.gov/dublin-health-care/locations/tifton-va-clinic/,31.47128228,-83.50946732
vha_557HA,Perry VA Clinic,va_health_facility,Primary Care CBOC,7,557HA,derived,review_pending,discoverva_va_locator_facility_list,2026-05-05T16:33:37+00:00,https://discover.va.gov/va-locator-facility-list/,https://www.va.gov/dublin-health-care/locations/perry-va-clinic/,32.45927033,-83.72377461
vha_558,Durham VA Medical Center,va_health_facility,VA Medical Center (VAMC),6,558,derived,review_pending,discoverva_va_locator_facility_list,2026-05-05T16:33:37+00:00,https://discover.va.gov/va-locator-facility-list/,https://www.va.gov/durham-health-care/locations/durham-va-medical-center/,36.009522,-78.9397155
vha_558GA,Greenville VA Clinic,va_health_facility,Multi-Specialty CBOC,6,558GA,derived,review_pending,discoverva_va_locator_facility_list,2026-05-05T16:33:37+00:00,https://discover.va.gov/va-locator-facility-list/,https://www.va.gov/durham-health-care/locations/greenville-va-clinic/,35.61679689,-77.39924672
vha_558GB,Raleigh VA Clinic,va_health_facility,Multi-Specialty CBOC,6,558GB,derived,review_pending,discoverva_va_locator_facility_list,2026-05-05T16:33:37+00:00,https://discover.va.gov/va-locator-facility-list/,https://www.va.gov/durham-health-care/locations/raleigh-va-clinic/,35.77653267,-78.5827891
vha_558GC,Morehead City VA Clinic,va_health_facility,Primary Care CBOC,6,558GC,derived,review_pending,discoverva_va_locator_facility_list,2026-05-05T16:33:37+00:00,https://discover.va.gov/va-locator-facility-list/,https://www.va.gov/durham-health-care/locations/morehead-city-va-clinic/,34.725789,-76.7430045
vha_558GD,Durham County VA Clinic,va_health_facility,Primary Care CBOC,6,558GD,derived,review_pending,discoverva_va_locator_facility_list,2026-05-05T16:33:37+00:00,https://discover.va.gov/va-locator-facility-list/,https://www.va.gov/durham-health-care/locations/durham-county-va-clinic/,36.031464,-78.9351615
vha_558GE,Hillandale Road VA Clinic,va_health_facility,Other Outpatient Services (OOS),6,558GE,derived,review_pending,discoverva_va_locator_facility_list,2026-05-05T16:33:37+00:00,https://discover.va.gov/va-locator-facility-list/,https://www.va.gov/durham-health-care/locations/hillandale-road-va-clinic/,36.030867,-78.93575593
vha_558GF,Wake County VA Clinic,va_health_facility,Other Outpatient Services (OOS),6,558GF,derived,review_pending,discoverva_va_locator_facility_list,2026-05-05T16:33:37+00:00,https://discover.va.gov/va-locator-facility-list/,https://www.va.gov/durham-health-care/locations/wake-county-va-clinic/,35.74048006,-78.63878839
vha_558GG,Raleigh III VA Clinic,va_health_facility,Primary Care CBOC,6,558GG,derived,review_pending,discoverva_va_locator_facility_list,2026-05-05T16:33:37+00:00,https://discover.va.gov/va-locator-facility-list/,https://www.va.gov/durham-health-care/locations/raleigh-iii-va-clinic/,35.816859,-78.615198
vha_558GH,Clayton-East Raleigh VA Clinic,va_health_facility,Multi-Specialty CBOC,6,558GH,derived,review_pending,discoverva_va_locator_facility_list,2026-05-05T16:33:37+00:00,https://discover.va.gov/va-locator-facility-list/,https://www.va.gov/durham-health-care/locations/clayton-east-raleigh-va-clinic/,35.655075,-78.473034
vha_558GI,Croasdaile VA Clinic,va_health_facility,Multi-Specialty CBOC,6,558GI,derived,review_pending,discoverva_va_locator_facility_list,2026-05-05T16:33:37+00:00,https://discover.va.gov/va-locator-facility-list/,https://www.va.gov/durham-health-care/locations/croasdaile-va-clinic/,36.02507671,-78.9477407
vha_558QA,Brier Creek VA Clinic,va_health_facility,Other Outpatient Services (OOS),6,558QA,derived,review_pending,discoverva_va_locator_facility_list,2026-05-05T16:33:37+00:00,https://discover.va.gov/va-locator-facility-list/,https://www.va.gov/durham-health-care/locations/brier-creek-va-clinic/,35.90258233,-78.78048863
vha_561,East Orange VA Medical Center,va_health_facility,VA Medical Center (VAMC),2,561,derived,review_pending,discoverva_va_locator_facility_list,2026-05-05T16:33:37+00:00,https://discover.va.gov/va-locator-facility-list/,https://www.va.gov/new-jersey-health-care/locations/east-orange-va-medical-center/,40.75380161,-74.23432989
vha_561A4,Lyons VA Medical Center,va_health_facility,VA Medical Center (VAMC),2,,not_available,review_pending,discoverva_va_locator_facility_list,2026-05-05T16:33:37+00:00,https://discover.va.gov/va-locator-facility-list/,https://www.va.gov/new-jersey-health-care/locations/lyons-va-medical-center/,40.66583734,-74.55435245
vha_561BZ,Toms River VA Clinic,va_health_facility,Multi-Specialty CBOC,2,561BZ,derived,review_pending,discoverva_va_locator_facility_list,2026-05-05T16:33:37+00:00,https://discover.va.gov/va-locator-facility-list/,https://www.va.gov/new-jersey-health-care/locations/toms-river-va-clinic/,39.97096964,-74.18376456
vha_561GA,Hamilton VA Clinic,va_health_facility,Primary Care CBOC,2,561GA,derived,review_pending,discoverva_va_locator_facility_list,2026-05-05T16:33:37+00:00,https://discover.va.gov/va-locator-facility-list/,https://www.va.gov/new-jersey-health-care/locations/hamilton-va-clinic/,40.25956909,-74.67751858
vha_561GD,Hackensack VA Clinic,va_health_facility,Primary Care CBOC,2,561GD,derived,review_pending,discoverva_va_locator_facility_list,2026-05-05T16:33:37+00:00,https://discover.va.gov/va-locator-facility-list/,https://www.va.gov/new-jersey-health-care/locations/hackensack-va-clinic/,40.89563983,-74.0521066
vha_561GE,Jersey City VA Clinic,va_health_facility,Primary Care CBOC,2,561GE,derived,review_pending,discoverva_va_locator_facility_list,2026-05-05T16:33:37+00:00,https://discover.va.gov/va-locator-facility-list/,https://www.va.gov/new-jersey-health-care/locations/jersey-city-va-clinic/,40.71982227,-74.04397858
vha_561GF,Piscataway VA Clinic,va_health_facility,Primary Care CBOC,2,561GF,derived,review_pending,discoverva_va_locator_facility_list,2026-05-05T16:33:37+00:00,https://discover.va.gov/va-locator-facility-list/,https://www.va.gov/new-jersey-health-care/locations/piscataway-va-clinic/,40.55441727,-74.47656215
vha_561GH,Morristown VA Clinic,va_health_facility,Primary Care CBOC,2,561GH,derived,review_pending,discoverva_va_locator_facility_list,2026-05-05T16:33:37+00:00,https://discover.va.gov/va-locator-facility-list/,https://www.va.gov/new-jersey-health-care/locations/morristown-va-clinic/,40.83241685,-74.52139004
vha_561GI,Tinton Falls VA Clinic,va_health_facility,Multi-Specialty CBOC,2,561GI,derived,review_pending,discoverva_va_locator_facility_list,2026-05-05T16:33:37+00:00,https://discover.va.gov/va-locator-facility-list/,https://www.va.gov/new-jersey-health-care/locations/tinton-falls-va-clinic/,40.32659945,-74.07592881
vha_561GJ,Paterson VA Clinic,va_health_facility,Primary Care CBOC,2,561GJ,derived,review_pending,discoverva_va_locator_facility_list,2026-05-05T16:33:37+00:00,https://discover.va.gov/va-locator-facility-list/,https://www.va.gov/new-jersey-health-care/locations/paterson-va-clinic/,40.90490066,-74.16587658
vha_561GK,Sussex VA Clinic,va_health_facility,Other Outpatient Services (OOS),2,561GK,derived,review_pending,discoverva_va_locator_facility_list,2026-05-05T16:33:37+00:00,https://discover.va.gov/va-locator-facility-list/,https://www.va.gov/new-jersey-health-care/locations/sussex-va-clinic/,41.05386939,-74.76832183
vha_562,Erie VA Medical Center,va_health_facility,VA Medical Center (VAMC),4,562,derived,review_pending,discoverva_va_locator_facility_list,2026-05-05T16:33:37+00:00,https://discover.va.gov/va-locator-facility-list/,https://www.va.gov/erie-health-care/locations/erie-va-medical-center/,42.102126,-80.0630415
vha_562GA,Crawford County VA Clinic,va_health_facility,Multi-Specialty CBOC,4,562GA,derived,review_pending,discoverva_va_locator_facility_list,2026-05-05T16:33:37+00:00,https://discover.va.gov/va-locator-facility-list/,https://www.va.gov/erie-health-care/locations/crawford-county-va-clinic/,41.62009813,-80.20229342
vha_562GB,Ashtabula County VA Clinic,va_health_facility,Primary Care CBOC,4,562GB,derived,review_pending,discoverva_va_locator_facility_list,2026-05-05T16:33:37+00:00,https://discover.va.gov/va-locator-facility-list/,https://www.va.gov/erie-health-care/locations/ashtabula-county-va-clinic/,41.88208148,-80.8114482
vha_562GC,McKean County VA Clinic,va_health_facility,Other Outpatient Services (OOS),4,562GC,derived,review_pending,discoverva_va_locator_facility_list,2026-05-05T16:33:37+00:00,https://discover.va.gov/va-locator-facility-list/,https://www.va.gov/erie-health-care/locations/mckean-county-va-clinic/,41.97953293,-78.617099
vha_562GD,Venango County VA Clinic,va_health_facility,Multi-Specialty CBOC,4,562GD,derived,review_pending,discoverva_va_locator_facility_list,2026-05-05T16:33:37+00:00,https://discover.va.gov/va-locator-facility-list/,https://www.va.gov/erie-health-care/locations/venango-county-va-clinic/,41.35145143,-79.72186227
vha_562GE,Warren County VA Clinic,va_health_facility,Multi-Specialty CBOC,4,562GE,derived,review_pending,discoverva_va_locator_facility_list,2026-05-05T16:33:37+00:00,https://discover.va.gov/va-locator-facility-list/,https://www.va.gov/erie-health-care/locations/warren-county-va-clinic/,41.90562983,-79.15204375
vha_564,Fayetteville VA Medical Center,va_health_facility,VA Medical Center (VAMC),16,564,derived,review_pending,discoverva_va_locator_facility_list,2026-05-05T16:33:37+00:00,https://discover.va.gov/va-locator-facility-list/,https://www.va.gov/fayetteville-arkansas-health-care/locations/fayetteville-va-medical-center/,36.079857,-94.158288
vha_564BY,Gene Taylor Veterans' Outpatient Clinic,va_health_facility,Multi-Specialty CBOC,16,564BY,derived,review_pending,discoverva_va_locator_facility_list,2026-05-05T16:33:37+00:00,https://discover.va.gov/va-locator-facility-list/,https://www.va.gov/fayetteville-arkansas-health-care/locations/gene-taylor-veterans-outpatient-clinic/,37.13832886,-93.31836446
vha_564GA,Harrison VA Clinic,va_health_facility,Other Outpatient Services (OOS),16,564GA,derived,review_pending,discoverva_va_locator_facility_list,2026-05-05T16:33:37+00:00,https://discover.va.gov/va-locator-facility-list/,https://www.va.gov/fayetteville-arkansas-health-care/locations/harrison-va-clinic/,36.25285758,-93.12072908
vha_564GB,Fort Smith VA Clinic,va_health_facility,Multi-Specialty CBOC,16,564GB,derived,review_pending,discoverva_va_locator_facility_list,2026-05-05T16:33:37+00:00,https://discover.va.gov/va-locator-facility-list/,https://www.va.gov/fayetteville-arkansas-health-care/locations/fort-smith-va-clinic/,35.34593477,-94.37106662
vha_564GC,Branson VA Clinic,va_health_facility,Multi-Specialty CBOC,16,564GC,derived,review_pending,discoverva_va_locator_facility_list,2026-05-05T16:33:37+00:00,https://discover.va.gov/va-locator-facility-list/,https://www.va.gov/fayetteville-arkansas-health-care/locations/branson-va-clinic/,36.66469339,-93.252018
vha_564GD,Ozark VA Clinic,va_health_facility,Primary Care CBOC,16,564GD,derived,review_pending,discoverva_va_locator_facility_list,2026-05-05T16:33:37+00:00,https://discover.va.gov/va-locator-facility-list/,https://www.va.gov/fayetteville-arkansas-health-care/locations/ozark-va-clinic/,35.487396,-93.855663
vha_564GE,Jay VA Clinic,va_health_facility,Primary Care CBOC,16,564GE,derived,review_pending,discoverva_va_locator_facility_list,2026-05-05T16:33:37+00:00,https://discover.va.gov/va-locator-facility-list/,https://www.va.gov/fayetteville-arkansas-health-care/locations/jay-va-clinic/,36.43575476,-94.78235694
vha_564GF,Joplin VA Clinic,va_health_facility,Primary Care CBOC,16,564GF,derived,review_pending,discoverva_va_locator_facility_list,2026-05-05T16:33:37+00:00,https://discover.va.gov/va-locator-facility-list/,https://www.va.gov/fayetteville-arkansas-health-care/locations/joplin-va-clinic/,37.05637365,-94.4950002
vha_564QB,Sunbridge VA Clinic,va_health_facility,Other Outpatient Services (OOS),16,564QB,derived,review_pending,discoverva_va_locator_facility_list,2026-05-05T16:33:37+00:00,https://discover.va.gov/va-locator-facility-list/,https://www.va.gov/fayetteville-arkansas-health-care/locations/sunbridge-va-clinic/,36.09795804,-94.15434435
vha_565,Fayetteville VA Medical Center,va_health_facility,VA Medical Center (VAMC),6,565,derived,review_pending,discoverva_va_locator_facility_list,2026-05-05T16:33:37+00:00,https://discover.va.gov/va-locator-facility-list/,https://www.va.gov/fayetteville-coastal-health-care/locations/fayetteville-va-medical-center/,35.088003,-78.8767425
vha_565GA,Jacksonville VA Clinic,va_health_facility,Multi-Specialty CBOC,6,565GA,derived,review_pending,discoverva_va_locator_facility_list,2026-05-05T16:33:37+00:00,https://discover.va.gov/va-locator-facility-list/,https://www.va.gov/fayetteville-coastal-health-care/locations/jacksonville-va-clinic/,34.7949844,-77.41360822
vha_565GC,Wilmington VA Clinic,va_health_facility,Multi-Specialty CBOC,6,565GC,derived,review_pending,discoverva_va_locator_facility_list,2026-05-05T16:33:37+00:00,https://discover.va.gov/va-locator-facility-list/,https://www.va.gov/fayetteville-coastal-health-care/locations/wilmington-va-clinic/,34.2687349,-77.9184078
vha_565GD,Hamlet VA Clinic,va_health_facility,Primary Care CBOC,6,565GD,derived,review_pending,discoverva_va_locator_facility_list,2026-05-05T16:33:37+00:00,https://discover.va.gov/va-locator-facility-list/,https://www.va.gov/fayetteville-coastal-health-care/locations/hamlet-va-clinic/,34.88532212,-79.7021522
vha_565GE,Robeson County VA Clinic,va_health_facility,Primary Care CBOC,6,565GE,derived,review_pending,discoverva_va_locator_facility_list,2026-05-05T16:33:37+00:00,https://discover.va.gov/va-locator-facility-list/,https://www.va.gov/fayetteville-coastal-health-care/locations/robeson-county-va-clinic/,34.64722382,-79.16965016
vha_565GF,Goldsboro VA Clinic,va_health_facility,Primary Care CBOC,6,565GF,derived,review_pending,discoverva_va_locator_facility_list,2026-05-05T16:33:37+00:00,https://discover.va.gov/va-locator-facility-list/,https://www.va.gov/fayetteville-coastal-health-care/locations/goldsboro-va-clinic/,35.40375566,-77.95395308
vha_565GG,Lee County VA Clinic,va_health_facility,Multi-Specialty CBOC,6,565GG,derived,review_pending,discoverva_va_locator_facility_list,2026-05-05T16:33:37+00:00,https://discover.va.gov/va-locator-facility-list/,https://www.va.gov/fayetteville-coastal-health-care/locations/lee-county-va-clinic/,35.43817906,-79.21354041
vha_565GH,Brunswick County VA Clinic,va_health_facility,Primary Care CBOC,6,565GH,derived,review_pending,discoverva_va_locator_facility_list,2026-05-05T16:33:37+00:00,https://discover.va.gov/va-locator-facility-list/,https://www.va.gov/fayetteville-coastal-health-care/locations/brunswick-county-va-clinic/,34.007499,-78.2920485
vha_565GJ,Jacksonville 2 VA Clinic,va_health_facility,Other Outpatient Services (OOS),6,565GJ,derived,review_pending,discoverva_va_locator_facility_list,2026-05-05T16:33:37+00:00,https://discover.va.gov/va-locator-facility-list/,https://www.va.gov/fayetteville-coastal-health-care/locations/jacksonville-2-va-clinic/,34.74941262,-77.3778258
vha_565GL,Cumberland County VA Clinic,va_health_facility,Health Care Center (HCC),6,565GL,derived,review_pending,discoverva_va_locator_facility_list,2026-05-05T16:33:37+00:00,https://discover.va.gov/va-locator-facility-list/,https://www.va.gov/fayetteville-coastal-health-care/locations/cumberland-county-va-clinic/,35.03345885,-79.03011427
vha_565GM,Jacksonville 3 VA Clinic,va_health_facility,Other Outpatient Services (OOS),6,565GM,derived,review_pending,discoverva_va_locator_facility_list,2026-05-05T16:33:37+00:00,https://discover.va.gov/va-locator-facility-list/,https://www.va.gov/fayetteville-coastal-health-care/locations/jacksonville-3-va-clinic/,34.76480054,-77.37730591
vha_565GN,Jacksonville 4 VA Clinic,va_health_facility,Other Outpatient Services (OOS),6,565GN,derived,review_pending,discoverva_va_locator_facility_list,2026-05-05T16:33:37+00:00,https://discover.va.gov/va-locator-facility-list/,https://www.va.gov/fayetteville-coastal-health-care/locations/jacksonville-4-va-clinic/,34.78846992,-77.42206468
vha_565GO,Johnson Air Force Base VA Clinic,va_health_facility,Other Outpatient Services (OOS),6,565GO,derived,review_pending,discoverva_va_locator_facility_list,2026-05-05T16:33:37+00:00,https://discover.va.gov/va-locator-facility-list/,https://www.va.gov/fayetteville-coastal-health-care/locations/johnson-air-force-base-va-clinic/,35.36069885,-77.96115816
vha_565QA,Robeson Street VA Clinic,va_health_facility,Other Outpatient Services (OOS),6,565QA,derived,review_pending,discoverva_va_locator_facility_list,2026-05-05T16:33:37+00:00,https://discover.va.gov/va-locator-facility-list/,https://www.va.gov/fayetteville-coastal-health-care/locations/robeson-street-va-clinic/,35.04327073,-78.91718394
vha_565QD,Raeford Road VA Clinic,va_health_facility,Other Outpatient Services (OOS),6,565QD,derived,review_pending,discoverva_va_locator_facility_list,2026-05-05T16:33:37+00:00,https://discover.va.gov/va-locator-facility-list/,https://www.va.gov/fayetteville-coastal-health-care/locations/raeford-road-va-clinic/,35.04374142,-78.94618087
vha_565QE,Womack VA Clinic,va_health_facility,Other Outpatient Services (OOS),6,565QE,derived,review_pending,discoverva_va_locator_facility_list,2026-05-05T16:33:37+00:00,https://discover.va.gov/va-locator-facility-list/,https://www.va.gov/fayetteville-coastal-health-care/locations/womack-va-clinic/,35.15199065,-78.99881359
vha_568,Fort Meade VA Medical Center,va_health_facility,VA Medical Center (VAMC),23,568,derived,review_pending,discoverva_va_locator_facility_list,2026-05-05T16:33:37+00:00,https://discover.va.gov/va-locator-facility-list/,https://www.va.gov/black-hills-health-care/locations/fort-meade-va-medical-center/,44.41252355,-103.47486404
vha_568A4,Hot Springs VA Medical Center,va_health_facility,VA Medical Center (VAMC),23,,not_available,review_pending,discoverva_va_locator_facility_list,2026-05-05T16:33:37+00:00,https://discover.va.gov/va-locator-facility-list/,https://www.va.gov/black-hills-health-care/locations/hot-springs-va-medical-center/,43.43748086,-103.47485972
vha_568GA,Rapid City VA Clinic,va_health_facility,Multi-Specialty CBOC,23,568GA,derived,review_pending,discoverva_va_locator_facility_list,2026-05-05T16:33:37+00:00,https://discover.va.gov/va-locator-facility-list/,https://www.va.gov/black-hills-health-care/locations/rapid-city-va-clinic/,44.02413434,-103.2519718
vha_568GB,Pierre VA Clinic,va_health_facility,Other Outpatient Services (OOS),23,568GB,derived,review_pending,discoverva_va_locator_facility_list,2026-05-05T16:33:37+00:00,https://discover.va.gov/va-locator-facility-list/,https://www.va.gov/black-hills-health-care/locations/pierre-va-clinic/,44.37801306,-100.31708071
vha_568HA,Newcastle VA Clinic,va_health_facility,Other Outpatient Services (OOS),23,568HA,derived,review_pending,discoverva_va_locator_facility_list,2026-05-05T16:33:37+00:00,https://discover.va.gov/va-locator-facility-list/,https://www.va.gov/black-hills-health-care/locations/newcastle-va-clinic/,43.84882548,-104.18883903
vha_568HB,Gordon VA Clinic,va_health_facility,Other Outpatient Services (OOS),23,568HB,derived,review_pending,discoverva_va_locator_facility_list,2026-05-05T16:33:37+00:00,https://discover.va.gov/va-locator-facility-list/,https://www.va.gov/black-hills-health-care/locations/gordon-va-clinic/,42.81186952,-102.1996485
vha_568HF,Pine Ridge VA Clinic,va_health_facility,Other Outpatient Services (OOS),23,568HF,derived,review_pending,discoverva_va_locator_facility_list,2026-05-05T16:33:37+00:00,https://discover.va.gov/va-locator-facility-list/,https://www.va.gov/black-hills-health-care/locations/pine-ridge-va-clinic/,43.104985,-102.60915
vha_568HH,Scottsbluff VA Clinic,va_health_facility,Primary Care CBOC,23,568HH,derived,review_pending,discoverva_va_locator_facility_list,2026-05-05T16:33:37+00:00,https://discover.va.gov/va-locator-facility-list/,https://www.va.gov/black-hills-health-care/locations/scottsbluff-va-clinic/,41.85340981,-103.65582158
vha_568HK,Cheyenne River VA Clinic,va_health_facility,Other Outpatient Services (OOS),23,568HK,derived,review_pending,discoverva_va_locator_facility_list,2026-05-05T16:33:37+00:00,https://discover.va.gov/va-locator-facility-list/,https://www.va.gov/black-hills-health-care/locations/mclaughlin-va-clinic/,44.993592,-101.2338315
vha_568HP,Winner VA Clinic,va_health_facility,Other Outpatient Services (OOS),23,568HP,derived,review_pending,discoverva_va_locator_facility_list,2026-05-05T16:33:37+00:00,https://discover.va.gov/va-locator-facility-list/,https://www.va.gov/black-hills-health-care/locations/winner-va-clinic/,43.37664983,-99.86539935
vha_568QA,Fort Yates VA Clinic,va_health_facility,Other Outpatient Services (OOS),23,568QA,derived,review_pending,discoverva_va_locator_facility_list,2026-05-05T16:33:37+00:00,https://discover.va.gov/va-locator-facility-list/,https://www.va.gov/black-hills-health-care/locations/fort-yates-va-clinic/,46.08849942,-100.62813819
vha_570,Fresno VA Medical Center,va_health_facility,VA Medical Center (VAMC),21,570,derived,review_pending,discoverva_va_locator_facility_list,2026-05-05T16:33:37+00:00,https://discover.va.gov/va-locator-facility-list/,https://www.va.gov/central-california-health-care/locations/fresno-va-medical-center/,36.773487,-119.7790245
vha_570GA,Merced VA Clinic,va_health_facility,Primary Care CBOC,21,570GA,derived,review_pending,discoverva_va_locator_facility_list,2026-05-05T16:33:37+00:00,https://discover.va.gov/va-locator-facility-list/,https://www.va.gov/central-california-health-care/locations/merced-va-clinic/,37.330848,-120.46482
vha_570GB,Visalia VA Clinic,va_health_facility,Primary Care CBOC,21,570GB,derived,review_pending,discoverva_va_locator_facility_list,2026-05-05T16:33:37+00:00,https://discover.va.gov/va-locator-facility-list/,https://www.va.gov/central-california-health-care/locations/visalia-va-clinic,36.334053,-119.2875975
vha_570GC,Oakhurst VA Clinic,va_health_facility,Primary Care CBOC,21,570GC,derived,review_pending,discoverva_va_locator_facility_list,2026-05-05T16:33:37+00:00,https://discover.va.gov/va-locator-facility-list/,https://www.va.gov/central-california-health-care/locations/oakhurst-va-clinic/,37.33850042,-119.66928932
vha_573,Malcom Randall Department of Veterans Affairs Medical Center,va_health_facility,VA Medical Center (VAMC),8,573,derived,review_pending,discoverva_va_locator_facility_list,2026-05-05T16:33:37+00:00,https://discover.va.gov/va-locator-facility-list/,https://www.va.gov/north-florida-health-care/locations/malcom-randall-department-of-veterans-affairs-medical-center/,29.63851539,-82.34491086
vha_573A4,Lake City VA Medical Center,va_health_facility,VA Medical Center (VAMC),8,,not_available,review_pending,discoverva_va_locator_facility_list,2026-05-05T16:33:37+00:00,https://discover.va.gov/va-locator-facility-list/,https://www.va.gov/north-florida-health-care/locations/lake-city-va-medical-center/,30.18176793,-82.63691873
vha_573BU,Gainesville VA Domiciliary,va_health_facility,Residential Care Site (MH RRTP/DRRTP) (Stand-Alone),8,573BU,derived,review_pending,discoverva_va_locator_facility_list,2026-05-05T16:33:37+00:00,https://discover.va.gov/va-locator-facility-list/,https://www.va.gov/north-florida-health-care/locations/gainesville-va-domiciliary/,29.64918346,-82.303947
vha_573BY,Jacksonville 1 VA Clinic,va_health_facility,Multi-Specialty CBOC,8,573BY,derived,review_pending,discoverva_va_locator_facility_list,2026-05-05T16:33:37+00:00,https://discover.va.gov/va-locator-facility-list/,https://www.va.gov/north-florida-health-care/locations/jacksonville-1-va-clinic/,30.342492,-81.6636915
vha_573GA,Valdosta VA Clinic,va_health_facility,Primary Care CBOC,8,573GA,derived,review_pending,discoverva_va_locator_facility_list,2026-05-05T16:33:37+00:00,https://discover.va.gov/va-locator-facility-list/,https://www.va.gov/north-florida-health-care/locations/valdosta-va-clinic/,30.82691528,-83.31380011
vha_573GD,Ocala VA Clinic,va_health_facility,Multi-Specialty CBOC,8,573GD,derived,review_pending,discoverva_va_locator_facility_list,2026-05-05T16:33:37+00:00,https://discover.va.gov/va-locator-facility-list/,https://www.va.gov/north-florida-health-care/locations/ocala-va-clinic/,29.13560459,-82.19801137
vha_573GE,Leo C. Chase Jr. VA Clinic,va_health_facility,Multi-Specialty CBOC,8,573GE,derived,review_pending,discoverva_va_locator_facility_list,2026-05-05T16:33:37+00:00,https://discover.va.gov/va-locator-facility-list/,https://www.va.gov/north-florida-health-care/locations/leo-c-chase-jr-va-clinic/,29.85946023,-81.34823744
vha_573GF,"Sergeant Ernest I. ""Boots"" Thomas VA Clinic",va_health_facility,Multi-Specialty CBOC,8,573GF,derived,review_pending,discoverva_va_locator_facility_list,2026-05-05T16:33:37+00:00,https://discover.va.gov/va-locator-facility-list/,https://www.va.gov/north-florida-health-care/locations/sergeant-ernest-i-boots-thomas-va-clinic/,30.409992,-84.2480415
vha_573GI,The Villages VA Clinic,va_health_facility,Multi-Specialty CBOC,8,573GI,derived,review_pending,discoverva_va_locator_facility_list,2026-05-05T16:33:37+00:00,https://discover.va.gov/va-locator-facility-list/,https://www.va.gov/north-florida-health-care/locations/the-villages-va-clinic/,28.98114654,-82.005156
vha_573GJ,St. Marys VA Clinic,va_health_facility,Primary Care CBOC,8,573GJ,derived,review_pending,discoverva_va_locator_facility_list,2026-05-05T16:33:37+00:00,https://discover.va.gov/va-locator-facility-list/,https://www.va.gov/north-florida-health-care/locations/st-marys-va-clinic/,30.75139094,-81.57515885
vha_573GK,Marianna VA Clinic,va_health_facility,Primary Care CBOC,8,573GK,derived,review_pending,discoverva_va_locator_facility_list,2026-05-05T16:33:37+00:00,https://discover.va.gov/va-locator-facility-list/,https://www.va.gov/north-florida-health-care/locations/marianna-va-clinic/,30.74720411,-85.18180397
vha_573GL,Palatka VA Clinic,va_health_facility,Primary Care CBOC,8,573GL,derived,review_pending,discoverva_va_locator_facility_list,2026-05-05T16:33:37+00:00,https://discover.va.gov/va-locator-facility-list/,https://www.va.gov/north-florida-health-care/locations/palatka-va-clinic/,29.65300655,-81.67171756
vha_573GM,Waycross VA Clinic,va_health_facility,Primary Care CBOC,8,573GM,derived,review_pending,discoverva_va_locator_facility_list,2026-05-05T16:33:37+00:00,https://discover.va.gov/va-locator-facility-list/,https://www.va.gov/north-florida-health-care/locations/waycross-va-clinic/,31.21409831,-82.32999653
vha_573GN,Perry VA Clinic,va_health_facility,Other Outpatient Services (OOS),8,573GN,derived,review_pending,discoverva_va_locator_facility_list,2026-05-05T16:33:37+00:00,https://discover.va.gov/va-locator-facility-list/,https://www.va.gov/north-florida-health-care/locations/perry-va-clinic/,30.12785145,-83.57632779
vha_573GO,A.K. Baker VA Clinic,va_health_facility,Primary Care CBOC,8,573GO,derived,review_pending,discoverva_va_locator_facility_list,2026-05-05T16:33:37+00:00,https://discover.va.gov/va-locator-facility-list/,https://www.va.gov/north-florida-health-care/locations/ak-baker-va-clinic,30.110256,-81.77715
vha_573QB,Gainesville Ninety-Eighth Street VA Clinic,va_health_facility,Other Outpatient Services (OOS),8,573QB,derived,review_pending,discoverva_va_locator_facility_list,2026-05-05T16:33:37+00:00,https://discover.va.gov/va-locator-facility-list/,https://www.va.gov/north-florida-health-care/locations/gainesville-ninety-eighth-street-va-clinic/,29.68464041,-82.45045611
vha_573QC,Gainesville Sixty-Fourth Street 1 VA Clinic,va_health_facility,Other Outpatient Services (OOS),8,573QC,derived,review_pending,discoverva_va_locator_facility_list,2026-05-05T16:33:37+00:00,https://discover.va.gov/va-locator-facility-list/,https://www.va.gov/north-florida-health-care/locations/gainesville-sixty-fourth-street-1-va-clinic/,29.60372771,-82.41051416
vha_573QD,Gainesville Sixty-Fourth Street 2 VA Clinic,va_health_facility,Other Outpatient Services (OOS),8,573QD,derived,review_pending,discoverva_va_locator_facility_list,2026-05-05T16:33:37+00:00,https://discover.va.gov/va-locator-facility-list/,https://www.va.gov/north-florida-health-care/locations/gainesville-sixty-fourth-street-2-va-clinic/,29.60332287,-82.41025251
vha_573QE,Gainesville Sixty-Fourth Street 3 VA Clinic,va_health_facility,Other Outpatient Services (OOS),8,573QE,derived,review_pending,discoverva_va_locator_facility_list,2026-05-05T16:33:37+00:00,https://discover.va.gov/va-locator-facility-list/,https://www.va.gov/north-florida-health-care/locations/gainesville-sixty-fourth-street-3-va-clinic/,29.60276599,-82.40972897
vha_573QF,Gainesville 1 VA Clinic,va_health_facility,Other Outpatient Services (OOS),8,573QF,derived,review_pending,discoverva_va_locator_facility_list,2026-05-05T16:33:37+00:00,https://discover.va.gov/va-locator-facility-list/,https://www.va.gov/north-florida-health-care/locations/gainesville-1-va-clinic/,29.601482,-82.36888885
vha_573QG,Jacksonville North VA Clinic,va_health_facility,VA Medical Center (VAMC),8,573QG,derived,review_pending,discoverva_va_locator_facility_list,2026-05-05T16:33:37+00:00,https://discover.va.gov/va-locator-facility-list/,https://www.va.gov/north-florida-health-care/locations/jacksonville-north-va-clinic/,30.49097986,-81.63128344
vha_573QH,Ocala West VA Clinic,va_health_facility,Other Outpatient Services (OOS),8,573QH,derived,review_pending,discoverva_va_locator_facility_list,2026-05-05T16:33:37+00:00,https://discover.va.gov/va-locator-facility-list/,https://www.va.gov/north-florida-health-care/locations/ocala-west-va-clinic/,29.15417585,-82.16741076
vha_573QJ,Jacksonville 2 VA Clinic,va_health_facility,Primary Care CBOC,8,573QJ,derived,review_pending,discoverva_va_locator_facility_list,2026-05-05T16:33:37+00:00,https://discover.va.gov/va-locator-facility-list/,https://www.va.gov/north-florida-health-care/locations/jacksonville-2-va-clinic/,30.284253,-81.601587
vha_573QK,Lake City VA Clinic,va_health_facility,Other Outpatient Services (OOS),8,573QK,derived,review_pending,discoverva_va_locator_facility_list,2026-05-05T16:33:37+00:00,https://discover.va.gov/va-locator-facility-list/,https://www.va.gov/north-florida-health-care/locations/lake-city-va-clinic/,30.17503364,-82.68407014
vha_573QL,Gainesville VA Clinic,va_health_facility,Multi-Specialty CBOC,8,573QL,derived,review_pending,discoverva_va_locator_facility_list,2026-05-05T16:33:37+00:00,https://discover.va.gov/va-locator-facility-list/,https://www.va.gov/north-florida-health-care/locations/gainesville-va-clinic/,29.60049667,-82.36798135
vha_575,Grand Junction VA Medical Center,va_health_facility,VA Medical Center (VAMC),19,575,derived,review_pending,discoverva_va_locator_facility_list,2026-05-05T16:33:37+00:00,https://discover.va.gov/va-locator-facility-list/,https://www.va.gov/western-colorado-health-care/locations/grand-junction-va-medical-center/,39.07727653,-108.540243
vha_575GA,Montrose VA Clinic,va_health_facility,Multi-Specialty CBOC,19,575GA,derived,review_pending,discoverva_va_locator_facility_list,2026-05-05T16:33:37+00:00,https://discover.va.gov/va-locator-facility-list/,https://www.va.gov/western-colorado-health-care/locations/montrose-va-clinic/,38.47066582,-107.87184833
vha_575GB,Major William Edward Adams Department of Veterans Affairs Clinic,va_health_facility,Other Outpatient Services (OOS),19,575GB,derived,review_pending,discoverva_va_locator_facility_list,2026-05-05T16:33:37+00:00,https://discover.va.gov/va-locator-facility-list/,https://www.va.gov/western-colorado-health-care/locations/major-william-edward-adams-department-of-veterans-affairs-clinic/,40.51418847,-107.56029069
vha_575QA,Glenwood Springs VA Clinic,va_health_facility,Other Outpatient Services (OOS),19,575QA,derived,review_pending,discoverva_va_locator_facility_list,2026-05-05T16:33:37+00:00,https://discover.va.gov/va-locator-facility-list/,https://www.va.gov/western-colorado-health-care/locations/glenwood-springs-va-clinic/,39.52783063,-107.32545337
vha_575QB,Moab VA Clinic,va_health_facility,Other Outpatient Services (OOS),19,575QB,derived,review_pending,discoverva_va_locator_facility_list,2026-05-05T16:33:37+00:00,https://discover.va.gov/va-locator-facility-list/,https://www.va.gov/western-colorado-health-care/locations/moab-va-clinic/,38.56251401,-109.54878462
vha_575QC,Grand Junction VA Mobile Clinic,va_health_facility,Other Outpatient Services (OOS),19,575QC,derived,review_pending,discoverva_va_locator_facility_list,2026-05-05T16:33:37+00:00,https://discover.va.gov/va-locator-facility-list/,https://www.grandjunction.va.gov/locations/Grand_Junction_VA_Mobile_Clinic.asp,39.07727653,-108.540243
vha_578,Edward Hines Junior Hospital,va_health_facility,VA Medical Center (VAMC),12,578,derived,review_pending,discoverva_va_locator_facility_list,2026-05-05T16:33:37+00:00,https://discover.va.gov/va-locator-facility-list/,https://www.va.gov/hines-health-care/locations/edward-hines-junior-hospital/,41.851467,-87.8335425
vha_578GA,Joliet VA Clinic,va_health_facility,Multi-Specialty CBOC,12,578GA,derived,review_pending,discoverva_va_locator_facility_list,2026-05-05T16:33:37+00:00,https://discover.va.gov/va-locator-facility-list/,https://www.va.gov/hines-health-care/locations/joliet-va-clinic/,41.53522811,-88.05214414
vha_578GC,Kankakee County VA Clinic,va_health_facility,Primary Care CBOC,12,578GC,derived,review_pending,discoverva_va_locator_facility_list,2026-05-05T16:33:37+00:00,https://discover.va.gov/va-locator-facility-list/,https://www.va.gov/hines-health-care/locations/kankakee-county-va-clinic/,41.16267145,-87.87961032
vha_578GD,Aurora VA Clinic,va_health_facility,Primary Care CBOC,12,578GD,derived,review_pending,discoverva_va_locator_facility_list,2026-05-05T16:33:37+00:00,https://discover.va.gov/va-locator-facility-list/,https://www.va.gov/hines-health-care/locations/aurora-va-clinic/,41.80014893,-88.32524566
vha_578GE,Hoffman Estates VA Clinic,va_health_facility,Primary Care CBOC,12,578GE,derived,review_pending,discoverva_va_locator_facility_list,2026-05-05T16:33:37+00:00,https://discover.va.gov/va-locator-facility-list/,https://www.va.gov/hines-health-care/locations/hoffman-estates-va-clinic/,42.06805316,-88.19900324
vha_578GF,LaSalle VA Clinic,va_health_facility,Primary Care CBOC,12,578GF,derived,review_pending,discoverva_va_locator_facility_list,2026-05-05T16:33:37+00:00,https://discover.va.gov/va-locator-facility-list/,https://www.va.gov/hines-health-care/locations/lasalle-va-clinic/,41.35847234,-89.12204076
vha_578GG,Oak Lawn VA Clinic,va_health_facility,Primary Care CBOC,12,578GG,derived,review_pending,discoverva_va_locator_facility_list,2026-05-05T16:33:37+00:00,https://discover.va.gov/va-locator-facility-list/,https://www.va.gov/hines-health-care/locations/oak-lawn-va-clinic/,41.70741335,-87.74031232
vha_580,Michael E. DeBakey Department of Veterans Affairs Medical Center,va_health_facility,VA Medical Center (VAMC),16,580,derived,review_pending,discoverva_va_locator_facility_list,2026-05-05T16:33:37+00:00,https://discover.va.gov/va-locator-facility-list/,https://www.va.gov/houston-health-care/locations/michael-e-debakey-department-of-veterans-affairs-medical-center/,29.706138,-95.3863785
vha_580BY,Beaumont VA Clinic,va_health_facility,Multi-Specialty CBOC,16,580BY,derived,review_pending,discoverva_va_locator_facility_list,2026-05-05T16:33:37+00:00,https://discover.va.gov/va-locator-facility-list/,https://www.va.gov/houston-health-care/locations/beaumont-va-clinic/,30.07769043,-94.13906251
vha_580BZ,Charles Wilson Department of Veterans Affairs Outpatient Clinic,va_health_facility,Multi-Specialty CBOC,16,580BZ,derived,review_pending,discoverva_va_locator_facility_list,2026-05-05T16:33:37+00:00,https://discover.va.gov/va-locator-facility-list/,https://www.va.gov/houston-health-care/locations/charles-wilson-department-of-veterans-affairs-outpatient-clinic/,31.3570715,-94.76434578
vha_580GC,Galveston County VA Clinic,va_health_facility,Primary Care CBOC,16,580GC,derived,review_pending,discoverva_va_locator_facility_list,2026-05-05T16:33:37+00:00,https://discover.va.gov/va-locator-facility-list/,https://www.va.gov/houston-health-care/locations/galveston-county-va-clinic/,29.29102744,-94.80823611
vha_580GD,Conroe VA Clinic,va_health_facility,Multi-Specialty CBOC,16,580GD,derived,review_pending,discoverva_va_locator_facility_list,2026-05-05T16:33:37+00:00,https://discover.va.gov/va-locator-facility-list/,https://www.va.gov/houston-health-care/locations/conroe-va-clinic/,30.282597,-95.4718875
vha_580GE,Katy VA Clinic,va_health_facility,Multi-Specialty CBOC,16,580GE,derived,review_pending,discoverva_va_locator_facility_list,2026-05-05T16:33:37+00:00,https://discover.va.gov/va-locator-facility-list/,https://www.va.gov/houston-health-care/locations/katy-va-clinic/,29.776905,-95.736474
vha_580GF,Lake Jackson VA Clinic,va_health_facility,Primary Care CBOC,16,580GF,derived,review_pending,discoverva_va_locator_facility_list,2026-05-05T16:33:37+00:00,https://discover.va.gov/va-locator-facility-list/,https://www.va.gov/houston-health-care/locations/lake-jackson-va-clinic/,29.031741,-95.4570465
vha_580GG,Richmond VA Clinic,va_health_facility,Multi-Specialty CBOC,16,580GG,derived,review_pending,discoverva_va_locator_facility_list,2026-05-05T16:33:37+00:00,https://discover.va.gov/va-locator-facility-list/,https://www.va.gov/houston-health-care/locations/richmond-va-clinic/,29.555523,-95.7128985
vha_580GH,Tomball VA Clinic,va_health_facility,Multi-Specialty CBOC,16,580GH,derived,review_pending,discoverva_va_locator_facility_list,2026-05-05T16:33:37+00:00,https://discover.va.gov/va-locator-facility-list/,https://www.va.gov/houston-health-care/locations/tomball-va-clinic/,30.092544,-95.6287485
vha_580GJ,Texas City VA Clinic,va_health_facility,Multi-Specialty CBOC,16,580GJ,derived,review_pending,discoverva_va_locator_facility_list,2026-05-05T16:33:37+00:00,https://discover.va.gov/va-locator-facility-list/,https://www.va.gov/houston-health-care/locations/texas-city-va-clinic/,29.40042519,-95.01444942
vha_580GK,Kingwood VA Clinic,va_health_facility,Primary Care CBOC,16,580GK,derived,review_pending,discoverva_va_locator_facility_list,2026-05-05T16:33:37+00:00,https://discover.va.gov/va-locator-facility-list/,https://www.va.gov/houston-health-care/locations/kingwood-va-clinic/,30.00398458,-95.25240492
vha_580GL,Sugar Land VA Clinic,va_health_facility,Other Outpatient Services (OOS),16,580GL,derived,review_pending,discoverva_va_locator_facility_list,2026-05-05T16:33:37+00:00,https://discover.va.gov/va-locator-facility-list/,https://www.va.gov/houston-health-care/locations/sugar-land-va-clinic/,29.60479972,-95.6212436
vha_580QE,Houston Webster VA Clinic,va_health_facility,Other Outpatient Services (OOS),16,580QE,derived,review_pending,discoverva_va_locator_facility_list,2026-05-05T16:33:37+00:00,https://discover.va.gov/va-locator-facility-list/,https://www.va.gov/houston-health-care/locations/houston-webster-va-clinic/,29.74417766,-95.36575154
vha_581,"Hershel ""Woody"" Williams VA Medical Center",va_health_facility,VA Medical Center (VAMC),5,581,derived,review_pending,discoverva_va_locator_facility_list,2026-05-05T16:33:37+00:00,https://discover.va.gov/va-locator-facility-list/,https://www.va.gov/huntington-health-care/locations/hershel-woody-williams-va-medical-center/,38.37718073,-82.51686389
vha_581GA,Prestonsburg VA Clinic,va_health_facility,Primary Care CBOC,5,581GA,derived,review_pending,discoverva_va_locator_facility_list,2026-05-05T16:33:37+00:00,https://discover.va.gov/va-locator-facility-list/,https://www.va.gov/huntington-health-care/locations/prestonsburg-va-clinic/,37.72894355,-82.76288474
vha_581GB,Charleston VA Clinic,va_health_facility,Multi-Specialty CBOC,5,581GB,derived,review_pending,discoverva_va_locator_facility_list,2026-05-05T16:33:37+00:00,https://discover.va.gov/va-locator-facility-list/,https://www.va.gov/huntington-health-care/locations/charleston-va-clinic/,38.29554845,-81.75168301
vha_581GG,Gallipolis VA Clinic,va_health_facility,Other Outpatient Services (OOS),5,581GG,derived,review_pending,discoverva_va_locator_facility_list,2026-05-05T16:33:37+00:00,https://discover.va.gov/va-locator-facility-list/,https://www.va.gov/huntington-health-care/locations/gallipolis-va-clinic/,38.8356771,-82.15282903
vha_581GH,Lenore VA Clinic,va_health_facility,Other Outpatient Services (OOS),5,581GH,derived,review_pending,discoverva_va_locator_facility_list,2026-05-05T16:33:37+00:00,https://discover.va.gov/va-locator-facility-list/,https://www.va.gov/huntington-health-care/locations/lenore-va-clinic/,37.78386099,-82.25243049
vha_581QA,Huntington Ninth Street VA Clinic,va_health_facility,Other Outpatient Services (OOS),5,581QA,derived,review_pending,discoverva_va_locator_facility_list,2026-05-05T16:33:37+00:00,https://discover.va.gov/va-locator-facility-list/,https://www.va.gov/huntington-health-care/locations/huntington-ninth-street-va-clinic/,38.41709868,-82.44283566
vha_581QB,Huntington VA Mobile Clinic,va_health_facility,Other Outpatient Services (OOS),5,581QB,derived,review_pending,discoverva_va_locator_facility_list,2026-05-05T16:33:37+00:00,https://discover.va.gov/va-locator-facility-list/,https://www.va.gov/huntington-health-care/locations/huntington-va-mobile-clinic/,38.37718073,-82.51686389
vha_583,Richard L. Roudebush Veterans' Administration Medical Center,va_health_facility,VA Medical Center (VAMC),10,583,derived,review_pending,discoverva_va_locator_facility_list,2026-05-05T16:33:37+00:00,https://discover.va.gov/va-locator-facility-list/,https://www.va.gov/indiana-health-care/locations/richard-l-roudebush-veterans-administration-medical-center/,39.777426,-86.187474
vha_583GA,Terre Haute VA Clinic,va_health_facility,Multi-Specialty CBOC,10,583GA,derived,review_pending,discoverva_va_locator_facility_list,2026-05-05T16:33:37+00:00,https://discover.va.gov/va-locator-facility-list/,https://www.va.gov/indiana-health-care/locations/terre-haute-va-clinic/,39.43793774,-87.34178608
vha_583GB,Bloomington VA Clinic,va_health_facility,Multi-Specialty CBOC,10,583GB,derived,review_pending,discoverva_va_locator_facility_list,2026-05-05T16:33:37+00:00,https://discover.va.gov/va-locator-facility-list/,https://www.va.gov/indiana-health-care/locations/bloomington-va-clinic/,39.14599502,-86.57809674
vha_583GC,Martinsville VA Clinic,va_health_facility,Other Outpatient Services (OOS),10,583GC,derived,review_pending,discoverva_va_locator_facility_list,2026-05-05T16:33:37+00:00,https://discover.va.gov/va-locator-facility-list/,https://www.va.gov/indiana-health-care/locations/martinsville-va-clinic/,39.42496714,-86.40604035
vha_583GD,Brownsburg VA Clinic,va_health_facility,Multi-Specialty CBOC,10,583GD,derived,review_pending,discoverva_va_locator_facility_list,2026-05-05T16:33:37+00:00,https://discover.va.gov/va-locator-facility-list/,https://www.va.gov/indiana-health-care/locations/brownsburg-va-clinic/,39.84806093,-86.36630294
vha_583GE,Lafayette VA Clinic,va_health_facility,Multi-Specialty CBOC,10,583GE,derived,review_pending,discoverva_va_locator_facility_list,2026-05-05T16:33:37+00:00,https://discover.va.gov/va-locator-facility-list/,https://www.va.gov/indiana-health-care/locations/lafayette-va-clinic/,40.40489628,-86.82793411
vha_583GF,Wakeman VA Clinic,va_health_facility,Multi-Specialty CBOC,10,583GF,derived,review_pending,discoverva_va_locator_facility_list,2026-05-05T16:33:37+00:00,https://discover.va.gov/va-locator-facility-list/,https://www.va.gov/indiana-health-care/locations/wakeman-va-clinic/,39.36362617,-86.0319801
vha_583GG,Shelbyville VA Clinic,va_health_facility,Primary Care CBOC,10,583GG,derived,review_pending,discoverva_va_locator_facility_list,2026-05-05T16:33:37+00:00,https://discover.va.gov/va-locator-facility-list/,https://www.va.gov/indiana-health-care/locations/shelbyville-va-clinic/,39.5573715,-85.78066719
vha_583QA,Monroe County VA Clinic,va_health_facility,Other Outpatient Services (OOS),10,583QA,derived,review_pending,discoverva_va_locator_facility_list,2026-05-05T16:33:37+00:00,https://discover.va.gov/va-locator-facility-list/,https://www.va.gov/indiana-health-care/locations/monroe-county-va-clinic/,39.1610825,-86.5517869
vha_583QB,Indianapolis VA Clinic,va_health_facility,Other Outpatient Services (OOS),10,583QB,derived,review_pending,discoverva_va_locator_facility_list,2026-05-05T16:33:37+00:00,https://discover.va.gov/va-locator-facility-list/,https://www.va.gov/indiana-health-care/locations/indianapolis-va-clinic/,39.777318,-86.157342
vha_583QD,Indianapolis YMCA VA Clinic,va_health_facility,Other Outpatient Services (OOS),10,583QD,derived,review_pending,discoverva_va_locator_facility_list,2026-05-05T16:33:37+00:00,https://discover.va.gov/va-locator-facility-list/,https://www.va.gov/indiana-health-care/locations/indianapolis-ymca-va-clinic/,39.84771198,-86.25814423
vha_583QE,Cold Spring Road VA Clinic,va_health_facility,Other Outpatient Services (OOS),10,583QE,derived,review_pending,discoverva_va_locator_facility_list,2026-05-05T16:33:37+00:00,https://discover.va.gov/va-locator-facility-list/,https://www.va.gov/indiana-health-care/locations/cold-spring-road-va-clinic/,39.804714,-86.20311103
vha_585,Oscar G. Johnson Department of Veterans Affairs Medical Facility,va_health_facility,VA Medical Center (VAMC),12,585,derived,review_pending,discoverva_va_locator_facility_list,2026-05-05T16:33:37+00:00,https://discover.va.gov/va-locator-facility-list/,https://www.va.gov/iron-mountain-health-care/locations/oscar-g-johnson-department-of-veterans-affairs-medical-facility/,45.81002,-88.060176
vha_585GA,Hancock VA Clinic,va_health_facility,Primary Care CBOC,12,585GA,derived,review_pending,discoverva_va_locator_facility_list,2026-05-05T16:33:37+00:00,https://discover.va.gov/va-locator-facility-list/,https://www.va.gov/iron-mountain-health-care/locations/hancock-va-clinic/,47.13126744,-88.59189255
vha_585GB,Rhinelander VA Clinic,va_health_facility,Primary Care CBOC,12,585GB,derived,review_pending,discoverva_va_locator_facility_list,2026-05-05T16:33:37+00:00,https://discover.va.gov/va-locator-facility-list/,https://www.va.gov/iron-mountain-health-care/locations/rhinelander-va-clinic/,45.63213345,-89.43135663
vha_585GC,Menominee VA Clinic,va_health_facility,Primary Care CBOC,12,585GC,derived,review_pending,discoverva_va_locator_facility_list,2026-05-05T16:33:37+00:00,https://discover.va.gov/va-locator-facility-list/,https://www.va.gov/iron-mountain-health-care/locations/menominee-va-clinic/,45.10789419,-87.61659852
vha_585GD,Ironwood VA Clinic,va_health_facility,Primary Care CBOC,12,585GD,derived,review_pending,discoverva_va_locator_facility_list,2026-05-05T16:33:37+00:00,https://discover.va.gov/va-locator-facility-list/,https://www.va.gov/iron-mountain-health-care/locations/ironwood-va-clinic/,46.46335549,-90.18407972
vha_585GF,Manistique VA Clinic,va_health_facility,Primary Care CBOC,12,585GF,derived,review_pending,discoverva_va_locator_facility_list,2026-05-05T16:33:37+00:00,https://discover.va.gov/va-locator-facility-list/,https://www.va.gov/iron-mountain-health-care/locations/manistique-va-clinic/,45.94867596,-86.23085006
vha_585GG,Gladstone VA Clinic,va_health_facility,Primary Care CBOC,12,585GG,derived,review_pending,discoverva_va_locator_facility_list,2026-05-05T16:33:37+00:00,https://discover.va.gov/va-locator-facility-list/,https://www.va.gov/iron-mountain-health-care/locations/gladstone-va-clinic/,45.83816837,-87.03540682
vha_585HA,Marquette VA Clinic,va_health_facility,Primary Care CBOC,12,585HA,derived,review_pending,discoverva_va_locator_facility_list,2026-05-05T16:33:37+00:00,https://discover.va.gov/va-locator-facility-list/,https://www.va.gov/iron-mountain-health-care/locations/marquette-va-clinic/,46.55683647,-87.418152
vha_585HB,Sault Saint Marie VA Clinic,va_health_facility,Primary Care CBOC,12,585HB,derived,review_pending,discoverva_va_locator_facility_list,2026-05-05T16:33:37+00:00,https://discover.va.gov/va-locator-facility-list/,https://www.va.gov/iron-mountain-health-care/locations/sault-saint-marie-va-clinic/,46.46776656,-84.3674098
vha_586,G.V. (Sonny) Montgomery Department of Veterans Affairs Medical Center,va_health_facility,VA Medical Center (VAMC),16,586,derived,review_pending,discoverva_va_locator_facility_list,2026-05-05T16:33:37+00:00,https://discover.va.gov/va-locator-facility-list/,https://www.va.gov/jackson-health-care/locations/gv-sonny-montgomery-department-of-veterans-affairs-medical-center/,32.327541,-90.16632
vha_586GA,Kosciusko VA Clinic,va_health_facility,Primary Care CBOC,16,586GA,derived,review_pending,discoverva_va_locator_facility_list,2026-05-05T16:33:37+00:00,https://discover.va.gov/va-locator-facility-list/,https://www.va.gov/jackson-health-care/locations/kosciusko-va-clinic/,33.05943904,-89.59466149
vha_586GB,Meridian VA Clinic,va_health_facility,Primary Care CBOC,16,586GB,derived,review_pending,discoverva_va_locator_facility_list,2026-05-05T16:33:37+00:00,https://discover.va.gov/va-locator-facility-list/,https://www.va.gov/jackson-health-care/locations/meridian-va-clinic/,32.36985654,-88.69958028
vha_586GC,Greenville VA Clinic,va_health_facility,Primary Care CBOC,16,586GC,derived,review_pending,discoverva_va_locator_facility_list,2026-05-05T16:33:37+00:00,https://discover.va.gov/va-locator-facility-list/,https://www.va.gov/jackson-health-care/locations/greenville-va-clinic/,33.37499869,-91.0396978
vha_586GD,Hattiesburg VA Clinic,va_health_facility,Primary Care CBOC,16,586GD,derived,review_pending,discoverva_va_locator_facility_list,2026-05-05T16:33:37+00:00,https://discover.va.gov/va-locator-facility-list/,https://www.va.gov/jackson-health-care/locations/hattiesburg-va-clinic/,31.326192,-89.3679345
vha_586GE,Natchez VA Clinic,va_health_facility,Primary Care CBOC,16,586GE,derived,review_pending,discoverva_va_locator_facility_list,2026-05-05T16:33:37+00:00,https://discover.va.gov/va-locator-facility-list/,https://www.va.gov/jackson-health-care/locations/natchez-va-clinic/,31.5647657,-91.3516379
vha_586GF,Columbus VA Clinic,va_health_facility,Primary Care CBOC,16,586GF,derived,review_pending,discoverva_va_locator_facility_list,2026-05-05T16:33:37+00:00,https://discover.va.gov/va-locator-facility-list/,https://www.va.gov/jackson-health-care/locations/columbus-va-clinic/,33.49327447,-88.36568936
vha_586GG,McComb VA Clinic,va_health_facility,Primary Care CBOC,16,586GG,derived,review_pending,discoverva_va_locator_facility_list,2026-05-05T16:33:37+00:00,https://discover.va.gov/va-locator-facility-list/,https://www.va.gov/jackson-health-care/locations/mccomb-va-clinic/,31.24942349,-90.46807994
vha_586QB,Dogwood View Parkway VA Clinic,va_health_facility,Other Outpatient Services (OOS),16,586QB,derived,review_pending,discoverva_va_locator_facility_list,2026-05-05T16:33:37+00:00,https://discover.va.gov/va-locator-facility-list/,https://www.va.gov/jackson-health-care/locations/dogwood-view-parkway-va-clinic/,32.39940987,-90.19618493
vha_589,Kansas City VA Medical Center,va_health_facility,VA Medical Center (VAMC),15,589,derived,review_pending,discoverva_va_locator_facility_list,2026-05-05T16:33:37+00:00,https://discover.va.gov/va-locator-facility-list/,https://www.va.gov/kansas-city-health-care/locations/kansas-city-va-medical-center/,39.063357,-94.526883
vha_589A4,Harry S. Truman Memorial Veterans' Hospital,va_health_facility,VA Medical Center (VAMC),15,,not_available,review_pending,discoverva_va_locator_facility_list,2026-05-05T16:33:37+00:00,https://discover.va.gov/va-locator-facility-list/,https://www.va.gov/columbia-missouri-health-care/locations/harry-s-truman-memorial-veterans-hospital/,38.936817,-92.3291865
vha_589A5,Colmery-O'Neil Veterans' Administration Medical Center,va_health_facility,VA Medical Center (VAMC),15,,not_available,review_pending,discoverva_va_locator_facility_list,2026-05-05T16:33:37+00:00,https://discover.va.gov/va-locator-facility-list/,https://www.va.gov/eastern-kansas-health-care/locations/colmery-oneil-veterans-administration-medical-center/,39.0273447,-95.7249057
vha_589A6,Dwight D. Eisenhower Department of Veterans Affairs Medical Center,va_health_facility,VA Medical Center (VAMC),15,,not_available,review_pending,discoverva_va_locator_facility_list,2026-05-05T16:33:37+00:00,https://discover.va.gov/va-locator-facility-list/,https://www.va.gov/eastern-kansas-health-care/locations/dwight-d-eisenhower-department-of-veterans-affairs-medical-center/,39.277129,-94.89970647
vha_589A7,Robert J. Dole Department of Veterans Affairs Medical and Regional Office Center,va_health_facility,VA Medical Center (VAMC),15,,not_available,review_pending,discoverva_va_locator_facility_list,2026-05-05T16:33:37+00:00,https://discover.va.gov/va-locator-facility-list/,https://www.va.gov/wichita-health-care/locations/robert-j-dole-department-of-veterans-affairs-medical-and-regional-office-center/,37.681686,-97.2740115
vha_589G1,Warrensburg VA Clinic,va_health_facility,Multi-Specialty CBOC,15,,not_available,review_pending,discoverva_va_locator_facility_list,2026-05-05T16:33:37+00:00,https://discover.va.gov/va-locator-facility-list/,https://www.va.gov/kansas-city-health-care/locations/warrensburg-va-clinic/,38.77211585,-93.71945516
vha_589G2,Dodge City VA Clinic,va_health_facility,Other Outpatient Services (OOS),15,,not_available,review_pending,discoverva_va_locator_facility_list,2026-05-05T16:33:37+00:00,https://discover.va.gov/va-locator-facility-list/,https://www.va.gov/wichita-health-care/locations/dodge-city-va-clinic/,37.77857097,-99.99756993
vha_589G4,Hays VA Clinic,va_health_facility,Primary Care CBOC,15,,not_available,review_pending,discoverva_va_locator_facility_list,2026-05-05T16:33:37+00:00,https://discover.va.gov/va-locator-facility-list/,https://www.va.gov/wichita-health-care/locations/hays-va-clinic/,38.90080066,-99.31791248
vha_589G5,Parsons VA Clinic,va_health_facility,Primary Care CBOC,15,,not_available,review_pending,discoverva_va_locator_facility_list,2026-05-05T16:33:37+00:00,https://discover.va.gov/va-locator-facility-list/,https://www.va.gov/wichita-health-care/locations/parsons-va-clinic/,37.3658595,-95.26499011
vha_589G7,Hutchinson VA Clinic,va_health_facility,Primary Care CBOC,15,,not_available,review_pending,discoverva_va_locator_facility_list,2026-05-05T16:33:37+00:00,https://discover.va.gov/va-locator-facility-list/,https://www.va.gov/wichita-health-care/locations/hutchinson-va-clinic/,38.08650553,-97.89497108
vha_589G8,Jefferson City VA Clinic,va_health_facility,Multi-Specialty CBOC,15,,not_available,review_pending,discoverva_va_locator_facility_list,2026-05-05T16:33:37+00:00,https://discover.va.gov/va-locator-facility-list/,https://www.va.gov/columbia-missouri-health-care/locations/jefferson-city-va-clinic/,38.56901059,-92.2480511
vha_589GB,Belton VA Clinic,va_health_facility,Primary Care CBOC,15,589GB,derived,review_pending,discoverva_va_locator_facility_list,2026-05-05T16:33:37+00:00,https://discover.va.gov/va-locator-facility-list/,https://www.va.gov/kansas-city-health-care/locations/belton-va-clinic/,38.81066816,-94.5076077
vha_589GC,Paola VA Clinic,va_health_facility,Primary Care CBOC,15,589GC,derived,review_pending,discoverva_va_locator_facility_list,2026-05-05T16:33:37+00:00,https://discover.va.gov/va-locator-facility-list/,https://www.va.gov/kansas-city-health-care/locations/paola-va-clinic/,38.56664658,-94.86376683
vha_589GD,Nevada VA Clinic,va_health_facility,Other Outpatient Services (OOS),15,589GD,derived,review_pending,discoverva_va_locator_facility_list,2026-05-05T16:33:37+00:00,https://discover.va.gov/va-locator-facility-list/,https://www.va.gov/kansas-city-health-care/locations/nevada-va-clinic/,37.83685447,-94.34188933
vha_589GE,Kirksville VA Clinic,va_health_facility,Primary Care CBOC,15,589GE,derived,review_pending,discoverva_va_locator_facility_list,2026-05-05T16:33:37+00:00,https://discover.va.gov/va-locator-facility-list/,https://www.va.gov/columbia-missouri-health-care/locations/kirksville-va-clinic/,40.2090145,-92.57930111
vha_589GF,Waynesville VA Clinic,va_health_facility,Multi-Specialty CBOC,15,589GF,derived,review_pending,discoverva_va_locator_facility_list,2026-05-05T16:33:37+00:00,https://discover.va.gov/va-locator-facility-list/,https://www.va.gov/columbia-missouri-health-care/locations/waynesville-va-clinic/,37.80950049,-92.21526712
vha_589GH,Camdenton VA Clinic,va_health_facility,Multi-Specialty CBOC,15,589GH,derived,review_pending,discoverva_va_locator_facility_list,2026-05-05T16:33:37+00:00,https://discover.va.gov/va-locator-facility-list/,https://www.va.gov/columbia-missouri-health-care/locations/camdenton-va-clinic/,38.00069767,-92.75970475
vha_589GI,St. Joseph VA Clinic,va_health_facility,Primary Care CBOC,15,589GI,derived,review_pending,discoverva_va_locator_facility_list,2026-05-05T16:33:37+00:00,https://discover.va.gov/va-locator-facility-list/,https://www.va.gov/eastern-kansas-health-care/locations/st-joseph-va-clinic/,39.81145401,-94.80376397
vha_589GJ,Captain Elwin Shopteese VA Clinic,va_health_facility,Primary Care CBOC,15,589GJ,derived,review_pending,discoverva_va_locator_facility_list,2026-05-05T16:33:37+00:00,https://discover.va.gov/va-locator-facility-list/,https://www.va.gov/eastern-kansas-health-care/locations/captain-elwin-shopteese-va-clinic/,39.12856354,-94.792113
vha_589GR,Lieutenant General Richard J. Seitz Community-Based Outpatient Clinic,va_health_facility,Primary Care CBOC,15,589GR,derived,review_pending,discoverva_va_locator_facility_list,2026-05-05T16:33:37+00:00,https://discover.va.gov/va-locator-facility-list/,https://www.va.gov/eastern-kansas-health-care/locations/lieutenant-general-richard-j-seitz-community-based-outpatient-clinic/,39.01022006,-96.86433477
vha_589GU,Lawrence VA Clinic,va_health_facility,Primary Care CBOC,15,589GU,derived,review_pending,discoverva_va_locator_facility_list,2026-05-05T16:33:37+00:00,https://discover.va.gov/va-locator-facility-list/,https://www.va.gov/eastern-kansas-health-care/locations/lawrence-va-clinic/,38.96012539,-95.30544352
vha_589GV,Iola VA Clinic,va_health_facility,Other Outpatient Services (OOS),15,589GV,derived,review_pending,discoverva_va_locator_facility_list,2026-05-05T16:33:37+00:00,https://discover.va.gov/va-locator-facility-list/,https://www.va.gov/eastern-kansas-health-care/locations/iola-va-clinic/,37.92218562,-95.3874332
vha_589GW,Salina VA Clinic,va_health_facility,Primary Care CBOC,15,589GW,derived,review_pending,discoverva_va_locator_facility_list,2026-05-05T16:33:37+00:00,https://discover.va.gov/va-locator-facility-list/,https://www.va.gov/wichita-health-care/locations/salina-va-clinic/,38.84041952,-97.58860047
vha_589GX,Mexico VA Clinic,va_health_facility,Primary Care CBOC,15,589GX,derived,review_pending,discoverva_va_locator_facility_list,2026-05-05T16:33:37+00:00,https://discover.va.gov/va-locator-facility-list/,https://www.va.gov/columbia-missouri-health-care/locations/mexico-va-clinic/,39.13758168,-91.89271407
vha_589GY,St. James VA Clinic,va_health_facility,Primary Care CBOC,15,589GY,derived,review_pending,discoverva_va_locator_facility_list,2026-05-05T16:33:37+00:00,https://discover.va.gov/va-locator-facility-list/,https://www.va.gov/columbia-missouri-health-care/locations/st-james-va-clinic/,38.01044371,-91.62389999
vha_589GZ,Cameron VA Clinic,va_health_facility,Other Outpatient Services (OOS),15,589GZ,derived,review_pending,discoverva_va_locator_facility_list,2026-05-05T16:33:37+00:00,https://discover.va.gov/va-locator-facility-list/,https://www.va.gov/kansas-city-health-care/locations/cameron-va-clinic/,39.75322753,-94.23694604
vha_589JA,Sedalia VA Clinic,va_health_facility,Multi-Specialty CBOC,15,589JA,derived,review_pending,discoverva_va_locator_facility_list,2026-05-05T16:33:37+00:00,https://discover.va.gov/va-locator-facility-list/,https://www.va.gov/columbia-missouri-health-care/locations/sedalia-va-clinic/,38.70448006,-93.27350985
vha_589JB,Excelsior Springs VA Clinic,va_health_facility,Primary Care CBOC,15,589JB,derived,review_pending,discoverva_va_locator_facility_list,2026-05-05T16:33:37+00:00,https://discover.va.gov/va-locator-facility-list/,https://www.va.gov/kansas-city-health-care/locations/excelsior-springs-va-clinic/,39.33853524,-94.26307873
vha_589JC,Shawnee VA Clinic,va_health_facility,Other Outpatient Services (OOS),15,589JC,derived,review_pending,discoverva_va_locator_facility_list,2026-05-05T16:33:37+00:00,https://discover.va.gov/va-locator-facility-list/,https://www.va.gov/kansas-city-health-care/locations/shawnee-va-clinic/,39.00595582,-94.8478263
vha_589JD,Marshfield VA Clinic,va_health_facility,Primary Care CBOC,15,589JD,derived,review_pending,discoverva_va_locator_facility_list,2026-05-05T16:33:37+00:00,https://discover.va.gov/va-locator-facility-list/,https://www.va.gov/columbia-missouri-health-care/locations/marshfield-va-clinic/,37.34455999,-92.92703348
vha_589JE,Platte City VA Clinic,va_health_facility,Other Outpatient Services (OOS),15,589JE,derived,review_pending,discoverva_va_locator_facility_list,2026-05-05T16:33:37+00:00,https://discover.va.gov/va-locator-facility-list/,https://www.va.gov/eastern-kansas-health-care/locations/platte-city-va-clinic/,39.34882756,-94.76195446
vha_589JF,Honor VA Clinic,va_health_facility,Multi-Specialty CBOC,15,589JF,derived,review_pending,discoverva_va_locator_facility_list,2026-05-05T16:33:37+00:00,https://discover.va.gov/va-locator-facility-list/,https://www.va.gov/kansas-city-health-care/locations/honor-va-clinic/,39.0459078,-94.4522376
vha_589JG,Lenexa VA Clinic,va_health_facility,Multi-Specialty CBOC,15,589JG,derived,review_pending,discoverva_va_locator_facility_list,2026-05-05T16:33:37+00:00,https://discover.va.gov/va-locator-facility-list/,https://www.va.gov/kansas-city-health-care/locations/lenexa-va-clinic/,38.9218135,-94.76389569
vha_589JH,Junction City VA Clinic,va_health_facility,Other Outpatient Services (OOS),15,589JH,derived,review_pending,discoverva_va_locator_facility_list,2026-05-05T16:33:37+00:00,https://discover.va.gov/va-locator-facility-list/,https://www.va.gov/eastern-kansas-health-care/locations/junction-city-va-clinic/,39.01741552,-96.863364
vha_589QA,Overland Park VA Clinic,va_health_facility,Other Outpatient Services (OOS),15,589QA,derived,review_pending,discoverva_va_locator_facility_list,2026-05-05T16:33:37+00:00,https://discover.va.gov/va-locator-facility-list/,https://www.va.gov/kansas-city-health-care/locations/overland-park-va-clinic/,38.93817411,-94.70226451
vha_589QB,Sedgwick County VA Clinic,va_health_facility,Other Outpatient Services (OOS),15,589QB,derived,review_pending,discoverva_va_locator_facility_list,2026-05-05T16:33:37+00:00,https://discover.va.gov/va-locator-facility-list/,https://www.va.gov/wichita-health-care/locations/sedgwick-county-va-clinic/,37.669143,-97.2788705
vha_590,Hampton VA Medical Center,va_health_facility,VA Medical Center (VAMC),6,590,derived,review_pending,discoverva_va_locator_facility_list,2026-05-05T16:33:37+00:00,https://discover.va.gov/va-locator-facility-list/,https://www.va.gov/hampton-health-care/locations/hampton-va-medical-center/,37.014858,-76.3330005
vha_590GB,Virginia Beach VA Clinic,va_health_facility,Primary Care CBOC,6,590GB,derived,review_pending,discoverva_va_locator_facility_list,2026-05-05T16:33:37+00:00,https://discover.va.gov/va-locator-facility-list/,https://www.va.gov/hampton-health-care/locations/virginia-beach-va-clinic/,36.84603339,-76.16518296
vha_590GC,Albemarle VA Clinic,va_health_facility,Primary Care CBOC,6,590GC,derived,review_pending,discoverva_va_locator_facility_list,2026-05-05T16:33:37+00:00,https://discover.va.gov/va-locator-facility-list/,https://www.va.gov/hampton-health-care/locations/albemarle-va-clinic/,36.29857548,-76.2612105
vha_590GD,Chesapeake VA Clinic,va_health_facility,Multi-Specialty CBOC,6,590GD,derived,review_pending,discoverva_va_locator_facility_list,2026-05-05T16:33:37+00:00,https://discover.va.gov/va-locator-facility-list/,https://www.va.gov/hampton-health-care/locations/chesapeake-va-clinic/,36.787266,-76.2558705
vha_590GE,Portsmouth VA Clinic,va_health_facility,Primary Care CBOC,6,590GE,derived,review_pending,discoverva_va_locator_facility_list,2026-05-05T16:33:37+00:00,https://discover.va.gov/va-locator-facility-list/,https://www.va.gov/hampton-health-care/locations/portsmouth-va-clinic/,36.834111,-76.29822
vha_590QD,Langley VA Clinic,va_health_facility,Other Outpatient Services (OOS),6,590QD,derived,review_pending,discoverva_va_locator_facility_list,2026-05-05T16:33:37+00:00,https://discover.va.gov/va-locator-facility-list/,https://www.va.gov/hampton-health-care/locations/langley-va-clinic/,37.07044186,-76.36035794
vha_593,North Las Vegas VA Medical Center,va_health_facility,VA Medical Center (VAMC),21,593,derived,review_pending,discoverva_va_locator_facility_list,2026-05-05T16:33:37+00:00,https://discover.va.gov/va-locator-facility-list/,https://www.va.gov/southern-nevada-health-care/locations/north-las-vegas-va-medical-center/,36.285084,-115.094142
vha_593GC,Pahrump VA Clinic,va_health_facility,Primary Care CBOC,21,593GC,derived,review_pending,discoverva_va_locator_facility_list,2026-05-05T16:33:37+00:00,https://discover.va.gov/va-locator-facility-list/,https://www.va.gov/southern-nevada-health-care/locations/pahrump-va-clinic/,36.21569016,-116.02340188
vha_593GD,Northwest Las Vegas VA Clinic,va_health_facility,Multi-Specialty CBOC,21,593GD,derived,review_pending,discoverva_va_locator_facility_list,2026-05-05T16:33:37+00:00,https://discover.va.gov/va-locator-facility-list/,https://www.va.gov/southern-nevada-health-care/locations/northwest-las-vegas-va-clinic/,36.23047662,-115.22406599
vha_593GE,Southeast Las Vegas VA Clinic,va_health_facility,Multi-Specialty CBOC,21,593GE,derived,review_pending,discoverva_va_locator_facility_list,2026-05-05T16:33:37+00:00,https://discover.va.gov/va-locator-facility-list/,https://www.va.gov/southern-nevada-health-care/locations/southeast-las-vegas-va-clinic/,36.019296,-114.957234
vha_593GF,Southwest Las Vegas VA Clinic,va_health_facility,Multi-Specialty CBOC,21,593GF,derived,review_pending,discoverva_va_locator_facility_list,2026-05-05T16:33:37+00:00,https://discover.va.gov/va-locator-facility-list/,https://www.va.gov/southern-nevada-health-care/locations/southwest-las-vegas-va-clinic/,36.05659907,-115.26107313
vha_593GG,Northeast Las Vegas VA Clinic,va_health_facility,Primary Care CBOC,21,593GG,derived,review_pending,discoverva_va_locator_facility_list,2026-05-05T16:33:37+00:00,https://discover.va.gov/va-locator-facility-list/,https://www.va.gov/southern-nevada-health-care/locations/northeast-las-vegas-va-clinic/,36.157815,-115.0765155
vha_593GH,Master Chief Petty Officer Jesse Dean VA Clinic,va_health_facility,Other Outpatient Services (OOS),21,593GH,derived,review_pending,discoverva_va_locator_facility_list,2026-05-05T16:33:37+00:00,https://discover.va.gov/va-locator-facility-list/,https://www.va.gov/southern-nevada-health-care/locations/master-chief-petty-officer-jesse-dean-va-clinic/,35.131626,-114.626979
vha_593QC,West Cheyenne VA Clinic,va_health_facility,Other Outpatient Services (OOS),21,593QC,derived,review_pending,discoverva_va_locator_facility_list,2026-05-05T16:33:37+00:00,https://discover.va.gov/va-locator-facility-list/,https://www.va.gov/southern-nevada-health-care/locations/west-cheyenne-va-clinic/,36.2174538,-115.18670413
vha_595,Lebanon VA Medical Center,va_health_facility,VA Medical Center (VAMC),4,595,derived,review_pending,discoverva_va_locator_facility_list,2026-05-05T16:33:37+00:00,https://discover.va.gov/va-locator-facility-list/,https://www.va.gov/lebanon-health-care/locations/lebanon-va-medical-center/,40.31520108,-76.40870992
vha_595GA,Cumberland County VA Clinic,va_health_facility,Multi-Specialty CBOC,4,595GA,derived,review_pending,discoverva_va_locator_facility_list,2026-05-05T16:33:37+00:00,https://discover.va.gov/va-locator-facility-list/,https://www.va.gov/lebanon-health-care/locations/cumberland-county-va-clinic/,40.20036988,-76.96843365
vha_595GC,Lancaster County VA Clinic,va_health_facility,Multi-Specialty CBOC,4,595GC,derived,review_pending,discoverva_va_locator_facility_list,2026-05-05T16:33:37+00:00,https://discover.va.gov/va-locator-facility-list/,https://www.va.gov/lebanon-health-care/locations/lancaster-county-va-clinic/,39.987234,-76.2748335
vha_595GD,Berks County VA Clinic,va_health_facility,Primary Care CBOC,4,595GD,derived,review_pending,discoverva_va_locator_facility_list,2026-05-05T16:33:37+00:00,https://discover.va.gov/va-locator-facility-list/,https://www.va.gov/lebanon-health-care/locations/berks-county-va-clinic/,40.35777043,-75.98825523
vha_595GE,York VA Clinic,va_health_facility,Multi-Specialty CBOC,4,595GE,derived,review_pending,discoverva_va_locator_facility_list,2026-05-05T16:33:37+00:00,https://discover.va.gov/va-locator-facility-list/,https://www.va.gov/lebanon-health-care/locations/york-va-clinic/,39.972591,-76.6829655
vha_595GF,Schuylkill County VA Clinic,va_health_facility,Primary Care CBOC,4,595GF,derived,review_pending,discoverva_va_locator_facility_list,2026-05-05T16:33:37+00:00,https://discover.va.gov/va-locator-facility-list/,https://www.va.gov/lebanon-health-care/locations/schuylkill-county-va-clinic/,40.68358441,-76.21060195
vha_596,Franklin R. Sousley Campus,va_health_facility,VA Medical Center (VAMC),9,596,derived,review_pending,discoverva_va_locator_facility_list,2026-05-05T16:33:37+00:00,https://discover.va.gov/va-locator-facility-list/,https://www.va.gov/lexington-health-care/locations/franklin-r-sousley-campus/,38.071692,-84.5414505
vha_596A4,Troy Bowling Campus,va_health_facility,VA Medical Center (VAMC),9,,not_available,review_pending,discoverva_va_locator_facility_list,2026-05-05T16:33:37+00:00,https://discover.va.gov/va-locator-facility-list/,https://www.va.gov/lexington-health-care/locations/troy-bowling-campus/,38.029293,-84.506679
vha_596GA,Somerset VA Clinic,va_health_facility,Multi-Specialty CBOC,9,596GA,derived,review_pending,discoverva_va_locator_facility_list,2026-05-05T16:33:37+00:00,https://discover.va.gov/va-locator-facility-list/,https://www.va.gov/lexington-health-care/locations/somerset-va-clinic/,37.08318756,-84.62951976
vha_596GB,Morehead VA Clinic,va_health_facility,Multi-Specialty CBOC,9,596GB,derived,review_pending,discoverva_va_locator_facility_list,2026-05-05T16:33:37+00:00,https://discover.va.gov/va-locator-facility-list/,https://www.va.gov/lexington-health-care/locations/morehead-va-clinic/,38.18652821,-83.48046831
vha_596GC,Hazard VA Clinic,va_health_facility,Primary Care CBOC,9,596GC,derived,review_pending,discoverva_va_locator_facility_list,2026-05-05T16:33:37+00:00,https://discover.va.gov/va-locator-facility-list/,https://www.va.gov/lexington-health-care/locations/hazard-va-clinic/,37.25456567,-83.19991816
vha_596GD,Berea VA Clinic,va_health_facility,Multi-Specialty CBOC,9,596GD,derived,review_pending,discoverva_va_locator_facility_list,2026-05-05T16:33:37+00:00,https://discover.va.gov/va-locator-facility-list/,https://www.va.gov/lexington-health-care/locations/berea-va-clinic/,37.597437,-84.32304421
vha_598,John L. McClellan Memorial Veterans' Hospital,va_health_facility,VA Medical Center (VAMC),16,598,derived,review_pending,discoverva_va_locator_facility_list,2026-05-05T16:33:37+00:00,https://discover.va.gov/va-locator-facility-list/,https://www.va.gov/central-arkansas-health-care/locations/john-l-mcclellan-memorial-veterans-hospital/,34.746363,-92.3204925
vha_598A0,Eugene J. Towbin Healthcare Center,va_health_facility,VA Medical Center (VAMC),16,,not_available,review_pending,discoverva_va_locator_facility_list,2026-05-05T16:33:37+00:00,https://discover.va.gov/va-locator-facility-list/,https://www.va.gov/central-arkansas-health-care/locations/eugene-j-towbin-healthcare-center/,34.776045,-92.2962195
vha_598GA,Mountain Home VA Clinic,va_health_facility,Primary Care CBOC,16,598GA,derived,review_pending,discoverva_va_locator_facility_list,2026-05-05T16:33:37+00:00,https://discover.va.gov/va-locator-facility-list/,https://www.va.gov/central-arkansas-health-care/locations/mountain-home-va-clinic/,36.349092,-92.376378
vha_598GB,El Dorado VA Clinic,va_health_facility,Primary Care CBOC,16,598GB,derived,review_pending,discoverva_va_locator_facility_list,2026-05-05T16:33:37+00:00,https://discover.va.gov/va-locator-facility-list/,https://www.va.gov/central-arkansas-health-care/locations/el-dorado-va-clinic/,33.22901348,-92.66574128
vha_598GC,Hot Springs VA Clinic,va_health_facility,Multi-Specialty CBOC,16,598GC,derived,review_pending,discoverva_va_locator_facility_list,2026-05-05T16:33:37+00:00,https://discover.va.gov/va-locator-facility-list/,https://www.va.gov/central-arkansas-health-care/locations/hot-springs-va-clinic/,34.48930421,-93.03901311
vha_598GD,Mena VA Clinic,va_health_facility,Primary Care CBOC,16,598GD,derived,review_pending,discoverva_va_locator_facility_list,2026-05-05T16:33:37+00:00,https://discover.va.gov/va-locator-facility-list/,https://www.va.gov/central-arkansas-health-care/locations/mena-va-clinic/,34.57857934,-94.2226511
vha_598GE,Pine Bluff VA Clinic,va_health_facility,Primary Care CBOC,16,598GE,derived,review_pending,discoverva_va_locator_facility_list,2026-05-05T16:33:37+00:00,https://discover.va.gov/va-locator-facility-list/,https://www.va.gov/central-arkansas-health-care/locations/pine-bluff-va-clinic/,34.21297924,-91.97188922
vha_598GF,Searcy VA Clinic,va_health_facility,Primary Care CBOC,16,598GF,derived,review_pending,discoverva_va_locator_facility_list,2026-05-05T16:33:37+00:00,https://discover.va.gov/va-locator-facility-list/,https://www.va.gov/central-arkansas-health-care/locations/searcy-va-clinic/,35.23781996,-91.7345563
vha_598GG,Conway VA Clinic,va_health_facility,Multi-Specialty CBOC,16,598GG,derived,review_pending,discoverva_va_locator_facility_list,2026-05-05T16:33:37+00:00,https://discover.va.gov/va-locator-facility-list/,https://www.va.gov/central-arkansas-health-care/locations/conway-va-clinic/,35.068248,-92.405574
vha_598GH,Russellville VA Clinic,va_health_facility,Primary Care CBOC,16,598GH,derived,review_pending,discoverva_va_locator_facility_list,2026-05-05T16:33:37+00:00,https://discover.va.gov/va-locator-facility-list/,https://www.va.gov/central-arkansas-health-care/locations/russellville-va-clinic/,35.28477752,-93.16591034
vha_598QA,Little Rock VA Clinic,va_health_facility,Other Outpatient Services (OOS),16,598QA,derived,review_pending,discoverva_va_locator_facility_list,2026-05-05T16:33:37+00:00,https://discover.va.gov/va-locator-facility-list/,https://www.va.gov/central-arkansas-health-care/locations/little-rock-va-clinic/,34.739028,-92.2725675
vha_600,Tibor Rubin VA Medical Center,va_health_facility,VA Medical Center (VAMC),22,600,derived,review_pending,discoverva_va_locator_facility_list,2026-05-05T16:33:37+00:00,https://discover.va.gov/va-locator-facility-list/,https://www.va.gov/long-beach-health-care/locations/tibor-rubin-va-medical-center/,33.77536793,-118.11995371
vha_600GA,Placentia VA Clinic,va_health_facility,Multi-Specialty CBOC,22,600GA,derived,review_pending,discoverva_va_locator_facility_list,2026-05-05T16:33:37+00:00,https://discover.va.gov/va-locator-facility-list/,https://www.va.gov/long-beach-health-care/locations/anaheim-va-clinic/,33.86228513,-117.88237063
vha_600GB,Santa Ana VA Clinic,va_health_facility,Multi-Specialty CBOC,22,600GB,derived,review_pending,discoverva_va_locator_facility_list,2026-05-05T16:33:37+00:00,https://discover.va.gov/va-locator-facility-list/,https://www.va.gov/long-beach-health-care/locations/santa-ana-va-clinic/,33.71475358,-117.84971128
vha_600GC,Cabrillo VA Clinic,va_health_facility,Primary Care CBOC,22,600GC,derived,review_pending,discoverva_va_locator_facility_list,2026-05-05T16:33:37+00:00,https://discover.va.gov/va-locator-facility-list/,https://www.va.gov/long-beach-health-care/locations/cabrillo-va-clinic/,33.79221374,-118.22216091
vha_600GD,Santa Fe Springs VA Clinic,va_health_facility,Primary Care CBOC,22,600GD,derived,review_pending,discoverva_va_locator_facility_list,2026-05-05T16:33:37+00:00,https://discover.va.gov/va-locator-facility-list/,https://www.va.gov/long-beach-health-care/locations/santa-fe-springs-va-clinic/,33.942348,-118.08179253
vha_600GE,Laguna Hills VA Clinic,va_health_facility,Primary Care CBOC,22,600GE,derived,review_pending,discoverva_va_locator_facility_list,2026-05-05T16:33:37+00:00,https://discover.va.gov/va-locator-facility-list/,https://www.va.gov/long-beach-health-care/locations/laguna-hills-va-clinic/,33.61822202,-117.73147997
vha_600GF,Gardena VA Clinic,va_health_facility,Primary Care CBOC,22,600GF,derived,review_pending,discoverva_va_locator_facility_list,2026-05-05T16:33:37+00:00,https://discover.va.gov/va-locator-facility-list/,https://www.va.gov/long-beach-health-care/locations/gardena-va-clinic/,33.85834559,-118.29651619
vha_600QA,West Santa Ana VA Clinic,va_health_facility,Other Outpatient Services (OOS),22,600QA,derived,review_pending,discoverva_va_locator_facility_list,2026-05-05T16:33:37+00:00,https://discover.va.gov/va-locator-facility-list/,https://www.va.gov/long-beach-health-care/locations/west-santa-ana-va-clinic/,33.747642,-117.8760285
vha_603,Robley Rex Department of Veterans Affairs Medical Center,va_health_facility,VA Medical Center (VAMC),9,603,derived,review_pending,discoverva_va_locator_facility_list,2026-05-05T16:33:37+00:00,https://discover.va.gov/va-locator-facility-list/,https://www.va.gov/louisville-health-care/locations/robley-rex-department-of-veterans-affairs-medical-center/,38.270628,-85.6973205
vha_603GA,Fort Knox VA Clinic,va_health_facility,Multi-Specialty CBOC,9,603GA,derived,review_pending,discoverva_va_locator_facility_list,2026-05-05T16:33:37+00:00,https://discover.va.gov/va-locator-facility-list/,https://www.va.gov/louisville-health-care/locations/fort-knox-va-clinic/,37.9020354,-85.93615572
vha_603GB,New Albany VA Clinic,va_health_facility,Multi-Specialty CBOC,9,603GB,derived,review_pending,discoverva_va_locator_facility_list,2026-05-05T16:33:37+00:00,https://discover.va.gov/va-locator-facility-list/,https://www.va.gov/louisville-health-care/locations/new-albany-va-clinic/,38.36601718,-85.80453666
vha_603GC,Greenwood VA Clinic,va_health_facility,Multi-Specialty CBOC,9,603GC,derived,review_pending,discoverva_va_locator_facility_list,2026-05-05T16:33:37+00:00,https://discover.va.gov/va-locator-facility-list/,https://www.va.gov/louisville-health-care/locations/greenwood-va-clinic/,38.14193815,-85.84035268
vha_603GD,Stonybrook VA Clinic,va_health_facility,Multi-Specialty CBOC,9,603GD,derived,review_pending,discoverva_va_locator_facility_list,2026-05-05T16:33:37+00:00,https://discover.va.gov/va-locator-facility-list/,https://www.va.gov/louisville-health-care/locations/stonybrook-va-clinic/,38.21159599,-85.58692888
vha_603GE,Newburg VA Clinic,va_health_facility,Primary Care CBOC,9,603GE,derived,review_pending,discoverva_va_locator_facility_list,2026-05-05T16:33:37+00:00,https://discover.va.gov/va-locator-facility-list/,https://www.va.gov/louisville-health-care/locations/newburg-va-clinic/,38.19525149,-85.67910065
vha_603GF,Grayson County VA Clinic,va_health_facility,Multi-Specialty CBOC,9,603GF,derived,review_pending,discoverva_va_locator_facility_list,2026-05-05T16:33:37+00:00,https://discover.va.gov/va-locator-facility-list/,https://www.va.gov/louisville-health-care/locations/grayson-county-va-clinic/,37.49556537,-86.23391119
vha_603GG,Scott County VA Clinic,va_health_facility,Primary Care CBOC,9,603GG,derived,review_pending,discoverva_va_locator_facility_list,2026-05-05T16:33:37+00:00,https://discover.va.gov/va-locator-facility-list/,https://www.va.gov/louisville-health-care/locations/scott-county-va-clinic/,38.7059305,-85.7887862
vha_603GH,Carrollton VA Clinic,va_health_facility,Primary Care CBOC,9,603GH,derived,review_pending,discoverva_va_locator_facility_list,2026-05-05T16:33:37+00:00,https://discover.va.gov/va-locator-facility-list/,https://www.va.gov/louisville-health-care/locations/carrollton-va-clinic/,38.6636339,-85.14099213
vha_605,Jerry L. Pettis Memorial Veterans' Hospital,va_health_facility,VA Medical Center (VAMC),22,605,derived,review_pending,discoverva_va_locator_facility_list,2026-05-05T16:33:37+00:00,https://discover.va.gov/va-locator-facility-list/,https://www.va.gov/loma-linda-health-care/locations/jerry-l-pettis-memorial-veterans-hospital/,34.0501827,-117.2523432
vha_605BZ,Loma Linda VA Clinic,va_health_facility,Multi-Specialty CBOC,22,605BZ,derived,review_pending,discoverva_va_locator_facility_list,2026-05-05T16:33:37+00:00,https://discover.va.gov/va-locator-facility-list/,https://www.va.gov/loma-linda-health-care/locations/loma-linda-va-clinic/,34.061049,-117.235278
vha_605GA,Victorville VA Clinic,va_health_facility,Multi-Specialty CBOC,22,605GA,derived,review_pending,discoverva_va_locator_facility_list,2026-05-05T16:33:37+00:00,https://discover.va.gov/va-locator-facility-list/,https://www.va.gov/loma-linda-health-care/locations/victorville-va-clinic/,34.51587637,-117.3136475
vha_605GB,Murrieta VA Clinic,va_health_facility,Multi-Specialty CBOC,22,605GB,derived,review_pending,discoverva_va_locator_facility_list,2026-05-05T16:33:37+00:00,https://discover.va.gov/va-locator-facility-list/,https://www.va.gov/loma-linda-health-care/locations/murrieta-va-clinic/,33.55658285,-117.19967885
vha_605GC,Sy Kaplan VA Clinic,va_health_facility,Multi-Specialty CBOC,22,605GC,derived,review_pending,discoverva_va_locator_facility_list,2026-05-05T16:33:37+00:00,https://discover.va.gov/va-locator-facility-list/,https://www.va.gov/loma-linda-health-care/locations/sy-kaplan-va-clinic/,33.805836,-116.3915415
vha_605GD,Corona VA Clinic,va_health_facility,Primary Care CBOC,22,605GD,derived,review_pending,discoverva_va_locator_facility_list,2026-05-05T16:33:37+00:00,https://discover.va.gov/va-locator-facility-list/,https://www.va.gov/loma-linda-health-care/locations/corona-va-clinic/,33.88335819,-117.5228955
vha_605GE,Rancho Cucamonga VA Clinic,va_health_facility,Primary Care CBOC,22,605GE,derived,review_pending,discoverva_va_locator_facility_list,2026-05-05T16:33:37+00:00,https://discover.va.gov/va-locator-facility-list/,https://www.va.gov/loma-linda-health-care/locations/rancho-cucamonga-va-clinic/,34.105158,-117.539505
vha_605GF,North Loma Linda VA Clinic,va_health_facility,Primary Care CBOC,22,605GF,derived,review_pending,discoverva_va_locator_facility_list,2026-05-05T16:33:37+00:00,https://discover.va.gov/va-locator-facility-list/,https://www.va.gov/loma-linda-health-care/locations/north-loma-linda-va-clinic/,34.06501057,-117.24020721
vha_605GG,Hemet VA Clinic,va_health_facility,Other Outpatient Services (OOS),22,605GG,derived,review_pending,discoverva_va_locator_facility_list,2026-05-05T16:33:37+00:00,https://discover.va.gov/va-locator-facility-list/,https://www.va.gov/loma-linda-health-care/locations/hemet-va-clinic/,33.74940948,-116.9648415
vha_605QA,Blythe VA Clinic,va_health_facility,Other Outpatient Services (OOS),22,605QA,derived,review_pending,discoverva_va_locator_facility_list,2026-05-05T16:33:37+00:00,https://discover.va.gov/va-locator-facility-list/,https://www.va.gov/loma-linda-health-care/locations/blythe-va-clinic/,33.61022137,-114.61099581
vha_607,William S. Middleton Memorial Veterans' Hospital,va_health_facility,VA Medical Center (VAMC),12,607,derived,review_pending,discoverva_va_locator_facility_list,2026-05-05T16:33:37+00:00,https://discover.va.gov/va-locator-facility-list/,https://www.va.gov/madison-health-care/locations/william-s-middleton-memorial-veterans-hospital/,43.07514468,-89.43107348
vha_607GC,Janesville VA Clinic,va_health_facility,Primary Care CBOC,12,607GC,derived,review_pending,discoverva_va_locator_facility_list,2026-05-05T16:33:37+00:00,https://discover.va.gov/va-locator-facility-list/,https://www.va.gov/madison-health-care/locations/janesville-va-clinic/,42.705504,-89.0089695
vha_607GD,Baraboo VA Clinic,va_health_facility,Other Outpatient Services (OOS),12,607GD,derived,review_pending,discoverva_va_locator_facility_list,2026-05-05T16:33:37+00:00,https://discover.va.gov/va-locator-facility-list/,https://www.va.gov/madison-health-care/locations/baraboo-va-clinic/,43.4674214,-89.76901192
vha_607GE,Beaver Dam VA Clinic,va_health_facility,Other Outpatient Services (OOS),12,607GE,derived,review_pending,discoverva_va_locator_facility_list,2026-05-05T16:33:37+00:00,https://discover.va.gov/va-locator-facility-list/,https://www.va.gov/madison-health-care/locations/beaver-dam-va-clinic/,43.48024798,-88.81149983
vha_607GF,Freeport VA Clinic,va_health_facility,Other Outpatient Services (OOS),12,607GF,derived,review_pending,discoverva_va_locator_facility_list,2026-05-05T16:33:37+00:00,https://discover.va.gov/va-locator-facility-list/,https://www.va.gov/madison-health-care/locations/freeport-va-clinic/,42.291027,-89.67101718
vha_607GG,Madison West VA Clinic,va_health_facility,Primary Care CBOC,12,607GG,derived,review_pending,discoverva_va_locator_facility_list,2026-05-05T16:33:37+00:00,https://discover.va.gov/va-locator-facility-list/,https://www.va.gov/madison-health-care/locations/madison-west-va-clinic/,43.05950311,-89.46797923
vha_607HA,Rockford VA Clinic,va_health_facility,Multi-Specialty CBOC,12,607HA,derived,review_pending,discoverva_va_locator_facility_list,2026-05-05T16:33:37+00:00,https://discover.va.gov/va-locator-facility-list/,https://www.va.gov/madison-health-care/locations/rockford-va-clinic/,42.278472,-88.998543
vha_608,Manchester VA Medical Center,va_health_facility,VA Medical Center (VAMC),1,608,derived,review_pending,discoverva_va_locator_facility_list,2026-05-05T16:33:37+00:00,https://discover.va.gov/va-locator-facility-list/,https://www.va.gov/manchester-health-care/locations/manchester-va-medical-center/,43.01139338,-71.44003365
vha_608GA,Portsmouth VA Clinic,va_health_facility,Primary Care CBOC,1,608GA,derived,review_pending,discoverva_va_locator_facility_list,2026-05-05T16:33:37+00:00,https://discover.va.gov/va-locator-facility-list/,https://www.va.gov/manchester-health-care/locations/portsmouth-va-clinic/,43.0896476,-70.81805746
vha_608GC,Somersworth VA Clinic,va_health_facility,Multi-Specialty CBOC,1,608GC,derived,review_pending,discoverva_va_locator_facility_list,2026-05-05T16:33:37+00:00,https://discover.va.gov/va-locator-facility-list/,https://www.va.gov/manchester-health-care/locations/somersworth-va-clinic/,43.24323403,-70.89841431
vha_608GD,Conway VA Clinic,va_health_facility,Other Outpatient Services (OOS),1,608GD,derived,review_pending,discoverva_va_locator_facility_list,2026-05-05T16:33:37+00:00,https://discover.va.gov/va-locator-facility-list/,https://www.va.gov/manchester-health-care/locations/conway-va-clinic/,43.97434874,-71.12936119
vha_608HA,Tilton VA Clinic,va_health_facility,Primary Care CBOC,1,608HA,derived,review_pending,discoverva_va_locator_facility_list,2026-05-05T16:33:37+00:00,https://discover.va.gov/va-locator-facility-list/,https://www.va.gov/manchester-health-care/locations/tilton-va-clinic/,43.4471986,-71.62006877
vha_608QA,Manchester West VA Clinic,va_health_facility,Other Outpatient Services (OOS),1,608QA,derived,review_pending,discoverva_va_locator_facility_list,2026-05-05T16:33:37+00:00,https://discover.va.gov/va-locator-facility-list/,https://www.va.gov/manchester-health-care/locations/manchester-west-va-clinic/,43.00394948,-71.46502681
vha_610,Marion VA Medical Center,va_health_facility,VA Medical Center (VAMC),10,610,derived,review_pending,discoverva_va_locator_facility_list,2026-05-05T16:33:37+00:00,https://discover.va.gov/va-locator-facility-list/,https://www.va.gov/northern-indiana-health-care/locations/marion-va-medical-center/,40.52367955,-85.63720253
vha_610A4,Fort Wayne VA Medical Center,va_health_facility,VA Medical Center (VAMC),10,,not_available,review_pending,discoverva_va_locator_facility_list,2026-05-05T16:33:37+00:00,https://discover.va.gov/va-locator-facility-list/,https://www.va.gov/northern-indiana-health-care/locations/fort-wayne-va-medical-center/,41.091111,-85.108131
vha_610BY,Jackie Walorski VA Clinic,va_health_facility,Multi-Specialty CBOC,10,610BY,derived,review_pending,discoverva_va_locator_facility_list,2026-05-05T16:33:37+00:00,https://discover.va.gov/va-locator-facility-list/,https://www.va.gov/northern-indiana-health-care/locations/jackie-walorski-va-clinic/,41.70693065,-86.16584482
vha_610GB,Muncie VA Clinic,va_health_facility,Primary Care CBOC,10,610GB,derived,review_pending,discoverva_va_locator_facility_list,2026-05-05T16:33:37+00:00,https://discover.va.gov/va-locator-facility-list/,https://www.va.gov/northern-indiana-health-care/locations/muncie-va-clinic/,40.22004801,-85.44272062
vha_610GD,Hoosier VA Clinic,va_health_facility,Primary Care CBOC,10,610GD,derived,review_pending,discoverva_va_locator_facility_list,2026-05-05T16:33:37+00:00,https://discover.va.gov/va-locator-facility-list/,https://www.va.gov/northern-indiana-health-care/locations/hoosier-va-clinic/,40.66613634,-86.1365702
vha_610GF,Huntington VA Clinic,va_health_facility,Other Outpatient Services (OOS),10,610GF,derived,review_pending,discoverva_va_locator_facility_list,2026-05-05T16:33:37+00:00,https://discover.va.gov/va-locator-facility-list/,https://www.va.gov/northern-indiana-health-care/locations/huntington-va-clinic/,40.9020325,-85.50929859
vha_610QA,Fort Wayne VA Clinic,va_health_facility,Other Outpatient Services (OOS),10,610QA,derived,review_pending,discoverva_va_locator_facility_list,2026-05-05T16:33:37+00:00,https://discover.va.gov/va-locator-facility-list/,https://www.va.gov/northern-indiana-health-care/locations/fort-wayne-va-clinic/,41.095755,-85.106313
vha_612A4,Sacramento VA Medical Center,va_health_facility,VA Medical Center (VAMC),21,,not_available,review_pending,discoverva_va_locator_facility_list,2026-05-05T16:33:37+00:00,https://discover.va.gov/va-locator-facility-list/,https://www.va.gov/northern-california-health-care/locations/sacramento-va-medical-center/,38.572461,-121.296501
vha_612B4,Redding VA Clinic,va_health_facility,Multi-Specialty CBOC,21,,not_available,review_pending,discoverva_va_locator_facility_list,2026-05-05T16:33:37+00:00,https://discover.va.gov/va-locator-facility-list/,https://www.va.gov/northern-california-health-care/locations/redding-va-clinic/,40.50702956,-122.31256572
vha_612GD,Fairfield VA Clinic,va_health_facility,Multi-Specialty CBOC,21,612GD,derived,review_pending,discoverva_va_locator_facility_list,2026-05-05T16:33:37+00:00,https://discover.va.gov/va-locator-facility-list/,https://www.va.gov/northern-california-health-care/locations/fairfield-va-clinic/,38.26758502,-121.96510932
vha_612GE,Mare Island VA Clinic,va_health_facility,Primary Care CBOC,21,612GE,derived,review_pending,discoverva_va_locator_facility_list,2026-05-05T16:33:37+00:00,https://discover.va.gov/va-locator-facility-list/,https://www.va.gov/northern-california-health-care/locations/mare-island-va-clinic/,38.11418311,-122.28685535
vha_612GF,Martinez VA Medical Center,va_health_facility,VA Medical Center (VAMC),21,612GF,derived,review_pending,discoverva_va_locator_facility_list,2026-05-05T16:33:37+00:00,https://discover.va.gov/va-locator-facility-list/,https://www.va.gov/northern-california-health-care/locations/martinez-va-medical-center/,37.99523917,-122.11528524
vha_612GG,Chico VA Clinic,va_health_facility,Multi-Specialty CBOC,21,612GG,derived,review_pending,discoverva_va_locator_facility_list,2026-05-05T16:33:37+00:00,https://discover.va.gov/va-locator-facility-list/,https://www.va.gov/northern-california-health-care/locations/chico-va-clinic/,39.731985,-121.7879595
vha_612GH,McClellan VA Clinic,va_health_facility,Multi-Specialty CBOC,21,612GH,derived,review_pending,discoverva_va_locator_facility_list,2026-05-05T16:33:37+00:00,https://discover.va.gov/va-locator-facility-list/,https://www.va.gov/northern-california-health-care/locations/mcclellan-va-clinic/,38.664378,-121.3864605
vha_612GI,Yuba City VA Clinic,va_health_facility,Multi-Specialty CBOC,21,612GI,derived,review_pending,discoverva_va_locator_facility_list,2026-05-05T16:33:37+00:00,https://discover.va.gov/va-locator-facility-list/,https://www.va.gov/northern-california-health-care/locations/yuba-city-va-clinic/,39.13108223,-121.61385793
vha_612GJ,Yreka VA Clinic,va_health_facility,Primary Care CBOC,21,612GJ,derived,review_pending,discoverva_va_locator_facility_list,2026-05-05T16:33:37+00:00,https://discover.va.gov/va-locator-facility-list/,https://www.va.gov/northern-california-health-care/locations/yreka-va-clinic/,41.71600544,-122.63866086
vha_612GK,Sierra Foothills VA Clinic,va_health_facility,Primary Care CBOC,21,612GK,derived,review_pending,discoverva_va_locator_facility_list,2026-05-05T16:33:37+00:00,https://discover.va.gov/va-locator-facility-list/,https://www.va.gov/northern-california-health-care/locations/sierra-foothills-va-clinic/,38.94154267,-121.09888733
vha_612GL,Sonora VA Clinic,va_health_facility,Primary Care CBOC,21,612GL,derived,review_pending,discoverva_va_locator_facility_list,2026-05-05T16:33:37+00:00,https://discover.va.gov/va-locator-facility-list/,https://www.va.gov/northern-california-health-care/locations/sonora-va-clinic/,37.97506316,-120.34499674
vha_612GM,Modesto VA Clinic,va_health_facility,Primary Care CBOC,21,612GM,derived,review_pending,discoverva_va_locator_facility_list,2026-05-05T16:33:37+00:00,https://discover.va.gov/va-locator-facility-list/,https://www.va.gov/northern-california-health-care/locations/modesto-va-clinic/,37.66061082,-120.95755168
vha_612QC,Cypress Avenue VA Clinic,va_health_facility,Other Outpatient Services (OOS),21,612QC,derived,review_pending,discoverva_va_locator_facility_list,2026-05-05T16:33:37+00:00,https://discover.va.gov/va-locator-facility-list/,https://www.va.gov/northern-california-health-care/locations/cypress-avenue-va-clinic/,40.57438449,-122.38047136
vha_612QE,Richard A. Pittman VA Clinic,va_health_facility,Multi-Specialty CBOC,21,612QE,derived,review_pending,discoverva_va_locator_facility_list,2026-05-05T16:33:37+00:00,https://discover.va.gov/va-locator-facility-list/,https://www.va.gov/northern-california-health-care/locations/richard-a-pittman-va-clinic/,37.8917697,-121.28461293
vha_613,Martinsburg VA Medical Center,va_health_facility,VA Medical Center (VAMC),5,613,derived,review_pending,discoverva_va_locator_facility_list,2026-05-05T16:33:37+00:00,https://discover.va.gov/va-locator-facility-list/,https://www.va.gov/martinsburg-health-care/locations/martinsburg-va-medical-center/,39.41725696,-77.9109752
vha_613GA,Cumberland VA Clinic,va_health_facility,Multi-Specialty CBOC,5,613GA,derived,review_pending,discoverva_va_locator_facility_list,2026-05-05T16:33:37+00:00,https://discover.va.gov/va-locator-facility-list/,https://www.va.gov/martinsburg-health-care/locations/cumberland-va-clinic/,39.65361032,-78.75863175
vha_613GB,Hagerstown VA Clinic,va_health_facility,Primary Care CBOC,5,613GB,derived,review_pending,discoverva_va_locator_facility_list,2026-05-05T16:33:37+00:00,https://discover.va.gov/va-locator-facility-list/,https://www.va.gov/martinsburg-health-care/locations/hagerstown-va-clinic/,39.636258,-77.69658564
vha_613GC,Winchester VA Clinic,va_health_facility,Multi-Specialty CBOC,5,613GC,derived,review_pending,discoverva_va_locator_facility_list,2026-05-05T16:33:37+00:00,https://discover.va.gov/va-locator-facility-list/,https://www.va.gov/martinsburg-health-care/locations/stephens-city-va-clinic/,39.13044942,-78.20228818
vha_613GD,Franklin VA Clinic,va_health_facility,Other Outpatient Services (OOS),5,613GD,derived,review_pending,discoverva_va_locator_facility_list,2026-05-05T16:33:37+00:00,https://discover.va.gov/va-locator-facility-list/,https://www.va.gov/martinsburg-health-care/locations/franklin-va-clinic/,38.64349096,-79.33122481
vha_613GE,Petersburg VA Clinic,va_health_facility,Primary Care CBOC,5,613GE,derived,review_pending,discoverva_va_locator_facility_list,2026-05-05T16:33:37+00:00,https://discover.va.gov/va-locator-facility-list/,https://www.va.gov/martinsburg-health-care/locations/petersburg-va-clinic/,38.9947897,-79.11802422
vha_613GF,Harrisonburg VA Clinic,va_health_facility,Primary Care CBOC,5,613GF,derived,review_pending,discoverva_va_locator_facility_list,2026-05-05T16:33:37+00:00,https://discover.va.gov/va-locator-facility-list/,https://www.va.gov/martinsburg-health-care/locations/harrisonburg-va-clinic/,38.43262732,-78.90175929
vha_613GG,Fort Detrick VA Clinic,va_health_facility,Multi-Specialty CBOC,5,613GG,derived,review_pending,discoverva_va_locator_facility_list,2026-05-05T16:33:37+00:00,https://discover.va.gov/va-locator-facility-list/,https://www.va.gov/martinsburg-health-care/locations/fort-detrick-va-clinic/,39.43774202,-77.4223681
vha_614,"Lt. Col. Luke Weathers, Jr. VA Medical Center",va_health_facility,VA Medical Center (VAMC),9,614,derived,review_pending,discoverva_va_locator_facility_list,2026-05-05T16:33:37+00:00,https://discover.va.gov/va-locator-facility-list/,https://www.va.gov/memphis-health-care/locations/lt-col-luke-weathers-jr-va-medical-center/,35.14344985,-90.02781276
vha_614GA,Tupelo VA Clinic,va_health_facility,Multi-Specialty CBOC,9,614GA,derived,review_pending,discoverva_va_locator_facility_list,2026-05-05T16:33:37+00:00,https://discover.va.gov/va-locator-facility-list/,https://www.va.gov/memphis-health-care/locations/tupelo-va-clinic/,34.29993388,-88.70278105
vha_614GB,Jonesboro VA Clinic,va_health_facility,Multi-Specialty CBOC,9,614GB,derived,review_pending,discoverva_va_locator_facility_list,2026-05-05T16:33:37+00:00,https://discover.va.gov/va-locator-facility-list/,https://www.va.gov/memphis-health-care/locations/jonesboro-va-clinic/,35.819379,-90.683217
vha_614GC,Holly Springs VA Clinic,va_health_facility,Primary Care CBOC,9,614GC,derived,review_pending,discoverva_va_locator_facility_list,2026-05-05T16:33:37+00:00,https://discover.va.gov/va-locator-facility-list/,https://www.va.gov/memphis-health-care/locations/holly-springs-va-clinic/,34.75043518,-89.45589284
vha_614GD,Savannah VA Clinic,va_health_facility,Primary Care CBOC,9,614GD,derived,review_pending,discoverva_va_locator_facility_list,2026-05-05T16:33:37+00:00,https://discover.va.gov/va-locator-facility-list/,https://www.va.gov/memphis-health-care/locations/savannah-va-clinic/,35.22158111,-88.2259169
vha_614GE,Covington VA Clinic,va_health_facility,Primary Care CBOC,9,614GE,derived,review_pending,discoverva_va_locator_facility_list,2026-05-05T16:33:37+00:00,https://discover.va.gov/va-locator-facility-list/,https://www.va.gov/memphis-health-care/locations/covington-va-clinic/,35.220195,-89.911728
vha_614GF,Nonconnah Boulevard VA Clinic,va_health_facility,Multi-Specialty CBOC,9,614GF,derived,review_pending,discoverva_va_locator_facility_list,2026-05-05T16:33:37+00:00,https://discover.va.gov/va-locator-facility-list/,https://www.va.gov/memphis-health-care/locations/nonconnah-boulevard-va-clinic/,35.07156424,-90.00588909
vha_614GG,Jackson VA Clinic,va_health_facility,Multi-Specialty CBOC,9,614GG,derived,review_pending,discoverva_va_locator_facility_list,2026-05-05T16:33:37+00:00,https://discover.va.gov/va-locator-facility-list/,https://www.va.gov/memphis-health-care/locations/jackson-va-clinic/,35.65321052,-88.8348915
vha_614GI,Dyersburg VA Clinic,va_health_facility,Primary Care CBOC,9,614GI,derived,review_pending,discoverva_va_locator_facility_list,2026-05-05T16:33:37+00:00,https://discover.va.gov/va-locator-facility-list/,https://www.va.gov/memphis-health-care/locations/dyersburg-va-clinic/,36.06049857,-89.39784674
vha_614GN,Helena VA Clinic,va_health_facility,Primary Care CBOC,9,614GN,derived,review_pending,discoverva_va_locator_facility_list,2026-05-05T16:33:37+00:00,https://discover.va.gov/va-locator-facility-list/,https://www.va.gov/memphis-health-care/locations/helena-va-clinic/,34.55491425,-90.65248629
vha_614QA,Phelan Avenue VA Clinic,va_health_facility,Other Outpatient Services (OOS),9,614QA,derived,review_pending,discoverva_va_locator_facility_list,2026-05-05T16:33:37+00:00,https://discover.va.gov/va-locator-facility-list/,https://www.va.gov/memphis-health-care/locations/phelan-avenue-va-clinic/,35.12733376,-90.04217308
vha_618,Minneapolis VA Medical Center,va_health_facility,VA Medical Center (VAMC),23,618,derived,review_pending,discoverva_va_locator_facility_list,2026-05-05T16:33:37+00:00,https://discover.va.gov/va-locator-facility-list/,https://www.va.gov/minneapolis-health-care/locations/minneapolis-va-medical-center/,44.90196204,-93.2043285
vha_618BY,Twin Ports VA Clinic,va_health_facility,Multi-Specialty CBOC,23,618BY,derived,review_pending,discoverva_va_locator_facility_list,2026-05-05T16:33:37+00:00,https://discover.va.gov/va-locator-facility-list/,https://www.va.gov/minneapolis-health-care/locations/twin-ports-va-clinic/,46.69725873,-92.10404467
vha_618GA,St. James VA Clinic,va_health_facility,Other Outpatient Services (OOS),23,618GA,derived,review_pending,discoverva_va_locator_facility_list,2026-05-05T16:33:37+00:00,https://discover.va.gov/va-locator-facility-list/,https://www.va.gov/minneapolis-health-care/locations/st-james-va-clinic/,43.97084102,-94.62330521
vha_618GB,Hibbing VA Clinic,va_health_facility,Primary Care CBOC,23,618GB,derived,review_pending,discoverva_va_locator_facility_list,2026-05-05T16:33:37+00:00,https://discover.va.gov/va-locator-facility-list/,https://www.va.gov/minneapolis-health-care/locations/hibbing-va-clinic/,47.39823,-92.9561355
vha_618GD,Maplewood VA Clinic,va_health_facility,Multi-Specialty CBOC,23,618GD,derived,review_pending,discoverva_va_locator_facility_list,2026-05-05T16:33:37+00:00,https://discover.va.gov/va-locator-facility-list/,https://www.va.gov/minneapolis-health-care/locations/maplewood-va-clinic/,45.03334154,-93.03049437
vha_618GE,Chippewa Valley VA Clinic,va_health_facility,Primary Care CBOC,23,618GE,derived,review_pending,discoverva_va_locator_facility_list,2026-05-05T16:33:37+00:00,https://discover.va.gov/va-locator-facility-list/,https://www.va.gov/minneapolis-health-care/locations/chippewa-valley-va-clinic/,44.92521165,-91.38206385
vha_618GG,Rochester VA Clinic,va_health_facility,Multi-Specialty CBOC,23,618GG,derived,review_pending,discoverva_va_locator_facility_list,2026-05-05T16:33:37+00:00,https://discover.va.gov/va-locator-facility-list/,https://www.va.gov/minneapolis-health-care/locations/rochester-va-clinic/,43.97001459,-92.463816
vha_618GH,Hayward VA Clinic,va_health_facility,Other Outpatient Services (OOS),23,618GH,derived,review_pending,discoverva_va_locator_facility_list,2026-05-05T16:33:37+00:00,https://discover.va.gov/va-locator-facility-list/,https://www.va.gov/minneapolis-health-care/locations/hayward-va-clinic/,46.00702058,-91.48143691
vha_618GI,Northwest Metro VA Clinic,va_health_facility,Multi-Specialty CBOC,23,618GI,derived,review_pending,discoverva_va_locator_facility_list,2026-05-05T16:33:37+00:00,https://discover.va.gov/va-locator-facility-list/,https://www.va.gov/minneapolis-health-care/locations/northwest-metro-va-clinic/,45.23140596,-93.45867912
vha_618GJ,Shakopee VA Clinic,va_health_facility,Primary Care CBOC,23,618GJ,derived,review_pending,discoverva_va_locator_facility_list,2026-05-05T16:33:37+00:00,https://discover.va.gov/va-locator-facility-list/,https://www.va.gov/minneapolis-health-care/locations/shakopee-va-clinic/,44.77211718,-93.53733024
vha_618GK,Albert Lea VA Clinic,va_health_facility,Primary Care CBOC,23,618GK,derived,review_pending,discoverva_va_locator_facility_list,2026-05-05T16:33:37+00:00,https://discover.va.gov/va-locator-facility-list/,https://www.va.gov/minneapolis-health-care/locations/albert-lea-va-clinic/,43.65461945,-93.3404926
vha_618GL,Minneapolis VA Clinic,va_health_facility,Other Outpatient Services (OOS),23,618GL,derived,review_pending,discoverva_va_locator_facility_list,2026-05-05T16:33:37+00:00,https://discover.va.gov/va-locator-facility-list/,https://www.va.gov/minneapolis-health-care/locations/minneapolis-va-clinic/,44.973405,-93.279699
vha_618GM,Rice Lake VA Clinic,va_health_facility,Primary Care CBOC,23,618GM,derived,review_pending,discoverva_va_locator_facility_list,2026-05-05T16:33:37+00:00,https://discover.va.gov/va-locator-facility-list/,https://www.va.gov/minneapolis-health-care/locations/rice-lake-va-clinic/,45.47283973,-91.74261507
vha_618GN,Lyle C. Pearson Community Based Outpatient Clinic,va_health_facility,Primary Care CBOC,23,618GN,derived,review_pending,discoverva_va_locator_facility_list,2026-05-05T16:33:37+00:00,https://discover.va.gov/va-locator-facility-list/,https://www.va.gov/minneapolis-health-care/locations/lyle-c-pearson-community-based-outpatient-clinic/,44.169039,-93.9716775
vha_618QA,Fort Snelling VA Clinic,va_health_facility,Other Outpatient Services (OOS),23,618QA,derived,review_pending,discoverva_va_locator_facility_list,2026-05-05T16:33:37+00:00,https://discover.va.gov/va-locator-facility-list/,https://www.va.gov/minneapolis-health-care/locations/fort-snelling-va-clinic/,44.89327599,-93.19433807
vha_618QB,Ely VA Clinic,va_health_facility,Other Outpatient Services (OOS),23,618QB,derived,review_pending,discoverva_va_locator_facility_list,2026-05-05T16:33:37+00:00,https://discover.va.gov/va-locator-facility-list/,https://www.va.gov/minneapolis-health-care/locations/ely-va-clinic/,47.90708916,-91.85620814
vha_619,Central Alabama VA Medical Center-Montgomery,va_health_facility,VA Medical Center (VAMC),7,619,derived,review_pending,discoverva_va_locator_facility_list,2026-05-05T16:33:37+00:00,https://discover.va.gov/va-locator-facility-list/,https://www.va.gov/central-alabama-health-care/locations/central-alabama-va-medical-center-montgomery/,32.377302,-86.244399
vha_619A4,Central Alabama VA Medical Center-Tuskegee,va_health_facility,VA Medical Center (VAMC),7,,not_available,review_pending,discoverva_va_locator_facility_list,2026-05-05T16:33:37+00:00,https://discover.va.gov/va-locator-facility-list/,https://www.va.gov/central-alabama-health-care/locations/central-alabama-va-medical-center-tuskegee/,32.43707785,-85.70841105
vha_619GA,Robert S. Poydasheff VA Clinic,va_health_facility,Multi-Specialty CBOC,7,619GA,derived,review_pending,discoverva_va_locator_facility_list,2026-05-05T16:33:37+00:00,https://discover.va.gov/va-locator-facility-list/,https://www.va.gov/central-alabama-health-care/locations/robert-s-poydasheff-va-clinic/,32.54490043,-84.99566985
vha_619GD,Wiregrass VA Clinic,va_health_facility,Multi-Specialty CBOC,7,619GD,derived,review_pending,discoverva_va_locator_facility_list,2026-05-05T16:33:37+00:00,https://discover.va.gov/va-locator-facility-list/,https://www.va.gov/central-alabama-health-care/locations/wiregrass-va-clinic/,31.32450721,-85.72606553
vha_619GE,Monroe County VA Clinic,va_health_facility,Primary Care CBOC,7,619GE,derived,review_pending,discoverva_va_locator_facility_list,2026-05-05T16:33:37+00:00,https://discover.va.gov/va-locator-facility-list/,https://www.va.gov/central-alabama-health-care/locations/monroe-county-va-clinic/,31.50128745,-87.32887378
vha_619GF,Central Alabama Montgomery VA Clinic,va_health_facility,Multi-Specialty CBOC,7,619GF,derived,review_pending,discoverva_va_locator_facility_list,2026-05-05T16:33:37+00:00,https://discover.va.gov/va-locator-facility-list/,https://www.va.gov/central-alabama-health-care/locations/central-alabama-montgomery-va-clinic/,32.35727391,-86.12855946
vha_619GG,Columbus Downtown VA Clinic,va_health_facility,Primary Care CBOC,7,619GG,derived,review_pending,discoverva_va_locator_facility_list,2026-05-05T16:33:37+00:00,https://discover.va.gov/va-locator-facility-list/,https://www.va.gov/central-alabama-health-care/locations/columbus-downtown-va-clinic/,32.48335296,-84.97921525
vha_619QA,Dothan 2 VA Clinic,va_health_facility,Primary Care CBOC,7,619QA,derived,review_pending,discoverva_va_locator_facility_list,2026-05-05T16:33:37+00:00,https://discover.va.gov/va-locator-facility-list/,https://www.va.gov/central-alabama-health-care/locations/dothan-2-va-clinic/,31.25292104,-85.41563545
vha_619QB,Fort Moore VA Clinic,va_health_facility,Multi-Specialty CBOC,7,619QB,derived,review_pending,discoverva_va_locator_facility_list,2026-05-05T16:33:37+00:00,https://discover.va.gov/va-locator-facility-list/,https://www.va.gov/central-alabama-health-care/locations/fort-moore-va-clinic/,32.34249726,-84.83875663
vha_620,Franklin Delano Roosevelt Hospital,va_health_facility,VA Medical Center (VAMC),2,620,derived,review_pending,discoverva_va_locator_facility_list,2026-05-05T16:33:37+00:00,https://discover.va.gov/va-locator-facility-list/,https://www.va.gov/hudson-valley-health-care/locations/franklin-delano-roosevelt-hospital/,41.24466,-73.926261
vha_620A4,Castle Point VA Medical Center,va_health_facility,VA Medical Center (VAMC),2,,not_available,review_pending,discoverva_va_locator_facility_list,2026-05-05T16:33:37+00:00,https://discover.va.gov/va-locator-facility-list/,https://www.va.gov/hudson-valley-health-care/locations/castle-point-va-medical-center/,41.54039811,-73.96220178
vha_620GA,New City VA Clinic,va_health_facility,Multi-Specialty CBOC,2,620GA,derived,review_pending,discoverva_va_locator_facility_list,2026-05-05T16:33:37+00:00,https://discover.va.gov/va-locator-facility-list/,https://www.va.gov/hudson-valley-health-care/locations/new-city-va-clinic/,41.16760326,-73.98807545
vha_620GB,Carmel VA Clinic,va_health_facility,Primary Care CBOC,2,620GB,derived,review_pending,discoverva_va_locator_facility_list,2026-05-05T16:33:37+00:00,https://discover.va.gov/va-locator-facility-list/,https://www.va.gov/hudson-valley-health-care/locations/carmel-va-clinic/,41.41485676,-73.67012263
vha_620GD,Goshen VA Clinic,va_health_facility,Primary Care CBOC,2,620GD,derived,review_pending,discoverva_va_locator_facility_list,2026-05-05T16:33:37+00:00,https://discover.va.gov/va-locator-facility-list/,https://www.va.gov/hudson-valley-health-care/locations/goshen-va-clinic/,41.395113,-74.339802
vha_620GE,Port Jervis VA Clinic,va_health_facility,Primary Care CBOC,2,620GE,derived,review_pending,discoverva_va_locator_facility_list,2026-05-05T16:33:37+00:00,https://discover.va.gov/va-locator-facility-list/,https://www.va.gov/hudson-valley-health-care/locations/port-jervis-va-clinic/,41.376708,-74.693691
vha_620GF,Monticello VA Clinic,va_health_facility,Other Outpatient Services (OOS),2,620GF,derived,review_pending,discoverva_va_locator_facility_list,2026-05-05T16:33:37+00:00,https://discover.va.gov/va-locator-facility-list/,https://www.va.gov/hudson-valley-health-care/locations/monticello-va-clinic/,41.66009212,-74.69458295
vha_620GG,Poughkeepsie VA Clinic,va_health_facility,Primary Care CBOC,2,620GG,derived,review_pending,discoverva_va_locator_facility_list,2026-05-05T16:33:37+00:00,https://discover.va.gov/va-locator-facility-list/,https://www.va.gov/hudson-valley-health-care/locations/poughkeepsie-va-clinic/,41.679639,-73.8547605
vha_620GH,Eastern Dutchess VA Clinic,va_health_facility,Other Outpatient Services (OOS),2,620GH,derived,review_pending,discoverva_va_locator_facility_list,2026-05-05T16:33:37+00:00,https://discover.va.gov/va-locator-facility-list/,https://www.va.gov/hudson-valley-health-care/locations/eastern-dutchess-va-clinic/,41.98076568,-73.66106105
vha_621,James H. Quillen Department of Veterans Affairs Medical Center,va_health_facility,VA Medical Center (VAMC),9,621,derived,review_pending,discoverva_va_locator_facility_list,2026-05-05T16:33:37+00:00,https://discover.va.gov/va-locator-facility-list/,https://www.va.gov/mountain-home-health-care/locations/james-h-quillen-department-of-veterans-affairs-medical-center/,36.311193,-82.3730805
vha_621BY,William C. Tallent Department of Veterans Affairs Outpatient Clinic,va_health_facility,Multi-Specialty CBOC,9,621BY,derived,review_pending,discoverva_va_locator_facility_list,2026-05-05T16:33:37+00:00,https://discover.va.gov/va-locator-facility-list/,https://www.va.gov/mountain-home-health-care/locations/william-c-tallent-department-of-veterans-affairs-outpatient-clinic/,35.92320364,-84.0474741
vha_621GA,Rogersville VA Clinic,va_health_facility,Other Outpatient Services (OOS),9,621GA,derived,review_pending,discoverva_va_locator_facility_list,2026-05-05T16:33:37+00:00,https://discover.va.gov/va-locator-facility-list/,https://www.va.gov/mountain-home-health-care/locations/rogersville-va-clinic/,36.40086,-83.0132595
vha_621GC,Norton VA Clinic,va_health_facility,Primary Care CBOC,9,621GC,derived,review_pending,discoverva_va_locator_facility_list,2026-05-05T16:33:37+00:00,https://discover.va.gov/va-locator-facility-list/,https://www.va.gov/mountain-home-health-care/locations/norton-va-clinic/,36.93960968,-82.60359804
vha_621GG,Morristown VA Clinic,va_health_facility,Other Outpatient Services (OOS),9,621GG,derived,review_pending,discoverva_va_locator_facility_list,2026-05-05T16:33:37+00:00,https://discover.va.gov/va-locator-facility-list/,https://www.va.gov/mountain-home-health-care/locations/morristown-va-clinic/,36.21665392,-83.28229235
vha_621GI,Dannie A. Carr Veterans Outpatient Clinic,va_health_facility,Primary Care CBOC,9,621GI,derived,review_pending,discoverva_va_locator_facility_list,2026-05-05T16:33:37+00:00,https://discover.va.gov/va-locator-facility-list/,https://www.va.gov/mountain-home-health-care/locations/dannie-a-carr-veterans-outpatient-clinic/,35.8526454,-83.54172446
vha_621GJ,Bristol VA Clinic,va_health_facility,Primary Care CBOC,9,621GJ,derived,review_pending,discoverva_va_locator_facility_list,2026-05-05T16:33:37+00:00,https://discover.va.gov/va-locator-facility-list/,https://www.va.gov/mountain-home-health-care/locations/bristol-va-clinic/,36.633519,-82.1263905
vha_621GK,Campbell County VA Clinic,va_health_facility,Other Outpatient Services (OOS),9,621GK,derived,review_pending,discoverva_va_locator_facility_list,2026-05-05T16:33:37+00:00,https://discover.va.gov/va-locator-facility-list/,https://www.va.gov/mountain-home-health-care/locations/campbell-county-va-clinic/,36.35184084,-84.15740417
vha_621GO,Mountain City VA Clinic,va_health_facility,Other Outpatient Services (OOS),9,621GO,derived,review_pending,discoverva_va_locator_facility_list,2026-05-05T16:33:37+00:00,https://discover.va.gov/va-locator-facility-list/,https://www.va.gov/mountain-home-health-care/locations/mountain-city-va-clinic/,36.499923,-81.8196525
vha_621GP,Morristown East VA Clinic,va_health_facility,Other Outpatient Services (OOS),9,621GP,derived,review_pending,discoverva_va_locator_facility_list,2026-05-05T16:33:37+00:00,https://discover.va.gov/va-locator-facility-list/,https://www.va.gov/mountain-home-health-care/locations/morristown-east-va-clinic/,36.21665392,-83.28229235
vha_621QA,Jonesville VA Clinic,va_health_facility,Other Outpatient Services (OOS),9,621QA,derived,review_pending,discoverva_va_locator_facility_list,2026-05-05T16:33:37+00:00,https://discover.va.gov/va-locator-facility-list/,https://www.va.gov/mountain-home-health-care/locations/jonesville-va-clinic/,36.6842991,-83.1274239
vha_621QC,Vansant VA Clinic,va_health_facility,Other Outpatient Services (OOS),9,621QC,derived,review_pending,discoverva_va_locator_facility_list,2026-05-05T16:33:37+00:00,https://discover.va.gov/va-locator-facility-list/,https://www.va.gov/mountain-home-health-care/locations/vansant-va-clinic/,37.21985988,-82.10201972
vha_621QD,Knox County VA Clinic,va_health_facility,Other Outpatient Services (OOS),9,621QD,derived,review_pending,discoverva_va_locator_facility_list,2026-05-05T16:33:37+00:00,https://discover.va.gov/va-locator-facility-list/,https://www.va.gov/mountain-home-health-care/locations/knox-county-va-clinic/,35.91992436,-84.05136783
vha_621QE,Downtown West VA Clinic,va_health_facility,Other Outpatient Services (OOS),9,621QE,derived,review_pending,discoverva_va_locator_facility_list,2026-05-05T16:33:37+00:00,https://discover.va.gov/va-locator-facility-list/,https://www.va.gov/mountain-home-health-care/locations/downtown-west-va-clinic/,35.918946,-84.05244
vha_621QF,Johnson City VA Clinic,va_health_facility,Other Outpatient Services (OOS),9,621QF,derived,review_pending,discoverva_va_locator_facility_list,2026-05-05T16:33:37+00:00,https://discover.va.gov/va-locator-facility-list/,https://www.va.gov/mountain-home-health-care/locations/johnson-city-va-clinic/,36.318096,-82.362618
vha_621QG,Knox West VA Clinic,va_health_facility,Other Outpatient Services (OOS),9,621QG,derived,review_pending,discoverva_va_locator_facility_list,2026-05-05T16:33:37+00:00,https://discover.va.gov/va-locator-facility-list/,https://www.va.gov/mountain-home-health-care/locations/knox-west-va-clinic/,35.92112702,-84.05096877
vha_623,Jack C. Montgomery Department of Veterans Affairs Medical Center,va_health_facility,VA Medical Center (VAMC),19,623,derived,review_pending,discoverva_va_locator_facility_list,2026-05-05T16:33:37+00:00,https://discover.va.gov/va-locator-facility-list/,https://www.va.gov/eastern-oklahoma-health-care/locations/jack-c-montgomery-department-of-veterans-affairs-medical/,35.76489696,-95.41360924
vha_623BY,Ernest Childers Department of Veterans Affairs Outpatient Clinic,va_health_facility,Multi-Specialty CBOC,19,623BY,derived,review_pending,discoverva_va_locator_facility_list,2026-05-05T16:33:37+00:00,https://discover.va.gov/va-locator-facility-list/,https://www.va.gov/eastern-oklahoma-health-care/locations/ernest-childers-department-of-veterans-affairs-outpatient/,36.033813,-95.86845454
vha_623GA,McAlester VA Clinic,va_health_facility,Primary Care CBOC,19,623GA,derived,review_pending,discoverva_va_locator_facility_list,2026-05-05T16:33:37+00:00,https://discover.va.gov/va-locator-facility-list/,https://www.va.gov/eastern-oklahoma-health-care/locations/mcalester-va-clinic/,34.93601672,-95.75031767
vha_623GB,Vinita VA Clinic,va_health_facility,Other Outpatient Services (OOS),19,623GB,derived,review_pending,discoverva_va_locator_facility_list,2026-05-05T16:33:37+00:00,https://discover.va.gov/va-locator-facility-list/,https://www.va.gov/eastern-oklahoma-health-care/locations/vinita-va-clinic/,36.62056661,-95.14359608
vha_623GC,McCurtain County VA Clinic,va_health_facility,Primary Care CBOC,19,623GC,derived,review_pending,discoverva_va_locator_facility_list,2026-05-05T16:33:37+00:00,https://discover.va.gov/va-locator-facility-list/,https://www.va.gov/eastern-oklahoma-health-care/locations/mccurtain-county-va-clinic/,33.89557053,-94.81671072
vha_623GD,Claremore VA Clinic,va_health_facility,Multi-Specialty CBOC,19,623GD,derived,review_pending,discoverva_va_locator_facility_list,2026-05-05T16:33:37+00:00,https://discover.va.gov/va-locator-facility-list/,https://www.va.gov/eastern-oklahoma-health-care/locations/claremore-va-clinic/,36.33756923,-95.59891678
vha_623QA,Muskogee East VA Clinic,va_health_facility,Other Outpatient Services (OOS),19,623QA,derived,review_pending,discoverva_va_locator_facility_list,2026-05-05T16:33:37+00:00,https://discover.va.gov/va-locator-facility-list/,https://www.va.gov/eastern-oklahoma-health-care/locations/muskogee-east-va-clinic/,35.77111998,-95.33901932
vha_623QB,Tulsa Eleventh Street VA Clinic,va_health_facility,Other Outpatient Services (OOS),19,623QB,derived,review_pending,discoverva_va_locator_facility_list,2026-05-05T16:33:37+00:00,https://discover.va.gov/va-locator-facility-list/,https://www.va.gov/eastern-oklahoma-health-care/locations/tulsa-eleventh-street-va-clinic/,36.149229,-95.8621725
vha_623QC,Yale Avenue VA Clinic,va_health_facility,Other Outpatient Services (OOS),19,623QC,derived,review_pending,discoverva_va_locator_facility_list,2026-05-05T16:33:37+00:00,https://discover.va.gov/va-locator-facility-list/,https://www.va.gov/eastern-oklahoma-health-care/locations/yale-avenue-va-clinic/,36.089352,-95.9232825
vha_623QD,Bartlesville VA Clinic,va_health_facility,Primary Care CBOC,19,623QD,derived,review_pending,discoverva_va_locator_facility_list,2026-05-05T16:33:37+00:00,https://discover.va.gov/va-locator-facility-list/,https://www.va.gov/eastern-oklahoma-health-care/locations/bartlesville-va-clinic/,36.748773,-95.945283
vha_626,Nashville VA Medical Center,va_health_facility,VA Medical Center (VAMC),9,626,derived,review_pending,discoverva_va_locator_facility_list,2026-05-05T16:33:37+00:00,https://discover.va.gov/va-locator-facility-list/,https://www.va.gov/tennessee-valley-health-care/locations/nashville-va-medical-center/,36.14058,-86.8039155
vha_626A4,Alvin C. York Veterans' Administration Medical Center,va_health_facility,VA Medical Center (VAMC),9,,not_available,review_pending,discoverva_va_locator_facility_list,2026-05-05T16:33:37+00:00,https://discover.va.gov/va-locator-facility-list/,https://www.va.gov/tennessee-valley-health-care/locations/alvin-c-york-veterans-administration-medical-center/,35.91443735,-86.38251839
vha_626GA,Dover VA Clinic,va_health_facility,Primary Care CBOC,9,626GA,derived,review_pending,discoverva_va_locator_facility_list,2026-05-05T16:33:37+00:00,https://discover.va.gov/va-locator-facility-list/,https://www.va.gov/tennessee-valley-health-care/locations/dover-va-clinic/,36.48071838,-87.88593251
vha_626GC,Bowling Green VA Clinic,va_health_facility,Primary Care CBOC,9,626GC,derived,review_pending,discoverva_va_locator_facility_list,2026-05-05T16:33:37+00:00,https://discover.va.gov/va-locator-facility-list/,https://www.va.gov/tennessee-valley-health-care/locations/bowling-green-va-clinic/,36.990471,-86.428268
vha_626GE,Clarksville VA Clinic,va_health_facility,Multi-Specialty CBOC,9,626GE,derived,review_pending,discoverva_va_locator_facility_list,2026-05-05T16:33:37+00:00,https://discover.va.gov/va-locator-facility-list/,https://www.va.gov/tennessee-valley-health-care/locations/clarksville-va-clinic/,36.57358941,-87.28685764
vha_626GF,Chattanooga VA Clinic,va_health_facility,Multi-Specialty CBOC,9,626GF,derived,review_pending,discoverva_va_locator_facility_list,2026-05-05T16:33:37+00:00,https://discover.va.gov/va-locator-facility-list/,https://www.va.gov/tennessee-valley-health-care/locations/chattanooga-va-clinic/,35.05086718,-85.17622969
vha_626GG,Tullahoma VA Clinic,va_health_facility,Other Outpatient Services (OOS),9,626GG,derived,review_pending,discoverva_va_locator_facility_list,2026-05-05T16:33:37+00:00,https://discover.va.gov/va-locator-facility-list/,https://www.va.gov/tennessee-valley-health-care/locations/tullahoma-va-clinic/,35.38277,-86.02963
vha_626GH,Cookeville VA Clinic,va_health_facility,Primary Care CBOC,9,626GH,derived,review_pending,discoverva_va_locator_facility_list,2026-05-05T16:33:37+00:00,https://discover.va.gov/va-locator-facility-list/,https://www.va.gov/tennessee-valley-health-care/locations/cookeville-va-clinic/,36.14406156,-85.52398279
vha_626GJ,Hopkinsville VA Clinic,va_health_facility,Primary Care CBOC,9,626GJ,derived,review_pending,discoverva_va_locator_facility_list,2026-05-05T16:33:37+00:00,https://discover.va.gov/va-locator-facility-list/,https://www.va.gov/tennessee-valley-health-care/locations/hopkinsville-va-clinic/,36.83364345,-87.47373646
vha_626GK,McMinnville VA Clinic,va_health_facility,Primary Care CBOC,9,626GK,derived,review_pending,discoverva_va_locator_facility_list,2026-05-05T16:33:37+00:00,https://discover.va.gov/va-locator-facility-list/,https://www.va.gov/tennessee-valley-health-care/locations/mcminnville-va-clinic/,35.69557208,-85.74711749
vha_626GL,Roane County VA Clinic,va_health_facility,Primary Care CBOC,9,626GL,derived,review_pending,discoverva_va_locator_facility_list,2026-05-05T16:33:37+00:00,https://discover.va.gov/va-locator-facility-list/,https://www.va.gov/tennessee-valley-health-care/locations/roane-county-va-clinic/,35.89343606,-84.62241699
vha_626GM,Columbia VA Clinic,va_health_facility,Primary Care CBOC,9,626GM,derived,review_pending,discoverva_va_locator_facility_list,2026-05-05T16:33:37+00:00,https://discover.va.gov/va-locator-facility-list/,https://www.va.gov/tennessee-valley-health-care/locations/columbia-va-clinic,35.5961789,-87.05642505
vha_626GN,Athens VA Clinic,va_health_facility,Primary Care CBOC,9,626GN,derived,review_pending,discoverva_va_locator_facility_list,2026-05-05T16:33:37+00:00,https://discover.va.gov/va-locator-facility-list/,https://www.va.gov/tennessee-valley-health-care/locations/athens-va-clinic/,35.44942388,-84.61678538
vha_626GO,International Plaza VA Clinic,va_health_facility,Multi-Specialty CBOC,9,626GO,derived,review_pending,discoverva_va_locator_facility_list,2026-05-05T16:33:37+00:00,https://discover.va.gov/va-locator-facility-list/,https://www.va.gov/tennessee-valley-health-care/locations/international-plaza-va-clinic/,36.1272915,-86.69560081
vha_626GP,Gallatin VA Clinic,va_health_facility,Primary Care CBOC,9,626GP,derived,review_pending,discoverva_va_locator_facility_list,2026-05-05T16:33:37+00:00,https://discover.va.gov/va-locator-facility-list/,https://www.va.gov/tennessee-valley-health-care/locations/gallatin-va-clinic/,36.38727893,-86.43302806
vha_626GQ,Fort Campbell VA Clinic,va_health_facility,Primary Care CBOC,9,626GQ,derived,review_pending,discoverva_va_locator_facility_list,2026-05-05T16:33:37+00:00,https://discover.va.gov/va-locator-facility-list/,https://www.va.gov/tennessee-valley-health-care/locations/fort-campbell-va-clinic/,36.6375768,-87.44696082
vha_626QA,Albion Street VA Clinic,va_health_facility,Other Outpatient Services (OOS),9,626QA,derived,review_pending,discoverva_va_locator_facility_list,2026-05-05T16:33:37+00:00,https://discover.va.gov/va-locator-facility-list/,https://www.va.gov/tennessee-valley-health-care/locations/albion-street-va-clinic/,36.166986,-86.806485
vha_626QB,Charlotte Avenue VA Clinic,va_health_facility,Multi-Specialty CBOC,9,626QB,derived,review_pending,discoverva_va_locator_facility_list,2026-05-05T16:33:37+00:00,https://discover.va.gov/va-locator-facility-list/,https://www.va.gov/tennessee-valley-health-care/locations/charlotte-avenue-va-clinic/,36.15687,-86.8028085
vha_626QC,Pointe Centre VA Clinic,va_health_facility,Other Outpatient Services (OOS),9,626QC,derived,review_pending,discoverva_va_locator_facility_list,2026-05-05T16:33:37+00:00,https://discover.va.gov/va-locator-facility-list/,https://www.va.gov/tennessee-valley-health-care/locations/pointe-centre-va-clinic/,35.0134216,-85.18711066
vha_626QD,Glenis Drive VA Clinic,va_health_facility,Other Outpatient Services (OOS),9,626QD,derived,review_pending,discoverva_va_locator_facility_list,2026-05-05T16:33:37+00:00,https://discover.va.gov/va-locator-facility-list/,https://www.va.gov/tennessee-valley-health-care/locations/glenis-drive-va-clinic/,35.87328461,-86.38423783
vha_626QE,Glenis Drive 2 VA Clinic,va_health_facility,Other Outpatient Services (OOS),9,626QE,derived,review_pending,discoverva_va_locator_facility_list,2026-05-05T16:33:37+00:00,https://discover.va.gov/va-locator-facility-list/,https://www.va.gov/tennessee-valley-health-care/locations/glenis-drive-2-va-clinic/,35.87349384,-86.38426682
vha_626QF,Dalton Drive VA Clinic,va_health_facility,Other Outpatient Services (OOS),9,626QF,derived,review_pending,discoverva_va_locator_facility_list,2026-05-05T16:33:37+00:00,https://discover.va.gov/va-locator-facility-list/,https://www.va.gov/tennessee-valley-health-care/locations/dalton-drive-va-clinic/,36.57222631,-87.28614333
vha_626QG,Taylor VA Clinic,va_health_facility,Other Outpatient Services (OOS),9,626QG,derived,review_pending,discoverva_va_locator_facility_list,2026-05-05T16:33:37+00:00,https://discover.va.gov/va-locator-facility-list/,https://www.va.gov/tennessee-valley-health-care/locations/taylor-va-clinic/,36.64100281,-87.46363856
vha_629,New Orleans VA Medical Center,va_health_facility,VA Medical Center (VAMC),16,629,derived,review_pending,discoverva_va_locator_facility_list,2026-05-05T16:33:37+00:00,https://discover.va.gov/va-locator-facility-list/,https://www.va.gov/southeast-louisiana-health-care/locations/new-orleans-va-medical-center/,29.96344462,-90.08445391
vha_629BY,Baton Rouge VA Clinic,va_health_facility,Multi-Specialty CBOC,16,629BY,derived,review_pending,discoverva_va_locator_facility_list,2026-05-05T16:33:37+00:00,https://discover.va.gov/va-locator-facility-list/,https://www.va.gov/southeast-louisiana-health-care/locations/baton-rouge-va-clinic/,30.403908,-91.1006775
vha_629GA,Houma VA Clinic,va_health_facility,Primary Care CBOC,16,629GA,derived,review_pending,discoverva_va_locator_facility_list,2026-05-05T16:33:37+00:00,https://discover.va.gov/va-locator-facility-list/,https://www.va.gov/southeast-louisiana-health-care/locations/houma-va-clinic/,29.62335416,-90.74740039
vha_629GB,Hammond VA Clinic,va_health_facility,Multi-Specialty CBOC,16,629GB,derived,review_pending,discoverva_va_locator_facility_list,2026-05-05T16:33:37+00:00,https://discover.va.gov/va-locator-facility-list/,https://www.va.gov/southeast-louisiana-health-care/locations/hammond-va-clinic/,30.48892917,-90.4827027
vha_629GC,Slidell VA Clinic,va_health_facility,Multi-Specialty CBOC,16,629GC,derived,review_pending,discoverva_va_locator_facility_list,2026-05-05T16:33:37+00:00,https://discover.va.gov/va-locator-facility-list/,https://www.va.gov/southeast-louisiana-health-care/locations/slidell-va-clinic/,30.30960206,-89.77598186
vha_629GD,St. John VA Clinic,va_health_facility,Primary Care CBOC,16,629GD,derived,review_pending,discoverva_va_locator_facility_list,2026-05-05T16:33:37+00:00,https://discover.va.gov/va-locator-facility-list/,https://www.va.gov/southeast-louisiana-health-care/locations/st-john-va-clinic/,30.0768985,-90.57120869
vha_629GE,Franklin VA Clinic,va_health_facility,Primary Care CBOC,16,629GE,derived,review_pending,discoverva_va_locator_facility_list,2026-05-05T16:33:37+00:00,https://discover.va.gov/va-locator-facility-list/,https://www.va.gov/southeast-louisiana-health-care/locations/franklin-va-clinic/,29.80599743,-91.50633933
vha_629GF,Bogalusa VA Clinic,va_health_facility,Primary Care CBOC,16,629GF,derived,review_pending,discoverva_va_locator_facility_list,2026-05-05T16:33:37+00:00,https://discover.va.gov/va-locator-facility-list/,https://www.va.gov/southeast-louisiana-health-care/locations/bogalusa-va-clinic/,30.79157652,-89.8675205
vha_629QA,Baton Rouge South VA Clinic,va_health_facility,Other Outpatient Services (OOS),16,629QA,derived,review_pending,discoverva_va_locator_facility_list,2026-05-05T16:33:37+00:00,https://discover.va.gov/va-locator-facility-list/,https://www.va.gov/southeast-louisiana-health-care/locations/baton-rouge-south-va-clinic/,30.394908,-91.106712
vha_630,Margaret Cochran Corbin VA Campus,va_health_facility,VA Medical Center (VAMC),2,630,derived,review_pending,discoverva_va_locator_facility_list,2026-05-05T16:33:37+00:00,https://discover.va.gov/va-locator-facility-list/,https://www.va.gov/new-york-harbor-health-care/locations/manhattan-va-medical-center/,40.73641531,-73.97736495
vha_630A4,Brooklyn VA Medical Center,va_health_facility,VA Medical Center (VAMC),2,,not_available,review_pending,discoverva_va_locator_facility_list,2026-05-05T16:33:37+00:00,https://discover.va.gov/va-locator-facility-list/,https://www.va.gov/new-york-harbor-health-care/locations/brooklyn-va-medical-center/,40.60904143,-74.02363121
vha_630A5,St. Albans VA Medical Center,va_health_facility,VA Medical Center (VAMC),2,,not_available,review_pending,discoverva_va_locator_facility_list,2026-05-05T16:33:37+00:00,https://discover.va.gov/va-locator-facility-list/,https://www.va.gov/new-york-harbor-health-care/locations/st-albans-va-medical-center/,40.69244516,-73.76812489
vha_630GA,Harlem VA Clinic,va_health_facility,Other Outpatient Services (OOS),2,630GA,derived,review_pending,discoverva_va_locator_facility_list,2026-05-05T16:33:37+00:00,https://discover.va.gov/va-locator-facility-list/,https://www.va.gov/new-york-harbor-health-care/locations/harlem-va-clinic/,40.807413,-73.944207
vha_630GB,Staten Island Community VA Clinic,va_health_facility,Multi-Specialty CBOC,2,630GB,derived,review_pending,discoverva_va_locator_facility_list,2026-05-05T16:33:37+00:00,https://discover.va.gov/va-locator-facility-list/,https://www.va.gov/new-york-harbor-health-care/locations/staten-island-community-va-clinic/,40.61088831,-74.17680194
vha_631,Edward P. Boland Department of Veterans Affairs Medical Center,va_health_facility,VA Medical Center (VAMC),1,631,derived,review_pending,discoverva_va_locator_facility_list,2026-05-05T16:33:37+00:00,https://discover.va.gov/va-locator-facility-list/,https://www.va.gov/central-western-massachusetts-health-care/locations/edward-p-boland-department-of-veterans-affairs-medical-center/,42.3495,-72.682407
vha_631BY,Springfield VA Clinic,va_health_facility,Multi-Specialty CBOC,1,631BY,derived,review_pending,discoverva_va_locator_facility_list,2026-05-05T16:33:37+00:00,https://discover.va.gov/va-locator-facility-list/,https://www.va.gov/central-western-massachusetts-health-care/locations/springfield-va-clinic/,42.11021717,-72.59988122
vha_631GC,Pittsfield VA Clinic,va_health_facility,Primary Care CBOC,1,631GC,derived,review_pending,discoverva_va_locator_facility_list,2026-05-05T16:33:37+00:00,https://discover.va.gov/va-locator-facility-list/,https://www.va.gov/central-western-massachusetts-health-care/locations/pittsfield-va-clinic/,42.452118,-73.2553965
vha_631GD,Greenfield VA Clinic,va_health_facility,Primary Care CBOC,1,631GD,derived,review_pending,discoverva_va_locator_facility_list,2026-05-05T16:33:37+00:00,https://discover.va.gov/va-locator-facility-list/,https://www.va.gov/central-western-massachusetts-health-care/locations/greenfield-va-clinic/,42.57570167,-72.62435941
vha_631GE,Worcester VA Clinic,va_health_facility,Multi-Specialty CBOC,1,631GE,derived,review_pending,discoverva_va_locator_facility_list,2026-05-05T16:33:37+00:00,https://discover.va.gov/va-locator-facility-list/,https://www.va.gov/central-western-massachusetts-health-care/locations/worcester-va-clinic/,42.274647,-71.760798
vha_631GF,Fitchburg VA Clinic,va_health_facility,Primary Care CBOC,1,631GF,derived,review_pending,discoverva_va_locator_facility_list,2026-05-05T16:33:37+00:00,https://discover.va.gov/va-locator-facility-list/,https://www.va.gov/central-western-massachusetts-health-care/locations/fitchburg-va-clinic/,42.586272,-71.804394
vha_631QA,Plantation Street VA Clinic,va_health_facility,Other Outpatient Services (OOS),1,631QA,derived,review_pending,discoverva_va_locator_facility_list,2026-05-05T16:33:37+00:00,https://discover.va.gov/va-locator-facility-list/,https://www.va.gov/central-western-massachusetts-health-care/locations/plantation-street-va-clinic/,42.2799516,-71.76438496
vha_632,Northport VA Medical Center,va_health_facility,VA Medical Center (VAMC),2,632,derived,review_pending,discoverva_va_locator_facility_list,2026-05-05T16:33:37+00:00,https://discover.va.gov/va-locator-facility-list/,https://www.va.gov/northport-health-care/locations/northport-va-medical-center/,40.898853,-73.313775
vha_632GA,East Meadow VA Clinic,va_health_facility,Multi-Specialty CBOC,2,632GA,derived,review_pending,discoverva_va_locator_facility_list,2026-05-05T16:33:37+00:00,https://discover.va.gov/va-locator-facility-list/,https://www.va.gov/northport-health-care/locations/east-meadow-va-clinic/,40.726413,-73.5533415
vha_632HA,Valley Stream VA Clinic,va_health_facility,Primary Care CBOC,2,632HA,derived,review_pending,discoverva_va_locator_facility_list,2026-05-05T16:33:37+00:00,https://discover.va.gov/va-locator-facility-list/,https://www.va.gov/northport-health-care/locations/valley-stream-va-clinic/,40.66452,-73.7082
vha_632HB,Riverhead VA Clinic,va_health_facility,Multi-Specialty CBOC,2,632HB,derived,review_pending,discoverva_va_locator_facility_list,2026-05-05T16:33:37+00:00,https://discover.va.gov/va-locator-facility-list/,https://www.va.gov/northport-health-care/locations/riverhead-va-clinic/,40.91366751,-72.66944301
vha_632HC,Bay Shore VA Clinic,va_health_facility,Primary Care CBOC,2,632HC,derived,review_pending,discoverva_va_locator_facility_list,2026-05-05T16:33:37+00:00,https://discover.va.gov/va-locator-facility-list/,https://www.va.gov/northport-health-care/locations/bay-shore-va-clinic/,40.72363877,-73.2445858
vha_632HD,Patchogue VA Clinic,va_health_facility,Multi-Specialty CBOC,2,632HD,derived,review_pending,discoverva_va_locator_facility_list,2026-05-05T16:33:37+00:00,https://discover.va.gov/va-locator-facility-list/,https://www.va.gov/northport-health-care/locations/patchogue-va-clinic/,40.76830678,-72.99637401
vha_635,Oklahoma City VA Medical Center,va_health_facility,VA Medical Center (VAMC),19,635,derived,review_pending,discoverva_va_locator_facility_list,2026-05-05T16:33:37+00:00,https://discover.va.gov/va-locator-facility-list/,https://www.va.gov/oklahoma-city-health-care/locations/oklahoma-city-va-medical-center/,35.4824555,-97.49643169
vha_635GA,Lawton VA Clinic,va_health_facility,Multi-Specialty CBOC,19,635GA,derived,review_pending,discoverva_va_locator_facility_list,2026-05-05T16:33:37+00:00,https://discover.va.gov/va-locator-facility-list/,https://www.va.gov/oklahoma-city-health-care/locations/lawton-va-clinic/,34.65324684,-98.41661837
vha_635GB,Wichita Falls VA Clinic,va_health_facility,Multi-Specialty CBOC,19,635GB,derived,review_pending,discoverva_va_locator_facility_list,2026-05-05T16:33:37+00:00,https://discover.va.gov/va-locator-facility-list/,https://www.va.gov/oklahoma-city-health-care/locations/wichita-falls-va-clinic/,33.949107,-98.527059
vha_635GC,Blackwell VA Clinic,va_health_facility,Other Outpatient Services (OOS),19,635GC,derived,review_pending,discoverva_va_locator_facility_list,2026-05-05T16:33:37+00:00,https://discover.va.gov/va-locator-facility-list/,https://www.va.gov/oklahoma-city-health-care/locations/blackwell-va-clinic/,36.79695252,-97.29689842
vha_635GD,Ada VA Clinic,va_health_facility,Primary Care CBOC,19,635GD,derived,review_pending,discoverva_va_locator_facility_list,2026-05-05T16:33:37+00:00,https://discover.va.gov/va-locator-facility-list/,https://www.va.gov/oklahoma-city-health-care/locations/ada-va-clinic/,34.781589,-96.629055
vha_635GE,Stillwater VA Clinic,va_health_facility,Primary Care CBOC,19,635GE,derived,review_pending,discoverva_va_locator_facility_list,2026-05-05T16:33:37+00:00,https://discover.va.gov/va-locator-facility-list/,https://www.va.gov/oklahoma-city-health-care/locations/stillwater-va-clinic/,36.1263543,-97.0515168
vha_635GF,Altus VA Clinic,va_health_facility,Primary Care CBOC,19,635GF,derived,review_pending,discoverva_va_locator_facility_list,2026-05-05T16:33:37+00:00,https://discover.va.gov/va-locator-facility-list/,https://www.va.gov/oklahoma-city-health-care/locations/altus-va-clinic/,34.65487276,-99.33397551
vha_635GG,Enid VA Clinic,va_health_facility,Primary Care CBOC,19,635GG,derived,review_pending,discoverva_va_locator_facility_list,2026-05-05T16:33:37+00:00,https://discover.va.gov/va-locator-facility-list/,https://www.va.gov/oklahoma-city-health-care/locations/enid-va-clinic/,36.3906625,-97.864389
vha_635GH,Clinton VA Clinic,va_health_facility,Other Outpatient Services (OOS),19,635GH,derived,review_pending,discoverva_va_locator_facility_list,2026-05-05T16:33:37+00:00,https://discover.va.gov/va-locator-facility-list/,https://www.va.gov/oklahoma-city-health-care/locations/clinton-va-clinic/,35.51548649,-98.96436858
vha_635GI,Norman VA Clinic,va_health_facility,Multi-Specialty CBOC,19,635GI,derived,review_pending,discoverva_va_locator_facility_list,2026-05-05T16:33:37+00:00,https://discover.va.gov/va-locator-facility-list/,https://www.va.gov/oklahoma-city-health-care/locations/norman-va-clinic/,35.23122,-97.4813985
vha_635GJ,Yukon VA Clinic,va_health_facility,Multi-Specialty CBOC,19,635GJ,derived,review_pending,discoverva_va_locator_facility_list,2026-05-05T16:33:37+00:00,https://discover.va.gov/va-locator-facility-list/,https://www.va.gov/oklahoma-city-health-care/locations/yukon-va-clinic/,35.482561,-97.7681752
vha_635GK,Shawnee VA Clinic,va_health_facility,Other Outpatient Services (OOS),19,635GK,derived,review_pending,discoverva_va_locator_facility_list,2026-05-05T16:33:37+00:00,https://discover.va.gov/va-locator-facility-list/,https://www.va.gov/oklahoma-city-health-care/locations/shawnee-va-clinic/,35.3673,-96.92983946
vha_635GL,North Oklahoma City VA Clinic,va_health_facility,Multi-Specialty CBOC,19,635GL,derived,review_pending,discoverva_va_locator_facility_list,2026-05-05T16:33:37+00:00,https://discover.va.gov/va-locator-facility-list/,https://www.va.gov/oklahoma-city-health-care/locations/north-oklahoma-city-va-clinic/,35.617302,-97.57314
vha_635HB,Ardmore VA Clinic,va_health_facility,Primary Care CBOC,19,635HB,derived,review_pending,discoverva_va_locator_facility_list,2026-05-05T16:33:37+00:00,https://discover.va.gov/va-locator-facility-list/,https://www.va.gov/oklahoma-city-health-care/locations/ardmore-va-clinic/,34.18757726,-97.14478126
vha_635QA,North May VA Clinic,va_health_facility,Other Outpatient Services (OOS),19,635QA,derived,review_pending,discoverva_va_locator_facility_list,2026-05-05T16:33:37+00:00,https://discover.va.gov/va-locator-facility-list/,https://www.va.gov/oklahoma-city-health-care/locations/north-may-va-clinic/,35.59253852,-97.568442
vha_635QB,South Oklahoma City VA Clinic,va_health_facility,Multi-Specialty CBOC,19,635QB,derived,review_pending,discoverva_va_locator_facility_list,2026-05-05T16:33:37+00:00,https://discover.va.gov/va-locator-facility-list/,https://www.va.gov/oklahoma-city-health-care/locations/south-oklahoma-city-va-clinic/,35.38760271,-97.41265753
vha_635QC,Fourteenth Street VA Clinic,va_health_facility,Other Outpatient Services (OOS),19,635QC,derived,review_pending,discoverva_va_locator_facility_list,2026-05-05T16:33:37+00:00,https://discover.va.gov/va-locator-facility-list/,https://www.va.gov/oklahoma-city-health-care/locations/fourteenth-street-va-clinic/,35.48409045,-97.488909
vha_635QD,Lawton North VA Clinic,va_health_facility,Other Outpatient Services (OOS),19,635QD,derived,review_pending,discoverva_va_locator_facility_list,2026-05-05T16:33:37+00:00,https://discover.va.gov/va-locator-facility-list/,https://www.va.gov/oklahoma-city-health-care/locations/lawton-north-va-clinic/,34.66150536,-98.43355009
vha_635QE,Tinker VA Clinic,va_health_facility,Other Outpatient Services (OOS),19,635QE,derived,review_pending,discoverva_va_locator_facility_list,2026-05-05T16:33:37+00:00,https://discover.va.gov/va-locator-facility-list/,https://www.va.gov/oklahoma-city-health-care/locations/tinker-va-clinic/,35.41976606,-97.40477846
vha_636,Omaha VA Medical Center,va_health_facility,VA Medical Center (VAMC),23,636,derived,review_pending,discoverva_va_locator_facility_list,2026-05-05T16:33:37+00:00,https://discover.va.gov/va-locator-facility-list/,https://www.va.gov/nebraska-western-iowa-health-care/locations/omaha-va-medical-center/,41.24512648,-95.97525954
vha_636A4,Grand Island VA Medical Center,va_health_facility,VA Medical Center (VAMC),23,,not_available,review_pending,discoverva_va_locator_facility_list,2026-05-05T16:33:37+00:00,https://discover.va.gov/va-locator-facility-list/,https://www.va.gov/nebraska-western-iowa-health-care/locations/grand-island-va-medical-center/,40.94238566,-98.3588131
vha_636A5,Lincoln VA Clinic,va_health_facility,Multi-Specialty CBOC,23,,not_available,review_pending,discoverva_va_locator_facility_list,2026-05-05T16:33:37+00:00,https://discover.va.gov/va-locator-facility-list/,https://www.va.gov/nebraska-western-iowa-health-care/locations/lincoln-va-clinic/,40.80963019,-96.62292468
vha_636A6,Des Moines VA Medical Center,va_health_facility,VA Medical Center (VAMC),23,,not_available,review_pending,discoverva_va_locator_facility_list,2026-05-05T16:33:37+00:00,https://discover.va.gov/va-locator-facility-list/,https://www.va.gov/central-iowa-health-care/locations/des-moines-va-medical-center/,41.62773592,-93.65878525
vha_636A8,Iowa City VA Medical Center,va_health_facility,VA Medical Center (VAMC),23,,not_available,review_pending,discoverva_va_locator_facility_list,2026-05-05T16:33:37+00:00,https://discover.va.gov/va-locator-facility-list/,https://www.va.gov/iowa-city-health-care/locations/iowa-city-va-medical-center/,41.66361,-91.548621
vha_636GA,Norfolk VA Clinic,va_health_facility,Multi-Specialty CBOC,23,636GA,derived,review_pending,discoverva_va_locator_facility_list,2026-05-05T16:33:37+00:00,https://discover.va.gov/va-locator-facility-list/,https://www.va.gov/nebraska-western-iowa-health-care/locations/norfolk-va-clinic/,42.03348146,-97.45857114
vha_636GB,North Platte VA Clinic,va_health_facility,Other Outpatient Services (OOS),23,636GB,derived,review_pending,discoverva_va_locator_facility_list,2026-05-05T16:33:37+00:00,https://discover.va.gov/va-locator-facility-list/,https://www.va.gov/nebraska-western-iowa-health-care/locations/north-platte-va-clinic/,41.13514408,-100.76097412
vha_636GC,Mason City VA Clinic,va_health_facility,Multi-Specialty CBOC,23,636GC,derived,review_pending,discoverva_va_locator_facility_list,2026-05-05T16:33:37+00:00,https://discover.va.gov/va-locator-facility-list/,https://www.va.gov/central-iowa-health-care/locations/mason-city-va-clinic/,43.14710006,-93.24482378
vha_636GD,Marshalltown VA Clinic,va_health_facility,Multi-Specialty CBOC,23,636GD,derived,review_pending,discoverva_va_locator_facility_list,2026-05-05T16:33:37+00:00,https://discover.va.gov/va-locator-facility-list/,https://www.va.gov/central-iowa-health-care/locations/marshalltown-va-clinic/,42.01399929,-92.87764076
vha_636GF,Quad Cities VA Clinic,va_health_facility,Multi-Specialty CBOC,23,636GF,derived,review_pending,discoverva_va_locator_facility_list,2026-05-05T16:33:37+00:00,https://discover.va.gov/va-locator-facility-list/,https://www.va.gov/iowa-city-health-care/locations/quad-cities-va-clinic/,41.539329,-90.618921
vha_636GG,Quincy VA Clinic,va_health_facility,Multi-Specialty CBOC,23,636GG,derived,review_pending,discoverva_va_locator_facility_list,2026-05-05T16:33:37+00:00,https://discover.va.gov/va-locator-facility-list/,https://www.va.gov/iowa-city-health-care/locations/quincy-va-clinic/,39.93481949,-91.32069169
vha_636GH,Waterloo VA Clinic,va_health_facility,Multi-Specialty CBOC,23,636GH,derived,review_pending,discoverva_va_locator_facility_list,2026-05-05T16:33:37+00:00,https://discover.va.gov/va-locator-facility-list/,https://www.va.gov/iowa-city-health-care/locations/waterloo-va-clinic/,42.50525294,-92.40406041
vha_636GI,Lane A. Evans VA Community Based Outpatient Clinic,va_health_facility,Primary Care CBOC,23,636GI,derived,review_pending,discoverva_va_locator_facility_list,2026-05-05T16:33:37+00:00,https://discover.va.gov/va-locator-facility-list/,https://www.va.gov/iowa-city-health-care/locations/lane-a-evans-va-community-based-outpatient-clinic/,40.97101112,-90.38290143
vha_636GJ,Dubuque VA Clinic,va_health_facility,Multi-Specialty CBOC,23,636GJ,derived,review_pending,discoverva_va_locator_facility_list,2026-05-05T16:33:37+00:00,https://discover.va.gov/va-locator-facility-list/,https://www.va.gov/iowa-city-health-care/locations/dubuque-va-clinic/,42.49118662,-90.70061618
vha_636GK,Fort Dodge VA Clinic,va_health_facility,Multi-Specialty CBOC,23,636GK,derived,review_pending,discoverva_va_locator_facility_list,2026-05-05T16:33:37+00:00,https://discover.va.gov/va-locator-facility-list/,https://www.va.gov/central-iowa-health-care/locations/fort-dodge-va-clinic/,42.5007613,-94.16313811
vha_636GL,Sarpy County VA Clinic,va_health_facility,Primary Care CBOC,23,636GL,derived,review_pending,discoverva_va_locator_facility_list,2026-05-05T16:33:37+00:00,https://discover.va.gov/va-locator-facility-list/,https://www.va.gov/nebraska-western-iowa-health-care/locations/sarpy-county-va-clinic/,41.17506527,-96.02745328
vha_636GM,Carroll VA Clinic,va_health_facility,Primary Care CBOC,23,636GM,derived,review_pending,discoverva_va_locator_facility_list,2026-05-05T16:33:37+00:00,https://discover.va.gov/va-locator-facility-list/,https://www.va.gov/central-iowa-health-care/locations/carroll-va-clinic/,42.05728146,-94.86780025
vha_636GN,Cedar Rapids VA Clinic,va_health_facility,Multi-Specialty CBOC,23,636GN,derived,review_pending,discoverva_va_locator_facility_list,2026-05-05T16:33:37+00:00,https://discover.va.gov/va-locator-facility-list/,https://www.va.gov/iowa-city-health-care/locations/cedar-rapids-va-clinic/,41.951889,-91.719405
vha_636GP,Shenandoah VA Clinic,va_health_facility,Multi-Specialty CBOC,23,636GP,derived,review_pending,discoverva_va_locator_facility_list,2026-05-05T16:33:37+00:00,https://discover.va.gov/va-locator-facility-list/,https://www.va.gov/nebraska-western-iowa-health-care/locations/shenandoah-va-clinic/,40.74951196,-95.3660553
vha_636GQ,Holdrege VA Clinic,va_health_facility,Other Outpatient Services (OOS),23,636GQ,derived,review_pending,discoverva_va_locator_facility_list,2026-05-05T16:33:37+00:00,https://discover.va.gov/va-locator-facility-list/,https://www.va.gov/nebraska-western-iowa-health-care/locations/holdrege-va-clinic/,40.44544113,-99.379594
vha_636GR,Knoxville VA Clinic,va_health_facility,Multi-Specialty CBOC,23,636GR,derived,review_pending,discoverva_va_locator_facility_list,2026-05-05T16:33:37+00:00,https://discover.va.gov/va-locator-facility-list/,https://www.va.gov/central-iowa-health-care/locations/knoxville-va-clinic/,41.332536,-93.10947239
vha_636GS,Ottumwa VA Clinic,va_health_facility,Multi-Specialty CBOC,23,636GS,derived,review_pending,discoverva_va_locator_facility_list,2026-05-05T16:33:37+00:00,https://discover.va.gov/va-locator-facility-list/,https://www.va.gov/iowa-city-health-care/locations/ottumwa-va-clinic/,41.01516775,-92.43838222
vha_636GT,Sterling VA Clinic,va_health_facility,Multi-Specialty CBOC,23,636GT,derived,review_pending,discoverva_va_locator_facility_list,2026-05-05T16:33:37+00:00,https://discover.va.gov/va-locator-facility-list/,https://www.va.gov/iowa-city-health-care/locations/sterling-va-clinic/,41.80565054,-89.66201882
vha_636GU,Decorah VA Clinic,va_health_facility,Multi-Specialty CBOC,23,636GU,derived,review_pending,discoverva_va_locator_facility_list,2026-05-05T16:33:37+00:00,https://discover.va.gov/va-locator-facility-list/,https://www.va.gov/iowa-city-health-care/locations/decorah-va-clinic/,43.29113804,-91.79729611
vha_636GW,Coralville VA Clinic,va_health_facility,Primary Care CBOC,23,636GW,derived,review_pending,discoverva_va_locator_facility_list,2026-05-05T16:33:37+00:00,https://discover.va.gov/va-locator-facility-list/,https://www.va.gov/iowa-city-health-care/locations/coralville-va-clinic/,41.684049,-91.5971175
vha_636GY,Burlington VA Clinic,va_health_facility,Other Outpatient Services (OOS),23,636GY,derived,review_pending,discoverva_va_locator_facility_list,2026-05-05T16:33:37+00:00,https://discover.va.gov/va-locator-facility-list/,https://www.va.gov/iowa-city-health-care/locations/burlington-va-clinic/,40.81892358,-91.14141517
vha_636GZ,South Des Moines VA Clinic,va_health_facility,Multi-Specialty CBOC,23,636GZ,derived,review_pending,discoverva_va_locator_facility_list,2026-05-05T16:33:37+00:00,https://discover.va.gov/va-locator-facility-list/,https://www.va.gov/central-iowa-health-care/locations/south-des-moines-va-clinic/,41.52622177,-93.59963835
vha_636QA,Omaha VA Clinic,va_health_facility,Other Outpatient Services (OOS),23,636QA,derived,review_pending,discoverva_va_locator_facility_list,2026-05-05T16:33:37+00:00,https://discover.va.gov/va-locator-facility-list/,https://www.va.gov/nebraska-western-iowa-health-care/locations/omaha-va-clinic/,41.23940655,-95.927652
vha_636QB,Des Moines VA Clinic,va_health_facility,Other Outpatient Services (OOS),23,636QB,derived,review_pending,discoverva_va_locator_facility_list,2026-05-05T16:33:37+00:00,https://discover.va.gov/va-locator-facility-list/,https://www.va.gov/central-iowa-health-care/locations/des-moines-va-clinic/,41.59175428,-93.63280824
vha_636QC,Linn County VA Clinic,va_health_facility,Other Outpatient Services (OOS),23,636QC,derived,review_pending,discoverva_va_locator_facility_list,2026-05-05T16:33:37+00:00,https://discover.va.gov/va-locator-facility-list/,https://www.va.gov/iowa-city-health-care/locations/linn-county-va-clinic/,42.009048,-91.634049
vha_636QI,Davenport VA Clinic,va_health_facility,Other Outpatient Services (OOS),23,636QI,derived,review_pending,discoverva_va_locator_facility_list,2026-05-05T16:33:37+00:00,https://discover.va.gov/va-locator-facility-list/,https://www.va.gov/iowa-city-health-care/locations/davenport-va-clinic/,41.52397482,-90.57261801
vha_636QJ,Iowa City VA Clinic,va_health_facility,Other Outpatient Services (OOS),23,636QJ,derived,review_pending,discoverva_va_locator_facility_list,2026-05-05T16:33:37+00:00,https://discover.va.gov/va-locator-facility-list/,https://www.va.gov/iowa-city-health-care/locations/iowa-city-va-clinic/,41.656176,-91.533924
vha_637,Charles George Department of Veterans Affairs Medical Center,va_health_facility,VA Medical Center (VAMC),6,637,derived,review_pending,discoverva_va_locator_facility_list,2026-05-05T16:33:37+00:00,https://discover.va.gov/va-locator-facility-list/,https://www.va.gov/asheville-health-care/locations/charles-george-department-of-veterans-affairs-medical-center/,35.58834,-82.4833395
vha_637GA,Franklin VA Clinic,va_health_facility,Multi-Specialty CBOC,6,637GA,derived,review_pending,discoverva_va_locator_facility_list,2026-05-05T16:33:37+00:00,https://discover.va.gov/va-locator-facility-list/,https://www.va.gov/asheville-health-care/locations/franklin-va-clinic/,35.17554779,-83.37473685
vha_637GB,Master Sergeant Jerry K. Crump VA Clinic,va_health_facility,Multi-Specialty CBOC,6,637GB,derived,review_pending,discoverva_va_locator_facility_list,2026-05-05T16:33:37+00:00,https://discover.va.gov/va-locator-facility-list/,https://www.va.gov/asheville-health-care/locations/master-sergeant-jerry-k-crump-va-clinic/,35.33360399,-81.89032815
vha_637GC,Hickory VA Clinic,va_health_facility,Multi-Specialty CBOC,6,637GC,derived,review_pending,discoverva_va_locator_facility_list,2026-05-05T16:33:37+00:00,https://discover.va.gov/va-locator-facility-list/,https://www.va.gov/asheville-health-care/locations/hickory-va-clinic/,35.72674762,-81.28573558
vha_640,Palo Alto VA Medical Center,va_health_facility,VA Medical Center (VAMC),21,640,derived,review_pending,discoverva_va_locator_facility_list,2026-05-05T16:33:37+00:00,https://discover.va.gov/va-locator-facility-list/,https://www.va.gov/palo-alto-health-care/locations/palo-alto-va-medical-center/,37.40132327,-122.13910592
vha_640A0,Palo Alto VA Medical Center-Menlo Park,va_health_facility,VA Medical Center (VAMC),21,,not_available,review_pending,discoverva_va_locator_facility_list,2026-05-05T16:33:37+00:00,https://discover.va.gov/va-locator-facility-list/,https://www.va.gov/palo-alto-health-care/locations/palo-alto-va-medical-center-menlo-park/,37.468341,-122.15871
vha_640A4,Palo Alto VA Medical Center-Livermore,va_health_facility,VA Medical Center (VAMC),21,,not_available,review_pending,discoverva_va_locator_facility_list,2026-05-05T16:33:37+00:00,https://discover.va.gov/va-locator-facility-list/,https://www.va.gov/palo-alto-health-care/locations/palo-alto-va-medical-center-livermore/,37.62508753,-121.75668774
vha_640BY,San Jose VA Clinic,va_health_facility,Multi-Specialty CBOC,21,640BY,derived,review_pending,discoverva_va_locator_facility_list,2026-05-05T16:33:37+00:00,https://discover.va.gov/va-locator-facility-list/,https://www.va.gov/palo-alto-health-care/locations/san-jose-va-clinic/,37.26833126,-121.78593385
vha_640GA,Capitola VA Clinic,va_health_facility,Primary Care CBOC,21,640GA,derived,review_pending,discoverva_va_locator_facility_list,2026-05-05T16:33:37+00:00,https://discover.va.gov/va-locator-facility-list/,https://www.va.gov/palo-alto-health-care/locations/capitola-va-clinic/,36.970596,-121.9641795
vha_640GC,Fremont VA Clinic,va_health_facility,Primary Care CBOC,21,640GC,derived,review_pending,discoverva_va_locator_facility_list,2026-05-05T16:33:37+00:00,https://discover.va.gov/va-locator-facility-list/,https://www.va.gov/palo-alto-health-care/locations/fremont-va-clinic/,37.5506205,-121.98167203
vha_640HC,Major General William H. Gourley VA-DoD Outpatient Clinic,va_health_facility,Multi-Specialty CBOC,21,640HC,derived,review_pending,discoverva_va_locator_facility_list,2026-05-05T16:33:37+00:00,https://discover.va.gov/va-locator-facility-list/,https://www.va.gov/palo-alto-health-care/locations/major-general-william-h-gourley-va-dod-outpatient-clinic/,36.66249151,-121.81348234
vha_640QB,Palo Alto 2 VA Mobile Clinic,va_health_facility,Other Outpatient Services (OOS),21,640QB,derived,review_pending,discoverva_va_locator_facility_list,2026-05-05T16:33:37+00:00,https://discover.va.gov/va-locator-facility-list/,https://www.va.gov/palo-alto-health-care/locations/palo-alto-2-va-mobile-clinic/,37.25706307,-121.79208353
vha_642,Corporal Michael J. Crescenz Department of Veterans Affairs Medical Center,va_health_facility,VA Medical Center (VAMC),4,642,derived,review_pending,discoverva_va_locator_facility_list,2026-05-05T16:33:37+00:00,https://discover.va.gov/va-locator-facility-list/,https://www.va.gov/philadelphia-health-care/locations/corporal-michael-j-crescenz-department-of-veterans-affairs/,39.94974848,-75.2012362
vha_642BU,Philadelphia VA Domiciliary,va_health_facility,Residential Care Site (MH RRTP/DRRTP) (Stand-Alone),4,642BU,derived,review_pending,discoverva_va_locator_facility_list,2026-05-05T16:33:37+00:00,https://discover.va.gov/va-locator-facility-list/,https://www.va.gov/philadelphia-health-care/locations/burlington-county-va-clinic/,39.92454307,-75.17063148
vha_642GA,Burlington County VA Clinic,va_health_facility,Multi-Specialty CBOC,4,642GA,derived,review_pending,discoverva_va_locator_facility_list,2026-05-05T16:33:37+00:00,https://discover.va.gov/va-locator-facility-list/,https://www.va.gov/philadelphia-health-care/locations/burlington-county-va-clinic/,39.91130443,-74.93873645
vha_642GC,Victor J. Saracini Department of Veterans Affairs Outpatient Clinic,va_health_facility,Multi-Specialty CBOC,4,642GC,derived,review_pending,discoverva_va_locator_facility_list,2026-05-05T16:33:37+00:00,https://discover.va.gov/va-locator-facility-list/,https://www.va.gov/philadelphia-health-care/locations/victor-j-saracini-department-of-veterans-affairs-outpatient/,40.201695,-75.1767255
vha_642GD,Gloucester County VA Clinic,va_health_facility,Multi-Specialty CBOC,4,642GD,derived,review_pending,discoverva_va_locator_facility_list,2026-05-05T16:33:37+00:00,https://discover.va.gov/va-locator-facility-list/,https://www.va.gov/philadelphia-health-care/locations/gloucester-county-va-clinic/,39.77857943,-75.1006651
vha_642GF,Camden VA Clinic,va_health_facility,Primary Care CBOC,4,642GF,derived,review_pending,discoverva_va_locator_facility_list,2026-05-05T16:33:37+00:00,https://discover.va.gov/va-locator-facility-list/,https://www.va.gov/philadelphia-health-care/locations/camden-va-clinic/,39.94120797,-75.11924315
vha_642GH,West Philadelphia VA Clinic,va_health_facility,Primary Care CBOC,4,642GH,derived,review_pending,discoverva_va_locator_facility_list,2026-05-05T16:33:37+00:00,https://discover.va.gov/va-locator-facility-list/,https://www.va.gov/philadelphia-health-care/locations/west-philadelphia-va-clinic/,39.962187,-75.2462325
vha_642QA,Chestnut Street VA Clinic,va_health_facility,Other Outpatient Services (OOS),4,642QA,derived,review_pending,discoverva_va_locator_facility_list,2026-05-05T16:33:37+00:00,https://discover.va.gov/va-locator-facility-list/,https://www.va.gov/philadelphia-health-care/locations/chestnut-street-va-clinic/,39.9563297,-75.20716865
vha_642QB,Fourth Street VA Clinic,va_health_facility,Other Outpatient Services (OOS),4,642QB,derived,review_pending,discoverva_va_locator_facility_list,2026-05-05T16:33:37+00:00,https://discover.va.gov/va-locator-facility-list/,https://www.va.gov/philadelphia-health-care/locations/fourth-street-va-clinic/,39.954645,-75.14604
vha_644,Carl T. Hayden Veterans' Administration Medical Center,va_health_facility,VA Medical Center (VAMC),22,644,derived,review_pending,discoverva_va_locator_facility_list,2026-05-05T16:33:37+00:00,https://discover.va.gov/va-locator-facility-list/,https://www.va.gov/phoenix-health-care/locations/carl-t-hayden-veterans-administration-medical-center/,33.497586,-112.0661145
vha_644BY,Staff Sergeant Alexander W. Conrad Veterans Affairs Health Care Clinic,va_health_facility,Multi-Specialty CBOC,22,644BY,derived,review_pending,discoverva_va_locator_facility_list,2026-05-05T16:33:37+00:00,https://discover.va.gov/va-locator-facility-list/,https://www.va.gov/phoenix-health-care/locations/staff-sergeant-alexander-w-conrad-veterans-affairs-health-care-clinic/,33.293214,-111.754251
vha_644GA,Northwest VA Clinic,va_health_facility,Multi-Specialty CBOC,22,644GA,derived,review_pending,discoverva_va_locator_facility_list,2026-05-05T16:33:37+00:00,https://discover.va.gov/va-locator-facility-list/,https://www.va.gov/phoenix-health-care/locations/northwest-va-clinic/,33.6486222,-112.36328569
vha_644GB,Show Low VA Clinic,va_health_facility,Primary Care CBOC,22,644GB,derived,review_pending,discoverva_va_locator_facility_list,2026-05-05T16:33:37+00:00,https://discover.va.gov/va-locator-facility-list/,https://www.va.gov/phoenix-health-care/locations/show-low-va-clinic/,34.20207011,-110.02075601
vha_644GC,Southwest VA Clinic,va_health_facility,Multi-Specialty CBOC,22,644GC,derived,review_pending,discoverva_va_locator_facility_list,2026-05-05T16:33:37+00:00,https://discover.va.gov/va-locator-facility-list/,https://www.va.gov/phoenix-health-care/locations/southwest-va-clinic/,33.480396,-112.2585525
vha_644GD,Payson VA Clinic,va_health_facility,Other Outpatient Services (OOS),22,644GD,derived,review_pending,discoverva_va_locator_facility_list,2026-05-05T16:33:37+00:00,https://discover.va.gov/va-locator-facility-list/,https://www.va.gov/phoenix-health-care/locations/payson-va-clinic/,34.2423139,-111.30817311
vha_644GE,Thunderbird VA Clinic,va_health_facility,Other Outpatient Services (OOS),22,644GE,derived,review_pending,discoverva_va_locator_facility_list,2026-05-05T16:33:37+00:00,https://discover.va.gov/va-locator-facility-list/,https://www.va.gov/phoenix-health-care/locations/thunderbird-va-clinic/,33.5725683,-112.11228547
vha_644GF,Globe VA Clinic,va_health_facility,Other Outpatient Services (OOS),22,644GF,derived,review_pending,discoverva_va_locator_facility_list,2026-05-05T16:33:37+00:00,https://discover.va.gov/va-locator-facility-list/,https://www.va.gov/phoenix-health-care/locations/globe-va-clinic/,33.40727531,-110.82661319
vha_644GG,Northeast Phoenix VA Clinic,va_health_facility,Primary Care CBOC,22,644GG,derived,review_pending,discoverva_va_locator_facility_list,2026-05-05T16:33:37+00:00,https://discover.va.gov/va-locator-facility-list/,https://www.va.gov/phoenix-health-care/locations/northeast-phoenix-va-clinic/,33.590232,-111.834324
vha_644GH,Phoenix Midtown VA Clinic,va_health_facility,Other Outpatient Services (OOS),22,644GH,derived,review_pending,discoverva_va_locator_facility_list,2026-05-05T16:33:37+00:00,https://discover.va.gov/va-locator-facility-list/,https://www.va.gov/phoenix-health-care/locations/phoenix-midtown-va-clinic/,33.510762,-112.0920705
vha_644GI,Phoenix 32nd Street VA Clinic,va_health_facility,Multi-Specialty CBOC,22,644GI,derived,review_pending,discoverva_va_locator_facility_list,2026-05-05T16:33:37+00:00,https://discover.va.gov/va-locator-facility-list/,https://www.va.gov/phoenix-health-care/locations/phoenix-32nd-street-va-clinic/,33.45342296,-112.01297967
vha_644GJ,Mesa VA Clinic,va_health_facility,Other Outpatient Services (OOS),22,644GJ,derived,review_pending,discoverva_va_locator_facility_list,2026-05-05T16:33:37+00:00,https://discover.va.gov/va-locator-facility-list/,https://www.va.gov/phoenix-health-care/locations/mesa-va-clinic/,33.34026157,-111.68720812
vha_644QA,Phoenix VA Clinic,va_health_facility,Other Outpatient Services (OOS),22,644QA,derived,review_pending,discoverva_va_locator_facility_list,2026-05-05T16:33:37+00:00,https://discover.va.gov/va-locator-facility-list/,https://www.va.gov/phoenix-health-care/locations/phoenix-va-clinic/,33.481161,-112.049568
vha_646,Pittsburgh VA Medical Center-University Drive,va_health_facility,VA Medical Center (VAMC),4,646,derived,review_pending,discoverva_va_locator_facility_list,2026-05-05T16:33:37+00:00,https://discover.va.gov/va-locator-facility-list/,https://www.va.gov/pittsburgh-health-care/locations/pittsburgh-va-medical-center-university-drive/,40.44473269,-79.95960866
vha_646A4,H. John Heinz III Department of Veterans Affairs Medical Center,va_health_facility,VA Medical Center (VAMC),4,,not_available,review_pending,discoverva_va_locator_facility_list,2026-05-05T16:33:37+00:00,https://discover.va.gov/va-locator-facility-list/,https://www.va.gov/pittsburgh-health-care/locations/h-john-heinz-iii-department-of-veterans-affairs-medical-center/,40.495158,-79.887699
vha_646GA,Belmont County VA Clinic,va_health_facility,Multi-Specialty CBOC,4,646GA,derived,review_pending,discoverva_va_locator_facility_list,2026-05-05T16:33:37+00:00,https://discover.va.gov/va-locator-facility-list/,https://www.va.gov/pittsburgh-health-care/locations/belmont-county-va-clinic/,40.06922257,-80.8650778
vha_646GB,Westmoreland County VA Clinic,va_health_facility,Primary Care CBOC,4,646GB,derived,review_pending,discoverva_va_locator_facility_list,2026-05-05T16:33:37+00:00,https://discover.va.gov/va-locator-facility-list/,https://www.va.gov/pittsburgh-health-care/locations/westmoreland-county-va-clinic/,40.30300659,-79.50999958
vha_646GC,Beaver County VA Clinic,va_health_facility,Multi-Specialty CBOC,4,646GC,derived,review_pending,discoverva_va_locator_facility_list,2026-05-05T16:33:37+00:00,https://discover.va.gov/va-locator-facility-list/,https://www.va.gov/pittsburgh-health-care/locations/beaver-county-va-clinic/,40.70193405,-80.28574479
vha_646GD,Washington County VA Clinic,va_health_facility,Multi-Specialty CBOC,4,646GD,derived,review_pending,discoverva_va_locator_facility_list,2026-05-05T16:33:37+00:00,https://discover.va.gov/va-locator-facility-list/,https://www.va.gov/pittsburgh-health-care/locations/washington-county-va-clinic/,40.170843,-80.247231
vha_646GE,Fayette County VA Clinic,va_health_facility,Multi-Specialty CBOC,4,646GE,derived,review_pending,discoverva_va_locator_facility_list,2026-05-05T16:33:37+00:00,https://discover.va.gov/va-locator-facility-list/,https://www.va.gov/pittsburgh-health-care/locations/fayette-county-va-clinic/,39.9249541,-79.7268511
vha_646GF,Henry Parham VA Clinic,va_health_facility,Multi-Specialty CBOC,4,646GF,derived,review_pending,discoverva_va_locator_facility_list,2026-05-05T16:33:37+00:00,https://discover.va.gov/va-locator-facility-list/,https://www.va.gov/pittsburgh-health-care/locations/monroeville-va-clinic/,40.42713863,-79.79194709
vha_648,Portland VA Medical Center,va_health_facility,VA Medical Center (VAMC),20,648,derived,review_pending,discoverva_va_locator_facility_list,2026-05-05T16:33:37+00:00,https://discover.va.gov/va-locator-facility-list/,https://www.va.gov/portland-health-care/locations/portland-va-medical-center/,45.49690116,-122.68331024
vha_648A4,Vancouver VA Medical Center,va_health_facility,VA Medical Center (VAMC),20,,not_available,review_pending,discoverva_va_locator_facility_list,2026-05-05T16:33:37+00:00,https://discover.va.gov/va-locator-facility-list/,https://www.va.gov/portland-health-care/locations/vancouver-va-medical-center/,45.63938186,-122.65538544
vha_648GA,Robert D. Maxwell Department of Veterans Affairs Clinic,va_health_facility,Multi-Specialty CBOC,20,648GA,derived,review_pending,discoverva_va_locator_facility_list,2026-05-05T16:33:37+00:00,https://discover.va.gov/va-locator-facility-list/,https://www.va.gov/portland-health-care/locations/robert-d-maxwell-department-of-veterans-affairs-clinic/,44.0720333,-121.26477494
vha_648GB,Salem VA Clinic,va_health_facility,Multi-Specialty CBOC,20,648GB,derived,review_pending,discoverva_va_locator_facility_list,2026-05-05T16:33:37+00:00,https://discover.va.gov/va-locator-facility-list/,https://www.va.gov/portland-health-care/locations/salem-va-clinic/,44.91603,-123.0243885
vha_648GD,Astoria VA Clinic,va_health_facility,Other Outpatient Services (OOS),20,648GD,derived,review_pending,discoverva_va_locator_facility_list,2026-05-05T16:33:37+00:00,https://discover.va.gov/va-locator-facility-list/,https://www.va.gov/portland-health-care/locations/north-coast-va-clinic/,46.19142901,-123.80869869
vha_648GE,Fairview VA Clinic,va_health_facility,Primary Care CBOC,20,648GE,derived,review_pending,discoverva_va_locator_facility_list,2026-05-05T16:33:37+00:00,https://discover.va.gov/va-locator-facility-list/,https://www.va.gov/portland-health-care/locations/fairview-va-clinic/,45.53351337,-122.44201864
vha_648GF,Hillsboro VA Clinic,va_health_facility,Multi-Specialty CBOC,20,648GF,derived,review_pending,discoverva_va_locator_facility_list,2026-05-05T16:33:37+00:00,https://discover.va.gov/va-locator-facility-list/,https://www.va.gov/portland-health-care/locations/hillsboro-va-clinic/,45.534465,-122.879619
vha_648GG,West Linn VA Clinic,va_health_facility,Multi-Specialty CBOC,20,648GG,derived,review_pending,discoverva_va_locator_facility_list,2026-05-05T16:33:37+00:00,https://discover.va.gov/va-locator-facility-list/,https://www.va.gov/portland-health-care/locations/west-linn-va-clinic/,45.35109548,-122.65617644
vha_648GH,Newport VA Clinic,va_health_facility,Other Outpatient Services (OOS),20,648GH,derived,review_pending,discoverva_va_locator_facility_list,2026-05-05T16:33:37+00:00,https://discover.va.gov/va-locator-facility-list/,https://www.va.gov/portland-health-care/locations/newport-va-clinic/,44.63598734,-124.05567074
vha_648GI,Portland VA Clinic,va_health_facility,Primary Care CBOC,20,648GI,derived,review_pending,discoverva_va_locator_facility_list,2026-05-05T16:33:37+00:00,https://discover.va.gov/va-locator-facility-list/,https://www.va.gov/portland-health-care/locations/portland-va-clinic/,45.52023504,-122.6721943
vha_648GJ,Loren R. Kaufman VA Clinic,va_health_facility,Other Outpatient Services (OOS),20,648GJ,derived,review_pending,discoverva_va_locator_facility_list,2026-05-05T16:33:37+00:00,https://discover.va.gov/va-locator-facility-list/,https://www.va.gov/portland-health-care/locations/loren-r-kaufman-va-clinic/,45.60036501,-121.12559413
vha_648GK,Lincoln City VA Clinic,va_health_facility,Other Outpatient Services (OOS),20,648GK,derived,review_pending,discoverva_va_locator_facility_list,2026-05-05T16:33:37+00:00,https://discover.va.gov/va-locator-facility-list/,https://www.va.gov/portland-health-care/locations/lincoln-city-va-clinic/,44.99801817,-123.99686065
vha_649,Bob Stump Department of Veterans Affairs Medical Center,va_health_facility,VA Medical Center (VAMC),22,649,derived,review_pending,discoverva_va_locator_facility_list,2026-05-05T16:33:37+00:00,https://discover.va.gov/va-locator-facility-list/,https://www.va.gov/northern-arizona-health-care/locations/bob-stump-department-of-veterans-affairs-medical-center/,34.55145201,-112.45167423
vha_649GA,Kingman VA Clinic,va_health_facility,Primary Care CBOC,22,649GA,derived,review_pending,discoverva_va_locator_facility_list,2026-05-05T16:33:37+00:00,https://discover.va.gov/va-locator-facility-list/,https://www.va.gov/northern-arizona-health-care/locations/kingman-va-clinic/,35.19120832,-114.01631434
vha_649GB,Flagstaff VA Clinic,va_health_facility,Primary Care CBOC,22,649GB,derived,review_pending,discoverva_va_locator_facility_list,2026-05-05T16:33:37+00:00,https://discover.va.gov/va-locator-facility-list/,https://www.va.gov/northern-arizona-health-care/locations/flagstaff-va-clinic/,35.18419144,-111.67256059
vha_649GC,Lake Havasu City VA Clinic,va_health_facility,Other Outpatient Services (OOS),22,649GC,derived,review_pending,discoverva_va_locator_facility_list,2026-05-05T16:33:37+00:00,https://discover.va.gov/va-locator-facility-list/,https://www.va.gov/northern-arizona-health-care/locations/lake-havasu-city-va-clinic/,34.478406,-114.3310905
vha_649GD,Anthem VA Clinic,va_health_facility,Other Outpatient Services (OOS),22,649GD,derived,review_pending,discoverva_va_locator_facility_list,2026-05-05T16:33:37+00:00,https://discover.va.gov/va-locator-facility-list/,https://www.va.gov/northern-arizona-health-care/locations/anthem-va-clinic/,33.86367,-112.1434335
vha_649GE,Cottonwood VA Clinic,va_health_facility,Primary Care CBOC,22,649GE,derived,review_pending,discoverva_va_locator_facility_list,2026-05-05T16:33:37+00:00,https://discover.va.gov/va-locator-facility-list/,https://www.va.gov/northern-arizona-health-care/locations/cottonwood-va-clinic/,34.73052861,-112.02920092
vha_649QA,Chinle VA Clinic,va_health_facility,Other Outpatient Services (OOS),22,649QA,derived,review_pending,discoverva_va_locator_facility_list,2026-05-05T16:33:37+00:00,https://discover.va.gov/va-locator-facility-list/,https://www.va.gov/northern-arizona-health-care/locations/chinle-va-clinic/,36.1475628,-109.59545467
vha_649QB,Holbrook VA Clinic,va_health_facility,Other Outpatient Services (OOS),22,649QB,derived,review_pending,discoverva_va_locator_facility_list,2026-05-05T16:33:37+00:00,https://discover.va.gov/va-locator-facility-list/,https://www.va.gov/northern-arizona-health-care/locations/holbrook-va-clinic/,34.93239317,-110.13772247
vha_649QD,Page VA Clinic,va_health_facility,Other Outpatient Services (OOS),22,649QD,derived,review_pending,discoverva_va_locator_facility_list,2026-05-05T16:33:37+00:00,https://discover.va.gov/va-locator-facility-list/,https://www.va.gov/northern-arizona-health-care/locations/page-va-clinic/,36.91970067,-111.45904806
vha_649QF,Tuba City VA Clinic,va_health_facility,Other Outpatient Services (OOS),22,649QF,derived,review_pending,discoverva_va_locator_facility_list,2026-05-05T16:33:37+00:00,https://discover.va.gov/va-locator-facility-list/,https://www.va.gov/northern-arizona-health-care/locations/tuba-city-va-clinic/,36.13538931,-111.23975273
vha_649QG,Polacca VA Clinic,va_health_facility,Other Outpatient Services (OOS),22,649QG,derived,review_pending,discoverva_va_locator_facility_list,2026-05-05T16:33:37+00:00,https://discover.va.gov/va-locator-facility-list/,https://www.va.gov/northern-arizona-health-care/locations/polacca-va-clinic/,35.802778,-110.427151
vha_649QH,Kayenta VA Clinic,va_health_facility,Other Outpatient Services (OOS),22,649QH,derived,review_pending,discoverva_va_locator_facility_list,2026-05-05T16:33:37+00:00,https://discover.va.gov/va-locator-facility-list/,https://www.va.gov/northern-arizona-health-care/locations/kayenta-va-clinic/,36.6608143,-110.41938501
vha_650,Providence VA Medical Center,va_health_facility,VA Medical Center (VAMC),1,650,derived,review_pending,discoverva_va_locator_facility_list,2026-05-05T16:33:37+00:00,https://discover.va.gov/va-locator-facility-list/,https://www.va.gov/providence-health-care/locations/providence-va-medical-center/,41.831253,-71.431794
vha_650GA,New Bedford VA Clinic,va_health_facility,Primary Care CBOC,1,650GA,derived,review_pending,discoverva_va_locator_facility_list,2026-05-05T16:33:37+00:00,https://discover.va.gov/va-locator-facility-list/,https://www.va.gov/providence-health-care/locations/new-bedford-va-clinic/,41.636268,-70.9296255
vha_650GB,Hyannis VA Clinic,va_health_facility,Multi-Specialty CBOC,1,650GB,derived,review_pending,discoverva_va_locator_facility_list,2026-05-05T16:33:37+00:00,https://discover.va.gov/va-locator-facility-list/,https://www.va.gov/providence-health-care/locations/hyannis-va-clinic/,41.6515538,-70.2941667
vha_650GD,Middletown VA Clinic,va_health_facility,Primary Care CBOC,1,650GD,derived,review_pending,discoverva_va_locator_facility_list,2026-05-05T16:33:37+00:00,https://discover.va.gov/va-locator-facility-list/,https://www.va.gov/providence-health-care/locations/middletown-va-clinic/,41.53034355,-71.29726332
vha_650QA,Eagle Square VA Clinic,va_health_facility,Other Outpatient Services (OOS),1,650QA,derived,review_pending,discoverva_va_locator_facility_list,2026-05-05T16:33:37+00:00,https://discover.va.gov/va-locator-facility-list/,https://www.va.gov/providence-health-care/locations/eagle-square-va-clinic/,41.82454948,-71.43702518
vha_650QB,Eagle Street VA Clinic,va_health_facility,Other Outpatient Services (OOS),1,650QB,derived,review_pending,discoverva_va_locator_facility_list,2026-05-05T16:33:37+00:00,https://discover.va.gov/va-locator-facility-list/,https://www.va.gov/providence-health-care/locations/eagle-street-va-clinic/,41.82565975,-71.43542253
vha_652,Richmond VA Medical Center,va_health_facility,VA Medical Center (VAMC),6,652,derived,review_pending,discoverva_va_locator_facility_list,2026-05-05T16:33:37+00:00,https://discover.va.gov/va-locator-facility-list/,https://www.va.gov/richmond-health-care/locations/richmond-va-medical-center/,37.49792643,-77.47035097
vha_652GA,Fredericksburg VA Clinic,va_health_facility,Other Outpatient Services (OOS),6,652GA,derived,review_pending,discoverva_va_locator_facility_list,2026-05-05T16:33:37+00:00,https://discover.va.gov/va-locator-facility-list/,https://www.va.gov/richmond-health-care/locations/fredericksburg-va-clinic/,38.31121812,-77.47816538
vha_652GB,Fredericksburg 2 VA Clinic,va_health_facility,Primary Care CBOC,6,652GB,derived,review_pending,discoverva_va_locator_facility_list,2026-05-05T16:33:37+00:00,https://discover.va.gov/va-locator-facility-list/,https://www.va.gov/richmond-health-care/locations/fredericksburg-2-va-clinic/,38.24330497,-77.49640848
vha_652GC,Henrico County VA Clinic,va_health_facility,Multi-Specialty CBOC,6,652GC,derived,review_pending,discoverva_va_locator_facility_list,2026-05-05T16:33:37+00:00,https://discover.va.gov/va-locator-facility-list/,https://www.va.gov/richmond-health-care/locations/henrico-county-va-clinic/,37.631565,-77.52672
vha_652GE,Charlottesville VA Clinic,va_health_facility,Multi-Specialty CBOC,6,652GE,derived,review_pending,discoverva_va_locator_facility_list,2026-05-05T16:33:37+00:00,https://discover.va.gov/va-locator-facility-list/,https://www.va.gov/richmond-health-care/locations/charlottesville-va-clinic/,38.02149186,-78.44135591
vha_652GF,Emporia VA Clinic,va_health_facility,Primary Care CBOC,6,652GF,derived,review_pending,discoverva_va_locator_facility_list,2026-05-05T16:33:37+00:00,https://discover.va.gov/va-locator-facility-list/,https://www.va.gov/richmond-health-care/locations/emporia-va-clinic/,36.69014119,-77.52807407
vha_652GI,Massaponax VA Clinic,va_health_facility,Multi-Specialty CBOC,6,652GI,derived,review_pending,discoverva_va_locator_facility_list,2026-05-05T16:33:37+00:00,https://discover.va.gov/va-locator-facility-list/,https://www.va.gov/richmond-health-care/locations/massaponax-va-clinic/,38.23022706,-77.50267763
vha_653,Roseburg VA Medical Center,va_health_facility,VA Medical Center (VAMC),20,653,derived,review_pending,discoverva_va_locator_facility_list,2026-05-05T16:33:37+00:00,https://discover.va.gov/va-locator-facility-list/,https://www.va.gov/roseburg-health-care/locations/roseburg-va-medical-center/,43.22859108,-123.36708767
vha_653BY,Eugene VA Clinic,va_health_facility,Health Care Center (HCC),20,653BY,derived,review_pending,discoverva_va_locator_facility_list,2026-05-05T16:33:37+00:00,https://discover.va.gov/va-locator-facility-list/,https://www.va.gov/roseburg-health-care/locations/eugene-va-clinic/,44.088462,-123.052518
vha_653GA,North Bend VA Clinic,va_health_facility,Primary Care CBOC,20,653GA,derived,review_pending,discoverva_va_locator_facility_list,2026-05-05T16:33:37+00:00,https://discover.va.gov/va-locator-facility-list/,https://www.va.gov/roseburg-health-care/locations/north-bend-va-clinic/,43.404291,-124.2360045
vha_653GB,Brookings VA Clinic,va_health_facility,Primary Care CBOC,20,653GB,derived,review_pending,discoverva_va_locator_facility_list,2026-05-05T16:33:37+00:00,https://discover.va.gov/va-locator-facility-list/,https://www.va.gov/roseburg-health-care/locations/brookings-va-clinic/,42.05213263,-124.28829849
vha_653QA,Downtown Eugene VA Clinic,va_health_facility,Other Outpatient Services (OOS),20,653QA,derived,review_pending,discoverva_va_locator_facility_list,2026-05-05T16:33:37+00:00,https://discover.va.gov/va-locator-facility-list/,https://www.va.gov/roseburg-health-care/locations/downtown-eugene-va-clinic/,44.05248,-123.089373
vha_654,Ioannis A. Lougaris Veterans' Administration Medical Center,va_health_facility,VA Medical Center (VAMC),21,654,derived,review_pending,discoverva_va_locator_facility_list,2026-05-05T16:33:37+00:00,https://discover.va.gov/va-locator-facility-list/,https://www.va.gov/sierra-nevada-health-care/locations/ioannis-a-lougaris-veterans-administration-medical-center/,39.516318,-119.799522
vha_654GB,Carson Valley VA Clinic,va_health_facility,Other Outpatient Services (OOS),21,654GB,derived,review_pending,discoverva_va_locator_facility_list,2026-05-05T16:33:37+00:00,https://discover.va.gov/va-locator-facility-list/,https://www.va.gov/sierra-nevada-health-care/locations/carson-valley-va-clinic/,38.93497474,-119.74070777
vha_654GC,Lahontan Valley VA Clinic,va_health_facility,Other Outpatient Services (OOS),21,654GC,derived,review_pending,discoverva_va_locator_facility_list,2026-05-05T16:33:37+00:00,https://discover.va.gov/va-locator-facility-list/,https://www.va.gov/sierra-nevada-health-care/locations/lahontan-valley-va-clinic/,39.46539947,-118.76223167
vha_654GD,Diamond View VA Clinic,va_health_facility,Other Outpatient Services (OOS),21,654GD,derived,review_pending,discoverva_va_locator_facility_list,2026-05-05T16:33:37+00:00,https://discover.va.gov/va-locator-facility-list/,https://www.va.gov/sierra-nevada-health-care/locations/diamond-view-va-clinic/,40.40584984,-120.62556908
vha_654GE,Reno East VA Clinic,va_health_facility,Multi-Specialty CBOC,21,654GE,derived,review_pending,discoverva_va_locator_facility_list,2026-05-05T16:33:37+00:00,https://discover.va.gov/va-locator-facility-list/,https://www.va.gov/sierra-nevada-health-care/locations/reno-east-va-clinic/,39.51015564,-119.75064083
vha_654GF,North Reno VA Clinic,va_health_facility,Primary Care CBOC,21,654GF,derived,review_pending,discoverva_va_locator_facility_list,2026-05-05T16:33:37+00:00,https://discover.va.gov/va-locator-facility-list/,https://www.va.gov/sierra-nevada-health-care/locations/north-reno-va-clinic/,39.55763568,-119.80018363
vha_654QA,Kietzke VA Clinic,va_health_facility,Other Outpatient Services (OOS),21,654QA,derived,review_pending,discoverva_va_locator_facility_list,2026-05-05T16:33:37+00:00,https://discover.va.gov/va-locator-facility-list/,https://www.va.gov/sierra-nevada-health-care/locations/kietzke-va-clinic/,39.50191487,-119.78913396
vha_654QB,Capitol Hill VA Clinic,va_health_facility,Primary Care CBOC,21,654QB,derived,review_pending,discoverva_va_locator_facility_list,2026-05-05T16:33:37+00:00,https://discover.va.gov/va-locator-facility-list/,https://www.va.gov/sierra-nevada-health-care/locations/capitol-hill-va-clinic/,39.51049649,-119.802438
vha_654QC,Winnemucca VA Clinic,va_health_facility,Other Outpatient Services (OOS),21,654QC,derived,review_pending,discoverva_va_locator_facility_list,2026-05-05T16:33:37+00:00,https://discover.va.gov/va-locator-facility-list/,https://www.va.gov/sierra-nevada-health-care/locations/winnemucca-va-clinic/,40.95717242,-117.74265207
vha_654QD,Virginia Street VA Clinic,va_health_facility,Other Outpatient Services (OOS),21,654QD,derived,review_pending,discoverva_va_locator_facility_list,2026-05-05T16:33:37+00:00,https://discover.va.gov/va-locator-facility-list/,https://www.va.gov/sierra-nevada-health-care/locations/virginia-street-va-clinic/,39.48891778,-119.7949322
vha_655,Aleda E. Lutz Department of Veterans Affairs Medical Center,va_health_facility,VA Medical Center (VAMC),10,655,derived,review_pending,discoverva_va_locator_facility_list,2026-05-05T16:33:37+00:00,https://discover.va.gov/va-locator-facility-list/,https://www.va.gov/saginaw-health-care/locations/aleda-e-lutz-department-of-veterans-affairs-medical-center/,43.4436778,-83.96236697
vha_655GA,Navy Corpsman Steve Andrews Department of Veterans Affairs Health Care Clinic,va_health_facility,Multi-Specialty CBOC,10,655GA,derived,review_pending,discoverva_va_locator_facility_list,2026-05-05T16:33:37+00:00,https://discover.va.gov/va-locator-facility-list/,https://www.va.gov/saginaw-health-care/locations/navy-corpsman-steve-andrews-department-of-veterans-affairs-health-care-clinic,44.99157585,-84.67704973
vha_655GB,Colonel Demas T. Craw VA Clinic,va_health_facility,Multi-Specialty CBOC,10,655GB,derived,review_pending,discoverva_va_locator_facility_list,2026-05-05T16:33:37+00:00,https://discover.va.gov/va-locator-facility-list/,https://www.va.gov/saginaw-health-care/locations/colonel-demas-t-craw-va-clinic/,44.67872029,-85.65621272
vha_655GC,Oscoda VA Clinic,va_health_facility,Primary Care CBOC,10,655GC,derived,review_pending,discoverva_va_locator_facility_list,2026-05-05T16:33:37+00:00,https://discover.va.gov/va-locator-facility-list/,https://www.va.gov/saginaw-health-care/locations/oscoda-va-clinic/,44.44755466,-83.34775439
vha_655GD,Lieutenant Colonel Clement C. Van Wagoner Department of Veterans Affairs Clinic,va_health_facility,Primary Care CBOC,10,655GD,derived,review_pending,discoverva_va_locator_facility_list,2026-05-05T16:33:37+00:00,https://discover.va.gov/va-locator-facility-list/,https://www.va.gov/saginaw-health-care/locations/lieutenant-colonel-clement-c-van-wagoner-department-of-veterans-affairs-clinic/,45.06106473,-83.43056958
vha_655GE,Clare VA Clinic,va_health_facility,Primary Care CBOC,10,655GE,derived,review_pending,discoverva_va_locator_facility_list,2026-05-05T16:33:37+00:00,https://discover.va.gov/va-locator-facility-list/,https://www.va.gov/saginaw-health-care/locations/clare-va-clinic/,43.81183792,-84.74836008
vha_655GF,Bad Axe VA Clinic,va_health_facility,Primary Care CBOC,10,655GF,derived,review_pending,discoverva_va_locator_facility_list,2026-05-05T16:33:37+00:00,https://discover.va.gov/va-locator-facility-list/,https://www.va.gov/saginaw-health-care/locations/bad-axe-va-clinic/,43.80188543,-83.03758908
vha_655GG,Cadillac VA Clinic,va_health_facility,Primary Care CBOC,10,655GG,derived,review_pending,discoverva_va_locator_facility_list,2026-05-05T16:33:37+00:00,https://discover.va.gov/va-locator-facility-list/,https://www.va.gov/saginaw-health-care/locations/cadillac-va-clinic/,44.27728928,-85.40663387
vha_655GH,Pfc. Justin T. Paton Department of Veterans Affairs Clinic,va_health_facility,Primary Care CBOC,10,655GH,derived,review_pending,discoverva_va_locator_facility_list,2026-05-05T16:33:37+00:00,https://discover.va.gov/va-locator-facility-list/,https://www.va.gov/saginaw-health-care/locations/pfc-justin-t-paton-department-of-veterans-affairs-clinic,45.39878577,-84.59891816
vha_655GI,Grayling VA Clinic,va_health_facility,Primary Care CBOC,10,655GI,derived,review_pending,discoverva_va_locator_facility_list,2026-05-05T16:33:37+00:00,https://discover.va.gov/va-locator-facility-list/,https://www.va.gov/saginaw-health-care/locations/grayling-va-clinic/,44.70947041,-84.70989941
vha_655QA,Saginaw VA Clinic,va_health_facility,Other Outpatient Services (OOS),10,655QA,derived,review_pending,discoverva_va_locator_facility_list,2026-05-05T16:33:37+00:00,https://discover.va.gov/va-locator-facility-list/,https://www.va.gov/saginaw-health-care/locations/saginaw-va-clinic/,43.46829883,-83.96567884
vha_656,St. Cloud VA Medical Center,va_health_facility,VA Medical Center (VAMC),23,656,derived,review_pending,discoverva_va_locator_facility_list,2026-05-05T16:33:37+00:00,https://discover.va.gov/va-locator-facility-list/,https://www.va.gov/st-cloud-health-care/locations/st-cloud-va-medical-center/,45.572589,-94.216221
vha_656GA,Brainerd VA Clinic,va_health_facility,Multi-Specialty CBOC,23,656GA,derived,review_pending,discoverva_va_locator_facility_list,2026-05-05T16:33:37+00:00,https://discover.va.gov/va-locator-facility-list/,https://www.va.gov/st-cloud-health-care/locations/brainerd-va-clinic/,46.35940375,-94.22232906
vha_656GB,Montevideo VA Clinic,va_health_facility,Primary Care CBOC,23,656GB,derived,review_pending,discoverva_va_locator_facility_list,2026-05-05T16:33:37+00:00,https://discover.va.gov/va-locator-facility-list/,https://www.va.gov/st-cloud-health-care/locations/montevideo-va-clinic/,44.953029,-95.71350154
vha_656GC,Max J. Beilke Department of Veterans Affairs Outpatient Clinic,va_health_facility,Primary Care CBOC,23,656GC,derived,review_pending,discoverva_va_locator_facility_list,2026-05-05T16:33:37+00:00,https://discover.va.gov/va-locator-facility-list/,https://www.va.gov/st-cloud-health-care/locations/max-j-beilke-department-of-veterans-affairs-outpatient-clinic/,45.86480556,-95.37212019
vha_657,John J. Cochran Veterans Hospital,va_health_facility,VA Medical Center (VAMC),15,657,derived,review_pending,discoverva_va_locator_facility_list,2026-05-05T16:33:37+00:00,https://discover.va.gov/va-locator-facility-list/,https://www.va.gov/st-louis-health-care/locations/john-j-cochran-veterans-hospital/,38.64258,-90.2315475
vha_657A0,St. Louis VA Medical Center-Jefferson Barracks,va_health_facility,VA Medical Center (VAMC),15,,not_available,review_pending,discoverva_va_locator_facility_list,2026-05-05T16:33:37+00:00,https://discover.va.gov/va-locator-facility-list/,https://www.va.gov/st-louis-health-care/locations/st-louis-va-medical-center-jefferson-barracks/,38.50925313,-90.28941776
vha_657A4,John J. Pershing Veterans' Administration Medical Center,va_health_facility,VA Medical Center (VAMC),15,,not_available,review_pending,discoverva_va_locator_facility_list,2026-05-05T16:33:37+00:00,https://discover.va.gov/va-locator-facility-list/,https://www.va.gov/poplar-bluff-health-care/locations/john-j-pershing-veterans-administration-medical-center/,36.77159032,-90.41800478
vha_657A5,Marion VA Medical Center,va_health_facility,VA Medical Center (VAMC),15,,not_available,review_pending,discoverva_va_locator_facility_list,2026-05-05T16:33:37+00:00,https://discover.va.gov/va-locator-facility-list/,https://www.va.gov/marion-health-care/locations/marion-va-medical-center/,37.72970596,-88.95597853
vha_657GA,St. Clair County VA Clinic,va_health_facility,Primary Care CBOC,15,657GA,derived,review_pending,discoverva_va_locator_facility_list,2026-05-05T16:33:37+00:00,https://discover.va.gov/va-locator-facility-list/,https://www.va.gov/st-louis-health-care/locations/st-clair-county-va-clinic/,38.57348946,-89.92148271
vha_657GB,St. Louis County VA Clinic,va_health_facility,Primary Care CBOC,15,657GB,derived,review_pending,discoverva_va_locator_facility_list,2026-05-05T16:33:37+00:00,https://discover.va.gov/va-locator-facility-list/,https://www.va.gov/st-louis-health-care/locations/st-louis-county-va-clinic/,38.7954,-90.234864
vha_657GD,St. Charles County VA Clinic,va_health_facility,Primary Care CBOC,15,657GD,derived,review_pending,discoverva_va_locator_facility_list,2026-05-05T16:33:37+00:00,https://discover.va.gov/va-locator-facility-list/,https://www.va.gov/st-louis-health-care/locations/st-charles-county-va-clinic/,38.78082,-90.5243445
vha_657GF,West Plains VA Clinic,va_health_facility,Primary Care CBOC,15,657GF,derived,review_pending,discoverva_va_locator_facility_list,2026-05-05T16:33:37+00:00,https://discover.va.gov/va-locator-facility-list/,https://www.va.gov/poplar-bluff-health-care/locations/west-plains-va-clinic/,36.72580217,-91.88825675
vha_657GG,Paragould VA Clinic,va_health_facility,Primary Care CBOC,15,657GG,derived,review_pending,discoverva_va_locator_facility_list,2026-05-05T16:33:37+00:00,https://discover.va.gov/va-locator-facility-list/,https://www.va.gov/poplar-bluff-health-care/locations/paragould-va-clinic/,36.03096019,-90.52123752
vha_657GH,Cape Girardeau VA Clinic,va_health_facility,Multi-Specialty CBOC,15,657GH,derived,review_pending,discoverva_va_locator_facility_list,2026-05-05T16:33:37+00:00,https://discover.va.gov/va-locator-facility-list/,https://www.va.gov/poplar-bluff-health-care/locations/cape-girardeau-va-clinic/,37.29902718,-89.5748715
vha_657GI,Robert Silvey Department of Veterans Affairs Outpatient Clinic,va_health_facility,Primary Care CBOC,15,657GI,derived,review_pending,discoverva_va_locator_facility_list,2026-05-05T16:33:37+00:00,https://discover.va.gov/va-locator-facility-list/,https://www.va.gov/poplar-bluff-health-care/locations/robert-silvey-department-of-veterans-affairs-outpatient-clinic/,37.77317189,-90.44130772
vha_657GJ,Evansville VA Clinic,va_health_facility,Health Care Center (HCC),15,657GJ,derived,review_pending,discoverva_va_locator_facility_list,2026-05-05T16:33:37+00:00,https://discover.va.gov/va-locator-facility-list/,https://www.va.gov/marion-health-care/locations/evansville-va-clinic/,37.986084,-87.4778535
vha_657GK,Mount Vernon VA Clinic,va_health_facility,Primary Care CBOC,15,657GK,derived,review_pending,discoverva_va_locator_facility_list,2026-05-05T16:33:37+00:00,https://discover.va.gov/va-locator-facility-list/,https://www.va.gov/marion-health-care/locations/mount-vernon-va-clinic/,38.3051913,-88.93824071
vha_657GL,Paducah VA Clinic,va_health_facility,Primary Care CBOC,15,657GL,derived,review_pending,discoverva_va_locator_facility_list,2026-05-05T16:33:37+00:00,https://discover.va.gov/va-locator-facility-list/,https://www.va.gov/marion-health-care/locations/paducah-va-clinic/,37.06695936,-88.6864051
vha_657GM,Effingham VA Clinic,va_health_facility,Primary Care CBOC,15,657GM,derived,review_pending,discoverva_va_locator_facility_list,2026-05-05T16:33:37+00:00,https://discover.va.gov/va-locator-facility-list/,https://www.va.gov/marion-health-care/locations/effingham-va-clinic/,39.14207228,-88.55446424
vha_657GO,Madisonville VA Clinic,va_health_facility,Other Outpatient Services (OOS),15,657GO,derived,review_pending,discoverva_va_locator_facility_list,2026-05-05T16:33:37+00:00,https://discover.va.gov/va-locator-facility-list/,https://www.va.gov/marion-health-care/locations/madisonville-va-clinic/,37.36476464,-87.49645581
vha_657GP,Owensboro VA Clinic,va_health_facility,Primary Care CBOC,15,657GP,derived,review_pending,discoverva_va_locator_facility_list,2026-05-05T16:33:37+00:00,https://discover.va.gov/va-locator-facility-list/,https://www.va.gov/marion-health-care/locations/owensboro-va-clinic/,37.76157135,-87.07999103
vha_657GQ,Vincennes VA Clinic,va_health_facility,Primary Care CBOC,15,657GQ,derived,review_pending,discoverva_va_locator_facility_list,2026-05-05T16:33:37+00:00,https://discover.va.gov/va-locator-facility-list/,https://www.va.gov/marion-health-care/locations/vincennes-va-clinic/,38.66376488,-87.533207
vha_657GR,Mayfield VA Clinic,va_health_facility,Primary Care CBOC,15,657GR,derived,review_pending,discoverva_va_locator_facility_list,2026-05-05T16:33:37+00:00,https://discover.va.gov/va-locator-facility-list/,https://www.va.gov/marion-health-care/locations/mayfield-va-clinic/,36.72111133,-88.6265641
vha_657GS,Franklin County VA Clinic,va_health_facility,Primary Care CBOC,15,657GS,derived,review_pending,discoverva_va_locator_facility_list,2026-05-05T16:33:37+00:00,https://discover.va.gov/va-locator-facility-list/,https://www.va.gov/st-louis-health-care/locations/franklin-county-va-clinic/,38.53980104,-90.99269174
vha_657GT,Carbondale VA Clinic,va_health_facility,Primary Care CBOC,15,657GT,derived,review_pending,discoverva_va_locator_facility_list,2026-05-05T16:33:37+00:00,https://discover.va.gov/va-locator-facility-list/,https://www.va.gov/marion-health-care/locations/carbondale-va-clinic/,37.72702147,-89.19637212
vha_657GU,Harrisburg VA Clinic,va_health_facility,Primary Care CBOC,15,657GU,derived,review_pending,discoverva_va_locator_facility_list,2026-05-05T16:33:37+00:00,https://discover.va.gov/va-locator-facility-list/,https://www.va.gov/marion-health-care/locations/harrisburg-va-clinic/,37.72878379,-88.53551592
vha_657GV,Sikeston VA Clinic,va_health_facility,Primary Care CBOC,15,657GV,derived,review_pending,discoverva_va_locator_facility_list,2026-05-05T16:33:37+00:00,https://discover.va.gov/va-locator-facility-list/,https://www.va.gov/poplar-bluff-health-care/locations/sikeston-va-clinic/,36.86859275,-89.58536913
vha_657GW,Pocahontas VA Clinic,va_health_facility,Primary Care CBOC,15,657GW,derived,review_pending,discoverva_va_locator_facility_list,2026-05-05T16:33:37+00:00,https://discover.va.gov/va-locator-facility-list/,https://www.va.gov/poplar-bluff-health-care/locations/pocahontas-va-clinic/,36.28962745,-90.99445058
vha_657GX,Washington Avenue VA Clinic,va_health_facility,Primary Care CBOC,15,657GX,derived,review_pending,discoverva_va_locator_facility_list,2026-05-05T16:33:37+00:00,https://discover.va.gov/va-locator-facility-list/,https://www.va.gov/st-louis-health-care/locations/washington-avenue-va-clinic/,38.63576314,-90.2167886
vha_657GY,Manchester Avenue VA Clinic,va_health_facility,Primary Care CBOC,15,657GY,derived,review_pending,discoverva_va_locator_facility_list,2026-05-05T16:33:37+00:00,https://discover.va.gov/va-locator-facility-list/,https://www.va.gov/st-louis-health-care/locations/manchester-avenue-va-clinic/,38.62546202,-90.26761166
vha_657QA,Olive Street VA Clinic,va_health_facility,Primary Care CBOC,15,657QA,derived,review_pending,discoverva_va_locator_facility_list,2026-05-05T16:33:37+00:00,https://discover.va.gov/va-locator-facility-list/,https://www.va.gov/st-louis-health-care/locations/olive-street-va-clinic/,38.63840352,-90.23268786
vha_657QD,Heartland Street VA Clinic,va_health_facility,Primary Care CBOC,15,657QD,derived,review_pending,discoverva_va_locator_facility_list,2026-05-05T16:33:37+00:00,https://discover.va.gov/va-locator-facility-list/,https://www.va.gov/marion-health-care/locations/heartland-street-va-clinic/,37.74312888,-88.99425
vha_657QE,Scott Air Force Base VA Clinic,va_health_facility,Other Outpatient Services (OOS),15,657QE,derived,review_pending,discoverva_va_locator_facility_list,2026-05-05T16:33:37+00:00,https://discover.va.gov/va-locator-facility-list/,https://www.va.gov/st-louis-health-care/locations/scott-air-force-base-va-clinic/,38.54260389,-89.86920084
vha_658,Salem VA Medical Center,va_health_facility,VA Medical Center (VAMC),6,658,derived,review_pending,discoverva_va_locator_facility_list,2026-05-05T16:33:37+00:00,https://discover.va.gov/va-locator-facility-list/,https://www.va.gov/salem-health-care/locations/salem-va-medical-center/,37.274463,-80.019954
vha_658GA,Tazewell VA Clinic,va_health_facility,Primary Care CBOC,6,658GA,derived,review_pending,discoverva_va_locator_facility_list,2026-05-05T16:33:37+00:00,https://discover.va.gov/va-locator-facility-list/,https://www.va.gov/salem-health-care/locations/tazewell-va-clinic/,37.12374,-81.4890375
vha_658GB,Danville VA Clinic,va_health_facility,Primary Care CBOC,6,658GB,derived,review_pending,discoverva_va_locator_facility_list,2026-05-05T16:33:37+00:00,https://discover.va.gov/va-locator-facility-list/,https://www.va.gov/salem-health-care/locations/danville-va-clinic/,36.59531261,-79.42199135
vha_658GC,Private First Class Desmond T. Doss VA Clinic,va_health_facility,Multi-Specialty CBOC,6,658GC,derived,review_pending,discoverva_va_locator_facility_list,2026-05-05T16:33:37+00:00,https://discover.va.gov/va-locator-facility-list/,https://www.va.gov/salem-health-care/locations/private-first-class-desmond-t-doss-va-clinic/,37.402164,-79.1890695
vha_658GD,Staunton VA Clinic,va_health_facility,Multi-Specialty CBOC,6,658GD,derived,review_pending,discoverva_va_locator_facility_list,2026-05-05T16:33:37+00:00,https://discover.va.gov/va-locator-facility-list/,https://www.va.gov/salem-health-care/locations/staunton-va-clinic/,38.13649785,-79.0887227
vha_658GE,Wytheville VA Clinic,va_health_facility,Primary Care CBOC,6,658GE,derived,review_pending,discoverva_va_locator_facility_list,2026-05-05T16:33:37+00:00,https://discover.va.gov/va-locator-facility-list/,https://www.va.gov/salem-health-care/locations/wytheville-va-clinic/,36.95481,-81.077778
vha_659,W.G. (Bill) Hefner Salisbury Department of Veterans Affairs Medical Center,va_health_facility,VA Medical Center (VAMC),6,659,derived,review_pending,discoverva_va_locator_facility_list,2026-05-05T16:33:37+00:00,https://discover.va.gov/va-locator-facility-list/,https://www.va.gov/salisbury-health-care/locations/wg-bill-hefner-salisbury-department-of-veterans-affairs-medical/,35.681733,-80.4938085
vha_659BY,Kernersville VA Clinic,va_health_facility,Health Care Center (HCC),6,659BY,derived,review_pending,discoverva_va_locator_facility_list,2026-05-05T16:33:37+00:00,https://discover.va.gov/va-locator-facility-list/,https://www.va.gov/salisbury-health-care/locations/kernersville-va-clinic/,36.09333,-80.049141
vha_659BZ,South Charlotte VA Clinic,va_health_facility,Health Care Center (HCC),6,659BZ,derived,review_pending,discoverva_va_locator_facility_list,2026-05-05T16:33:37+00:00,https://discover.va.gov/va-locator-facility-list/,https://www.va.gov/salisbury-health-care/locations/south-charlotte-va-clinic/,35.196858,-80.913708
vha_659GA,North Charlotte VA Clinic,va_health_facility,Multi-Specialty CBOC,6,659GA,derived,review_pending,discoverva_va_locator_facility_list,2026-05-05T16:33:37+00:00,https://discover.va.gov/va-locator-facility-list/,https://www.va.gov/salisbury-health-care/locations/north-charlotte-va-clinic/,35.284122,-80.731413
vha_660,George E. Wahlen Department of Veterans Affairs Medical Center,va_health_facility,VA Medical Center (VAMC),19,660,derived,review_pending,discoverva_va_locator_facility_list,2026-05-05T16:33:37+00:00,https://discover.va.gov/va-locator-facility-list/,https://www.va.gov/salt-lake-city-health-care/locations/george-e-wahlen-department-of-veterans-affairs-medical/,40.755051,-111.8376495
vha_660GA,Pocatello VA Clinic,va_health_facility,Multi-Specialty CBOC,19,660GA,derived,review_pending,discoverva_va_locator_facility_list,2026-05-05T16:33:37+00:00,https://discover.va.gov/va-locator-facility-list/,https://www.va.gov/salt-lake-city-health-care/locations/pocatello-va-clinic/,42.86702235,-112.43332863
vha_660GB,Ogden VA Clinic,va_health_facility,Multi-Specialty CBOC,19,660GB,derived,review_pending,discoverva_va_locator_facility_list,2026-05-05T16:33:37+00:00,https://discover.va.gov/va-locator-facility-list/,https://www.va.gov/salt-lake-city-health-care/locations/ogden-va-clinic/,41.191524,-111.9726945
vha_660GD,Roosevelt VA Clinic,va_health_facility,Other Outpatient Services (OOS),19,660GD,derived,review_pending,discoverva_va_locator_facility_list,2026-05-05T16:33:37+00:00,https://discover.va.gov/va-locator-facility-list/,https://www.va.gov/salt-lake-city-health-care/locations/roosevelt-va-clinic/,40.30206149,-109.99589816
vha_660GE,Orem VA Clinic,va_health_facility,Multi-Specialty CBOC,19,660GE,derived,review_pending,discoverva_va_locator_facility_list,2026-05-05T16:33:37+00:00,https://discover.va.gov/va-locator-facility-list/,https://www.va.gov/salt-lake-city-health-care/locations/orem-va-clinic/,40.2831658,-111.68891895
vha_660GG,St. George VA Clinic,va_health_facility,Multi-Specialty CBOC,19,660GG,derived,review_pending,discoverva_va_locator_facility_list,2026-05-05T16:33:37+00:00,https://discover.va.gov/va-locator-facility-list/,https://www.va.gov/salt-lake-city-health-care/locations/st-george-va-clinic/,37.08689493,-113.56383207
vha_660GJ,South Jordan VA Clinic,va_health_facility,Primary Care CBOC,19,660GJ,derived,review_pending,discoverva_va_locator_facility_list,2026-05-05T16:33:37+00:00,https://discover.va.gov/va-locator-facility-list/,https://www.va.gov/salt-lake-city-health-care/locations/south-jordan-va-clinic/,40.54147632,-112.01256889
vha_660GK,Elko VA Clinic,va_health_facility,Other Outpatient Services (OOS),19,660GK,derived,review_pending,discoverva_va_locator_facility_list,2026-05-05T16:33:37+00:00,https://discover.va.gov/va-locator-facility-list/,https://www.va.gov/salt-lake-city-health-care/locations/elko-va-clinic/,40.84001686,-115.79034121
vha_660QA,Idaho Falls VA Clinic,va_health_facility,Primary Care CBOC,19,660QA,derived,review_pending,discoverva_va_locator_facility_list,2026-05-05T16:33:37+00:00,https://discover.va.gov/va-locator-facility-list/,https://www.va.gov/salt-lake-city-health-care/locations/idaho-falls-va-clinic/,43.49181117,-111.9991083
vha_660QB,Price VA Clinic,va_health_facility,Other Outpatient Services (OOS),19,660QB,derived,review_pending,discoverva_va_locator_facility_list,2026-05-05T16:33:37+00:00,https://discover.va.gov/va-locator-facility-list/,https://www.va.gov/salt-lake-city-health-care/locations/price-va-clinic/,39.59782192,-110.82015231
vha_660QD,Cache Valley VA Clinic,va_health_facility,Other Outpatient Services (OOS),19,660QD,derived,review_pending,discoverva_va_locator_facility_list,2026-05-05T16:33:37+00:00,https://discover.va.gov/va-locator-facility-list/,https://www.va.gov/salt-lake-city-health-care/locations/cache-valley-va-clinic/,41.77597929,-111.82307948
vha_662,San Francisco VA Medical Center,va_health_facility,VA Medical Center (VAMC),21,662,derived,review_pending,discoverva_va_locator_facility_list,2026-05-05T16:33:37+00:00,https://discover.va.gov/va-locator-facility-list/,https://www.va.gov/san-francisco-health-care/locations/san-francisco-va-medical-center/,37.781766,-122.50512
vha_662GA,South Santa Rosa VA Clinic,va_health_facility,Multi-Specialty CBOC,21,662GA,derived,review_pending,discoverva_va_locator_facility_list,2026-05-05T16:33:37+00:00,https://discover.va.gov/va-locator-facility-list/,https://www.va.gov/san-francisco-health-care/locations/south-santa-rosa-va-clinic/,38.423664,-122.7510855
vha_662GC,Eureka VA Clinic,va_health_facility,Multi-Specialty CBOC,21,662GC,derived,review_pending,discoverva_va_locator_facility_list,2026-05-05T16:33:37+00:00,https://discover.va.gov/va-locator-facility-list/,https://www.va.gov/san-francisco-health-care/locations/eureka-va-clinic/,40.78058447,-124.1811495
vha_662GD,Ukiah VA Clinic,va_health_facility,Multi-Specialty CBOC,21,662GD,derived,review_pending,discoverva_va_locator_facility_list,2026-05-05T16:33:37+00:00,https://discover.va.gov/va-locator-facility-list/,https://www.va.gov/san-francisco-health-care/locations/ukiah-va-clinic/,39.14811949,-123.19754373
vha_662GE,San Bruno VA Clinic,va_health_facility,Multi-Specialty CBOC,21,662GE,derived,review_pending,discoverva_va_locator_facility_list,2026-05-05T16:33:37+00:00,https://discover.va.gov/va-locator-facility-list/,https://www.va.gov/san-francisco-health-care/locations/san-bruno-va-clinic/,37.63469178,-122.42578874
vha_662GF,San Francisco VA Clinic,va_health_facility,Primary Care CBOC,21,662GF,derived,review_pending,discoverva_va_locator_facility_list,2026-05-05T16:33:37+00:00,https://discover.va.gov/va-locator-facility-list/,https://www.va.gov/san-francisco-health-care/locations/san-francisco-va-clinic/,37.782549,-122.3971335
vha_662GG,Clearlake VA Clinic,va_health_facility,Multi-Specialty CBOC,21,662GG,derived,review_pending,discoverva_va_locator_facility_list,2026-05-05T16:33:37+00:00,https://discover.va.gov/va-locator-facility-list/,https://www.va.gov/san-francisco-health-care/locations/clearlake-va-clinic/,38.94984654,-122.62854435
vha_662GH,Oakland VA Clinic,va_health_facility,Multi-Specialty CBOC,21,662GH,derived,review_pending,discoverva_va_locator_facility_list,2026-05-05T16:33:37+00:00,https://discover.va.gov/va-locator-facility-list/,https://www.va.gov/san-francisco-health-care/locations/oakland-va-clinic/,37.81192328,-122.27301879
vha_662QA,Twenty-First Street VA Clinic,va_health_facility,Other Outpatient Services (OOS),21,662QA,derived,review_pending,discoverva_va_locator_facility_list,2026-05-05T16:33:37+00:00,https://discover.va.gov/va-locator-facility-list/,https://www.va.gov/san-francisco-health-care/locations/twenty-first-street-va-clinic/,37.81045101,-122.27043744
vha_662QB,North Santa Rosa VA Clinic,va_health_facility,Other Outpatient Services (OOS),21,662QB,derived,review_pending,discoverva_va_locator_facility_list,2026-05-05T16:33:37+00:00,https://discover.va.gov/va-locator-facility-list/,https://www.va.gov/san-francisco-health-care/locations/north-santa-rosa-va-clinic,38.51220505,-122.79335681
vha_663,Seattle VA Medical Center,va_health_facility,VA Medical Center (VAMC),20,663,derived,review_pending,discoverva_va_locator_facility_list,2026-05-05T16:33:37+00:00,https://discover.va.gov/va-locator-facility-list/,https://www.va.gov/puget-sound-health-care/locations/seattle-va-medical-center/,47.562174,-122.310216
vha_663A4,American Lake VA Medical Center,va_health_facility,VA Medical Center (VAMC),20,,not_available,review_pending,discoverva_va_locator_facility_list,2026-05-05T16:33:37+00:00,https://discover.va.gov/va-locator-facility-list/,https://www.va.gov/puget-sound-health-care/locations/american-lake-va-medical-center/,47.14220758,-122.56452469
vha_663GB,Silverdale VA Clinic,va_health_facility,Multi-Specialty CBOC,20,663GB,derived,review_pending,discoverva_va_locator_facility_list,2026-05-05T16:33:37+00:00,https://discover.va.gov/va-locator-facility-list/,https://www.va.gov/puget-sound-health-care/locations/silverdale-va-clinic/,47.65410281,-122.68594199
vha_663GC,Mount Vernon VA Clinic,va_health_facility,Multi-Specialty CBOC,20,663GC,derived,review_pending,discoverva_va_locator_facility_list,2026-05-05T16:33:37+00:00,https://discover.va.gov/va-locator-facility-list/,https://www.va.gov/puget-sound-health-care/locations/mount-vernon-va-clinic/,48.41879822,-122.32529349
vha_663GE,North Olympic Peninsula VA Clinic,va_health_facility,Other Outpatient Services (OOS),20,663GE,derived,review_pending,discoverva_va_locator_facility_list,2026-05-05T16:33:37+00:00,https://discover.va.gov/va-locator-facility-list/,https://www.va.gov/puget-sound-health-care/locations/north-olympic-peninsula-va-clinic/,48.11302744,-123.41316078
vha_663GH,Edmonds VA Clinic,va_health_facility,Primary Care CBOC,20,663GH,derived,review_pending,discoverva_va_locator_facility_list,2026-05-05T16:33:37+00:00,https://discover.va.gov/va-locator-facility-list/,https://www.va.gov/puget-sound-health-care/locations/edmonds-va-clinic/,47.80286488,-122.33570495
vha_663GI,Olympia VA Clinic,va_health_facility,Primary Care CBOC,20,663GI,derived,review_pending,discoverva_va_locator_facility_list,2026-05-05T16:33:37+00:00,https://discover.va.gov/va-locator-facility-list/,https://www.va.gov/puget-sound-health-care/locations/olympia-va-clinic/,47.053746,-122.84439302
vha_663GJ,Puyallup VA Clinic,va_health_facility,Other Outpatient Services (OOS),20,663GJ,derived,review_pending,discoverva_va_locator_facility_list,2026-05-05T16:33:37+00:00,https://discover.va.gov/va-locator-facility-list/,https://www.va.gov/puget-sound-health-care/locations/puyallup-va-clinic/,47.0973019,-122.27807149
vha_663GK,Everett VA Clinic,va_health_facility,Multi-Specialty CBOC,20,663GK,derived,review_pending,discoverva_va_locator_facility_list,2026-05-05T16:33:37+00:00,https://discover.va.gov/va-locator-facility-list/,https://www.va.gov/puget-sound-health-care/locations/everett-va-clinic/,47.957643,-122.231678
vha_663HK,Puget Sound VA Mobile Clinic,va_health_facility,Other Outpatient Services (OOS),20,663HK,derived,review_pending,discoverva_va_locator_facility_list,2026-05-05T16:33:37+00:00,https://discover.va.gov/va-locator-facility-list/,https://www.va.gov/puget-sound-health-care/locations/puget-sound-va-mobile-clinic/,47.14220758,-122.56452469
vha_663QA,Renton VA Clinic,va_health_facility,Other Outpatient Services (OOS),20,663QA,derived,review_pending,discoverva_va_locator_facility_list,2026-05-05T16:33:37+00:00,https://discover.va.gov/va-locator-facility-list/,https://www.va.gov/puget-sound-health-care/locations/renton-va-clinic/,47.4811135,-122.2109595
vha_663QB,South Lucile Street VA Clinic,va_health_facility,Other Outpatient Services (OOS),20,663QB,derived,review_pending,discoverva_va_locator_facility_list,2026-05-05T16:33:37+00:00,https://discover.va.gov/va-locator-facility-list/,https://www.va.gov/puget-sound-health-care/locations/south-lucile-street-va-clinic/,47.55338549,-122.330646
vha_663QC,Seattle VA Mobile Clinic,va_health_facility,Other Outpatient Services (OOS),20,663QC,derived,review_pending,discoverva_va_locator_facility_list,2026-05-05T16:33:37+00:00,https://discover.va.gov/va-locator-facility-list/,https://www.va.gov/puget-sound-health-care/locations/seattle-va-mobile-clinic/,47.563623,-122.307741
vha_663QD,American Lake VA Mobile Clinic,va_health_facility,Other Outpatient Services (OOS),20,663QD,derived,review_pending,discoverva_va_locator_facility_list,2026-05-05T16:33:37+00:00,https://discover.va.gov/va-locator-facility-list/,https://www.va.gov/puget-sound-health-care/locations/american-lake-va-mobile-clinic/,47.563623,-122.307741
vha_664,Jennifer Moreno Department of Veterans Affairs Medical Center,va_health_facility,VA Medical Center (VAMC),22,664,derived,review_pending,discoverva_va_locator_facility_list,2026-05-05T16:33:37+00:00,https://discover.va.gov/va-locator-facility-list/,https://www.va.gov/san-diego-health-care/locations/san-diego-va-medical-center/,32.875551,-117.2322855
vha_664BV,San Diego VA Domiciliary,va_health_facility,Residential Care Site (MH RRTP/DRRTP) (Stand-Alone),22,664BV,derived,review_pending,discoverva_va_locator_facility_list,2026-05-05T16:33:37+00:00,https://discover.va.gov/va-locator-facility-list/,https://www.sandiego.va.gov/locations/Aspire_Center.asp,32.74651025,-117.18937336
vha_664BY,Kearny Mesa VA Clinic,va_health_facility,Multi-Specialty CBOC,22,664BY,derived,review_pending,discoverva_va_locator_facility_list,2026-05-05T16:33:37+00:00,https://discover.va.gov/va-locator-facility-list/,https://www.va.gov/san-diego-health-care/locations/kearny-mesa-va-clinic/,32.80974319,-117.13706751
vha_664GA,Imperial Valley VA Clinic,va_health_facility,Other Outpatient Services (OOS),22,664GA,derived,review_pending,discoverva_va_locator_facility_list,2026-05-05T16:33:37+00:00,https://discover.va.gov/va-locator-facility-list/,https://www.va.gov/san-diego-health-care/locations/imperial-valley-va-clinic/,32.78232058,-115.5523737
vha_664GB,Oceanside VA Clinic,va_health_facility,Multi-Specialty CBOC,22,664GB,derived,review_pending,discoverva_va_locator_facility_list,2026-05-05T16:33:37+00:00,https://discover.va.gov/va-locator-facility-list/,https://www.va.gov/san-diego-health-care/locations/oceanside-va-clinic/,33.207399,-117.3108465
vha_664GC,Chula Vista VA Clinic,va_health_facility,Multi-Specialty CBOC,22,664GC,derived,review_pending,discoverva_va_locator_facility_list,2026-05-05T16:33:37+00:00,https://discover.va.gov/va-locator-facility-list/,https://www.va.gov/san-diego-health-care/locations/chula-vista-va-clinic/,32.63386758,-117.07923508
vha_664GD,Escondido VA Clinic,va_health_facility,Primary Care CBOC,22,664GD,derived,review_pending,discoverva_va_locator_facility_list,2026-05-05T16:33:37+00:00,https://discover.va.gov/va-locator-facility-list/,https://www.va.gov/san-diego-health-care/locations/escondido-va-clinic/,33.12762633,-117.07140945
vha_664GF,Sorrento Valley VA Clinic,va_health_facility,Primary Care CBOC,22,664GF,derived,review_pending,discoverva_va_locator_facility_list,2026-05-05T16:33:37+00:00,https://discover.va.gov/va-locator-facility-list/,https://www.va.gov/san-diego-health-care/locations/sorrento-valley-va-clinic/,32.89503489,-117.21714903
vha_664QA,Rio VA Clinic,va_health_facility,Other Outpatient Services (OOS),22,664QA,derived,review_pending,discoverva_va_locator_facility_list,2026-05-05T16:33:37+00:00,https://discover.va.gov/va-locator-facility-list/,https://www.va.gov/san-diego-health-care/locations/rio-va-clinic/,32.77579719,-117.13677034
vha_666,Sheridan VA Medical Center,va_health_facility,VA Medical Center (VAMC),19,666,derived,review_pending,discoverva_va_locator_facility_list,2026-05-05T16:33:37+00:00,https://discover.va.gov/va-locator-facility-list/,https://www.va.gov/sheridan-health-care/locations/sheridan-va-medical-center/,44.82696789,-106.98492156
vha_666GB,Casper VA Clinic,va_health_facility,Multi-Specialty CBOC,19,666GB,derived,review_pending,discoverva_va_locator_facility_list,2026-05-05T16:33:37+00:00,https://discover.va.gov/va-locator-facility-list/,https://www.va.gov/sheridan-health-care/locations/casper-va-clinic/,42.84315,-106.2358875
vha_666GC,Riverton VA Clinic,va_health_facility,Other Outpatient Services (OOS),19,666GC,derived,review_pending,discoverva_va_locator_facility_list,2026-05-05T16:33:37+00:00,https://discover.va.gov/va-locator-facility-list/,https://www.va.gov/sheridan-health-care/locations/riverton-va-clinic/,43.03564452,-108.42109192
vha_666GD,Cody VA Clinic,va_health_facility,Other Outpatient Services (OOS),19,666GD,derived,review_pending,discoverva_va_locator_facility_list,2026-05-05T16:33:37+00:00,https://discover.va.gov/va-locator-facility-list/,https://www.va.gov/sheridan-health-care/locations/cody-va-clinic/,44.52714851,-109.0588815
vha_666GE,Gillette VA Clinic,va_health_facility,Other Outpatient Services (OOS),19,666GE,derived,review_pending,discoverva_va_locator_facility_list,2026-05-05T16:33:37+00:00,https://discover.va.gov/va-locator-facility-list/,https://www.va.gov/sheridan-health-care/locations/gillette-va-clinic/,44.24598598,-105.51111758
vha_666GF,Rock Springs VA Clinic,va_health_facility,Other Outpatient Services (OOS),19,666GF,derived,review_pending,discoverva_va_locator_facility_list,2026-05-05T16:33:37+00:00,https://discover.va.gov/va-locator-facility-list/,https://www.va.gov/sheridan-health-care/locations/rock-springs-va-clinic/,41.59237335,-109.24309536
vha_666QA,Afton VA Clinic,va_health_facility,Other Outpatient Services (OOS),19,666QA,derived,review_pending,discoverva_va_locator_facility_list,2026-05-05T16:33:37+00:00,https://discover.va.gov/va-locator-facility-list/,https://www.va.gov/sheridan-health-care/locations/afton-va-clinic/,42.73130541,-110.93320467
vha_666QB,Evanston VA Clinic,va_health_facility,Other Outpatient Services (OOS),19,666QB,derived,review_pending,discoverva_va_locator_facility_list,2026-05-05T16:33:37+00:00,https://discover.va.gov/va-locator-facility-list/,https://www.va.gov/sheridan-health-care/locations/evanston-va-clinic/,41.25221466,-110.94146349
vha_666QC,Worland VA Clinic,va_health_facility,Other Outpatient Services (OOS),19,666QC,derived,review_pending,discoverva_va_locator_facility_list,2026-05-05T16:33:37+00:00,https://discover.va.gov/va-locator-facility-list/,https://www.va.gov/sheridan-health-care/locations/worland-va-clinic/,44.01250153,-107.94843668
vha_667,Overton Brooks Veterans' Administration Medical Center,va_health_facility,VA Medical Center (VAMC),16,667,derived,review_pending,discoverva_va_locator_facility_list,2026-05-05T16:33:37+00:00,https://discover.va.gov/va-locator-facility-list/,https://www.va.gov/shreveport-health-care/locations/overton-brooks-veterans-administration-medical-center/,32.50001146,-93.72284983
vha_667GA,Texarkana VA Clinic,va_health_facility,Multi-Specialty CBOC,16,667GA,derived,review_pending,discoverva_va_locator_facility_list,2026-05-05T16:33:37+00:00,https://discover.va.gov/va-locator-facility-list/,https://www.va.gov/shreveport-health-care/locations/texarkana-va-clinic/,33.47483911,-94.07014211
vha_667GB,Monroe VA Clinic,va_health_facility,Multi-Specialty CBOC,16,667GB,derived,review_pending,discoverva_va_locator_facility_list,2026-05-05T16:33:37+00:00,https://discover.va.gov/va-locator-facility-list/,https://www.va.gov/shreveport-health-care/locations/monroe-va-clinic/,32.53050689,-92.09915604
vha_667GC,Longview VA Clinic,va_health_facility,Multi-Specialty CBOC,16,667GC,derived,review_pending,discoverva_va_locator_facility_list,2026-05-05T16:33:37+00:00,https://discover.va.gov/va-locator-facility-list/,https://www.va.gov/shreveport-health-care/locations/longview-va-clinic/,32.512977,-94.711977
vha_667QA,Knight Street VA Clinic,va_health_facility,Other Outpatient Services (OOS),16,667QA,derived,review_pending,discoverva_va_locator_facility_list,2026-05-05T16:33:37+00:00,https://discover.va.gov/va-locator-facility-list/,https://www.va.gov/shreveport-health-care/locations/knight-street-va-clinic/,32.48369378,-93.70735084
vha_668,Mann-Grandstaff Department of Veterans Affairs Medical Center,va_health_facility,VA Medical Center (VAMC),20,668,derived,review_pending,discoverva_va_locator_facility_list,2026-05-05T16:33:37+00:00,https://discover.va.gov/va-locator-facility-list/,https://www.va.gov/spokane-health-care/locations/mann-grandstaff-department-of-veterans-affairs-medical-center/,47.70192635,-117.47562284
vha_668GA,Elwood “Bud” Link Department of Veterans Affairs Outpatient Clinic,va_health_facility,Other Outpatient Services (OOS),20,668GA,derived,review_pending,discoverva_va_locator_facility_list,2026-05-05T16:33:37+00:00,https://discover.va.gov/va-locator-facility-list/,https://www.va.gov/spokane-health-care/locations/elwood-bud-link-department-of-veterans-affairs-outpatient-clinic/,47.46323864,-120.3340686
vha_668GB,Coeur d 'Alene VA Clinic,va_health_facility,Multi-Specialty CBOC,20,668GB,derived,review_pending,discoverva_va_locator_facility_list,2026-05-05T16:33:37+00:00,https://discover.va.gov/va-locator-facility-list/,https://www.va.gov/spokane-health-care/locations/coeur-d-alene-va-clinic/,47.69263845,-116.79626796
vha_668GC,East Front Avenue VA Clinic,va_health_facility,Other Outpatient Services (OOS),20,668GC,derived,review_pending,discoverva_va_locator_facility_list,2026-05-05T16:33:37+00:00,https://discover.va.gov/va-locator-facility-list/,https://www.va.gov/spokane-health-care/locations/east-front-avenue-va-clinic/,47.66032451,-117.40147021
vha_668GD,Spokane Valley VA Clinic,va_health_facility,Other Outpatient Services (OOS),20,668GD,derived,review_pending,discoverva_va_locator_facility_list,2026-05-05T16:33:37+00:00,https://discover.va.gov/va-locator-facility-list/,https://www.va.gov/spokane-health-care/locations/spokane-valley-va-clinic,47.68627523,-117.23664734
vha_668QB,Libby VA Clinic,va_health_facility,Other Outpatient Services (OOS),20,668QB,derived,review_pending,discoverva_va_locator_facility_list,2026-05-05T16:33:37+00:00,https://discover.va.gov/va-locator-facility-list/,https://www.va.gov/spokane-health-care/locations/libby-va-clinic/,48.39322213,-115.54850941
vha_668QD,Bonner County VA Clinic,va_health_facility,Other Outpatient Services (OOS),20,668QD,derived,review_pending,discoverva_va_locator_facility_list,2026-05-05T16:33:37+00:00,https://discover.va.gov/va-locator-facility-list/,https://www.va.gov/spokane-health-care/locations/bonner-county-va-clinic,48.311631,-116.52452746
vha_668QE,Spokane VA Clinic,va_health_facility,Other Outpatient Services (OOS),20,668QE,derived,review_pending,discoverva_va_locator_facility_list,2026-05-05T16:33:37+00:00,https://discover.va.gov/va-locator-facility-list/,https://www.va.gov/spokane-health-care/locations/spokane-va-clinic/,47.654433,-117.403254
vha_671,Audie L. Murphy Memorial Veterans' Hospital,va_health_facility,VA Medical Center (VAMC),17,671,derived,review_pending,discoverva_va_locator_facility_list,2026-05-05T16:33:37+00:00,https://discover.va.gov/va-locator-facility-list/,https://www.va.gov/south-texas-health-care/locations/audie-l-murphy-memorial-veterans-hospital/,29.50841909,-98.58068264
vha_671A4,Kerrville VA Medical Center,va_health_facility,VA Medical Center (VAMC),17,,not_available,review_pending,discoverva_va_locator_facility_list,2026-05-05T16:33:37+00:00,https://discover.va.gov/va-locator-facility-list/,https://www.va.gov/south-texas-health-care/locations/kerrville-va-medical-center/,30.01378285,-99.1166512
vha_671GB,Victoria VA Clinic,va_health_facility,Primary Care CBOC,17,671GB,derived,review_pending,discoverva_va_locator_facility_list,2026-05-05T16:33:37+00:00,https://discover.va.gov/va-locator-facility-list/,https://www.va.gov/south-texas-health-care/locations/victoria-va-clinic/,28.811457,-96.9903405
vha_671GF,South Bexar County VA Clinic,va_health_facility,Primary Care CBOC,17,671GF,derived,review_pending,discoverva_va_locator_facility_list,2026-05-05T16:33:37+00:00,https://discover.va.gov/va-locator-facility-list/,https://www.va.gov/south-texas-health-care/locations/south-bexar-county-va-clinic/,29.374119,-98.401914
vha_671GK,San Antonio VA Clinic,va_health_facility,Primary Care CBOC,17,671GK,derived,review_pending,discoverva_va_locator_facility_list,2026-05-05T16:33:37+00:00,https://discover.va.gov/va-locator-facility-list/,https://www.va.gov/south-texas-health-care/locations/san-antonio-va-clinic/,29.5113085,-98.56763942
vha_671GL,New Braunfels VA Clinic,va_health_facility,Other Outpatient Services (OOS),17,671GL,derived,review_pending,discoverva_va_locator_facility_list,2026-05-05T16:33:37+00:00,https://discover.va.gov/va-locator-facility-list/,https://www.va.gov/south-texas-health-care/locations/new-braunfels-va-clinic/,29.72015179,-98.062317
vha_671GO,North Central Federal VA Clinic,va_health_facility,Multi-Specialty CBOC,17,671GO,derived,review_pending,discoverva_va_locator_facility_list,2026-05-05T16:33:37+00:00,https://discover.va.gov/va-locator-facility-list/,https://www.va.gov/south-texas-health-care/locations/north-central-federal-va-clinic/,29.60335111,-98.4615295
vha_671GP,Balcones Heights VA Clinic,va_health_facility,Multi-Specialty CBOC,17,671GP,derived,review_pending,discoverva_va_locator_facility_list,2026-05-05T16:33:37+00:00,https://discover.va.gov/va-locator-facility-list/,https://www.va.gov/south-texas-health-care/locations/balcones-heights-va-clinic/,29.48970344,-98.55099856
vha_671GQ,Shavano Park VA Clinic,va_health_facility,Primary Care CBOC,17,671GQ,derived,review_pending,discoverva_va_locator_facility_list,2026-05-05T16:33:37+00:00,https://discover.va.gov/va-locator-facility-list/,https://www.va.gov/south-texas-health-care/locations/shavano-park-va-clinic/,29.57900214,-98.56583951
vha_671GR,North Bexar VA Clinic,va_health_facility,Multi-Specialty CBOC,17,671GR,derived,review_pending,discoverva_va_locator_facility_list,2026-05-05T16:33:37+00:00,https://discover.va.gov/va-locator-facility-list/,https://www.va.gov/south-texas-health-care/locations/north-bexar-va-clinic/,29.587032,-98.3613645
vha_671GS,North West San Antonio VA Clinic,va_health_facility,Multi-Specialty CBOC,17,671GS,derived,review_pending,discoverva_va_locator_facility_list,2026-05-05T16:33:37+00:00,https://discover.va.gov/va-locator-facility-list/,https://www.va.gov/south-texas-health-care/locations/north-west-san-antonio-va-clinic/,29.44694027,-98.67607389
vha_671GT,Walzem VA Clinic,va_health_facility,Other Outpatient Services (OOS),17,671GT,derived,review_pending,discoverva_va_locator_facility_list,2026-05-05T16:33:37+00:00,https://discover.va.gov/va-locator-facility-list/,https://www.va.gov/south-texas-health-care/locations/walzem-va-clinic/,29.49827559,-98.35009252
vha_671GU,San Antonio Pecan Valley VA Clinic,va_health_facility,Other Outpatient Services (OOS),17,671GU,derived,review_pending,discoverva_va_locator_facility_list,2026-05-05T16:33:37+00:00,https://discover.va.gov/va-locator-facility-list/,https://www.va.gov/south-texas-health-care/locations/san-antonio-pecan-valley-va-clinic/,29.37701004,-98.43167993
vha_671GV,North East Bexar VA Clinic,va_health_facility,Other Outpatient Services (OOS),17,671GV,derived,review_pending,discoverva_va_locator_facility_list,2026-05-05T16:33:37+00:00,https://discover.va.gov/va-locator-facility-list/,https://www.va.gov/south-texas-health-care/locations/north-east-bexar-va-clinic/,29.51640147,-98.419311
vha_671GW,Southwest VA Clinic,va_health_facility,Other Outpatient Services (OOS),17,671GW,derived,review_pending,discoverva_va_locator_facility_list,2026-05-05T16:33:37+00:00,https://discover.va.gov/va-locator-facility-list/,https://www.va.gov/south-texas-health-care/locations/southwest-va-clinic,29.35660954,-98.5307535
vha_671QB,Data Point VA Clinic,va_health_facility,Other Outpatient Services (OOS),17,671QB,derived,review_pending,discoverva_va_locator_facility_list,2026-05-05T16:33:37+00:00,https://discover.va.gov/va-locator-facility-list/,https://www.va.gov/south-texas-health-care/locations/data-point-va-clinic/,29.51746496,-98.56922564
vha_671QD,San Antonio Randolph VA Clinic,va_health_facility,Other Outpatient Services (OOS),17,671QD,derived,review_pending,discoverva_va_locator_facility_list,2026-05-05T16:33:37+00:00,https://discover.va.gov/va-locator-facility-list/,https://www.va.gov/south-texas-health-care/locations/san-antonio-randolph-va-clinic/,29.53532608,-98.28650153
vha_672,San Juan VA Medical Center,va_health_facility,VA Medical Center (VAMC),8,672,derived,review_pending,discoverva_va_locator_facility_list,2026-05-05T16:33:37+00:00,https://discover.va.gov/va-locator-facility-list/,https://www.va.gov/caribbean-health-care/locations/san-juan-va-medical-center/,18.39165303,-66.08063961
vha_672B0,Eurípides Rubio Department of Veterans Affairs Outpatient Clinic,va_health_facility,Multi-Specialty CBOC,8,,not_available,review_pending,discoverva_va_locator_facility_list,2026-05-05T16:33:37+00:00,https://discover.va.gov/va-locator-facility-list/,https://www.va.gov/caribbean-health-care/locations/euripides-rubio-department-of-veterans-affairs-outpatient-clinic/,17.98783097,-66.6033174
vha_672BZ,Mayaguez VA Clinic,va_health_facility,Multi-Specialty CBOC,8,672BZ,derived,review_pending,discoverva_va_locator_facility_list,2026-05-05T16:33:37+00:00,https://discover.va.gov/va-locator-facility-list/,https://www.va.gov/caribbean-health-care/locations/mayaguez-va-clinic/,18.18643468,-67.15056325
vha_672GA,Saint Croix VA Clinic,va_health_facility,Other Outpatient Services (OOS),8,672GA,derived,review_pending,discoverva_va_locator_facility_list,2026-05-05T16:33:37+00:00,https://discover.va.gov/va-locator-facility-list/,https://www.va.gov/caribbean-health-care/locations/saint-croix-va-clinic/,17.69725,-64.81029
vha_672GB,Saint Thomas VA Clinic,va_health_facility,Other Outpatient Services (OOS),8,672GB,derived,review_pending,discoverva_va_locator_facility_list,2026-05-05T16:33:37+00:00,https://discover.va.gov/va-locator-facility-list/,https://www.va.gov/caribbean-health-care/locations/saint-thomas-va-clinic/,18.340651,-64.9321898
vha_672GC,Arecibo VA Clinic,va_health_facility,Primary Care CBOC,8,672GC,derived,review_pending,discoverva_va_locator_facility_list,2026-05-05T16:33:37+00:00,https://discover.va.gov/va-locator-facility-list/,https://www.va.gov/caribbean-health-care/locations/arecibo-va-clinic/,18.47101998,-66.7087761
vha_672GD,Ceiba VA Clinic,va_health_facility,Primary Care CBOC,8,672GD,derived,review_pending,discoverva_va_locator_facility_list,2026-05-05T16:33:37+00:00,https://discover.va.gov/va-locator-facility-list/,https://www.va.gov/caribbean-health-care/locations/ceiba-va-clinic/,18.27328865,-65.64026153
vha_672GE,Guayama VA Clinic,va_health_facility,Primary Care CBOC,8,672GE,derived,review_pending,discoverva_va_locator_facility_list,2026-05-05T16:33:37+00:00,https://discover.va.gov/va-locator-facility-list/,https://www.va.gov/caribbean-health-care/locations/guayama-va-clinic/,17.97088958,-66.12034079
vha_672QA,Comerio VA Clinic,va_health_facility,Other Outpatient Services (OOS),8,672QA,derived,review_pending,discoverva_va_locator_facility_list,2026-05-05T16:33:37+00:00,https://discover.va.gov/va-locator-facility-list/,https://www.va.gov/caribbean-health-care/locations/comerio-va-clinic/,18.21818413,-66.22661941
vha_672QB,Utuado VA Clinic,va_health_facility,Other Outpatient Services (OOS),8,672QB,derived,review_pending,discoverva_va_locator_facility_list,2026-05-05T16:33:37+00:00,https://discover.va.gov/va-locator-facility-list/,https://www.va.gov/caribbean-health-care/locations/utuado-va-clinic/,18.26728457,-66.70139955
vha_672QC,Vieques VA Clinic,va_health_facility,Other Outpatient Services (OOS),8,672QC,derived,review_pending,discoverva_va_locator_facility_list,2026-05-05T16:33:37+00:00,https://discover.va.gov/va-locator-facility-list/,https://www.va.gov/caribbean-health-care/locations/vieques-va-clinic/,18.1386,-65.436525
vha_672QH,Hato Rey VA Clinic,va_health_facility,Residential Care Site (MH RRTP/DRRTP) (Stand-Alone),8,672QH,derived,review_pending,discoverva_va_locator_facility_list,2026-05-05T16:33:37+00:00,https://discover.va.gov/va-locator-facility-list/,https://www.va.gov/caribbean-health-care/locations/hato-rey-va-clinic/,18.41057774,-66.0565723
vha_673,James A. Haley Veterans' Hospital,va_health_facility,VA Medical Center (VAMC),8,673,derived,review_pending,discoverva_va_locator_facility_list,2026-05-05T16:33:37+00:00,https://discover.va.gov/va-locator-facility-list/,https://www.va.gov/tampa-health-care/locations/james-a-haley-veterans-hospital/,28.064718,-82.4295825
vha_673BZ,New Port Richey VA Clinic,va_health_facility,Multi-Specialty CBOC,8,673BZ,derived,review_pending,discoverva_va_locator_facility_list,2026-05-05T16:33:37+00:00,https://discover.va.gov/va-locator-facility-list/,https://www.va.gov/tampa-health-care/locations/new-port-richey-va-clinic/,28.27148937,-82.67433895
vha_673GB,Lakeland VA Clinic,va_health_facility,Multi-Specialty CBOC,8,673GB,derived,review_pending,discoverva_va_locator_facility_list,2026-05-05T16:33:37+00:00,https://discover.va.gov/va-locator-facility-list/,https://www.va.gov/tampa-health-care/locations/lakeland-va-clinic/,27.99970969,-81.92212244
vha_673GC,Brooksville VA Clinic,va_health_facility,Multi-Specialty CBOC,8,673GC,derived,review_pending,discoverva_va_locator_facility_list,2026-05-05T16:33:37+00:00,https://discover.va.gov/va-locator-facility-list/,https://www.va.gov/tampa-health-care/locations/brooksville-va-clinic/,28.53374051,-82.48430772
vha_673GF,Zephyrhills VA Clinic,va_health_facility,Multi-Specialty CBOC,8,673GF,derived,review_pending,discoverva_va_locator_facility_list,2026-05-05T16:33:37+00:00,https://discover.va.gov/va-locator-facility-list/,https://www.va.gov/tampa-health-care/locations/zephyrhills-va-clinic/,28.25183866,-82.19018212
vha_673GG,South Hillsborough VA Clinic,va_health_facility,Multi-Specialty CBOC,8,673GG,derived,review_pending,discoverva_va_locator_facility_list,2026-05-05T16:33:37+00:00,https://discover.va.gov/va-locator-facility-list/,https://www.va.gov/tampa-health-care/locations/south-hillsborough-va-clinic/,27.79583262,-82.32884523
vha_673GH,Lecanto VA Clinic,va_health_facility,Primary Care CBOC,8,673GH,derived,review_pending,discoverva_va_locator_facility_list,2026-05-05T16:33:37+00:00,https://discover.va.gov/va-locator-facility-list/,https://www.va.gov/tampa-health-care/locations/lecanto-va-clinic/,28.90564659,-82.48042996
vha_673QA,Forty-Sixth Street North VA Clinic,va_health_facility,Other Outpatient Services (OOS),8,673QA,derived,review_pending,discoverva_va_locator_facility_list,2026-05-05T16:33:37+00:00,https://discover.va.gov/va-locator-facility-list/,https://www.va.gov/tampa-health-care/locations/forty-sixth-street-north-va-clinic/,28.074105,-82.40999552
vha_673QB,Forty-Sixth Street South VA Clinic,va_health_facility,Other Outpatient Services (OOS),8,673QB,derived,review_pending,discoverva_va_locator_facility_list,2026-05-05T16:33:37+00:00,https://discover.va.gov/va-locator-facility-list/,https://www.va.gov/tampa-health-care/locations/forty-sixth-street-south-va-clinic/,28.047879,-82.40991597
vha_673QH,Bruce B. Downs Boulevard VA Clinic,va_health_facility,Other Outpatient Services (OOS),8,673QH,derived,review_pending,discoverva_va_locator_facility_list,2026-05-05T16:33:37+00:00,https://discover.va.gov/va-locator-facility-list/,https://www.va.gov/tampa-health-care/locations/bruce-b-downs-boulevard-va-clinic/,28.05908942,-82.42620643
vha_673QJ,Hidden River VA Clinic,va_health_facility,Multi-Specialty CBOC,8,673QJ,derived,review_pending,discoverva_va_locator_facility_list,2026-05-05T16:33:37+00:00,https://discover.va.gov/va-locator-facility-list/,https://www.va.gov/tampa-health-care/locations/hidden-river-va-clinic/,28.07089029,-82.35735766
vha_673QM,Temple Terrace VA Clinic,va_health_facility,Residential Care Site (MH RRTP/DRRTP) (Stand-Alone),8,673QM,derived,review_pending,discoverva_va_locator_facility_list,2026-05-05T16:33:37+00:00,https://discover.va.gov/va-locator-facility-list/,https://www.va.gov/tampa-health-care/locations/temple-terrace-va-clinic/,28.03248725,-82.35976928
vha_673QN,Sabal Park VA Clinic,va_health_facility,Other Outpatient Services (OOS),8,673QN,derived,review_pending,discoverva_va_locator_facility_list,2026-05-05T16:33:37+00:00,https://discover.va.gov/va-locator-facility-list/,https://www.va.gov/tampa-health-care/locations/sabal-park-va-clinic,27.97670148,-82.3488705
vha_673QO,Forty-Second Street VA Clinic,va_health_facility,Other Outpatient Services (OOS),8,673QO,derived,review_pending,discoverva_va_locator_facility_list,2026-05-05T16:33:37+00:00,https://discover.va.gov/va-locator-facility-list/,https://www.va.gov/tampa-health-care/locations/forty-second-street-va-clinic/,28.07997945,-82.41420305
vha_674,Olin E. Teague Veterans' Center,va_health_facility,VA Medical Center (VAMC),17,674,derived,review_pending,discoverva_va_locator_facility_list,2026-05-05T16:33:37+00:00,https://discover.va.gov/va-locator-facility-list/,https://www.va.gov/central-texas-health-care/locations/olin-e-teague-veterans-center/,31.07901994,-97.34880496
vha_674A4,Doris Miller Department of Veterans Affairs Medical Center,va_health_facility,VA Medical Center (VAMC),17,,not_available,review_pending,discoverva_va_locator_facility_list,2026-05-05T16:33:37+00:00,https://discover.va.gov/va-locator-facility-list/,https://www.va.gov/central-texas-health-care/locations/doris-miller-department-of-veterans-affairs-medical-center/,31.511601,-97.164135
vha_674BY,Austin VA Clinic,va_health_facility,Multi-Specialty CBOC,17,674BY,derived,review_pending,discoverva_va_locator_facility_list,2026-05-05T16:33:37+00:00,https://discover.va.gov/va-locator-facility-list/,https://www.va.gov/central-texas-health-care/locations/austin-va-clinic/,30.205656,-97.6903515
vha_674GA,Palestine VA Clinic,va_health_facility,Other Outpatient Services (OOS),17,674GA,derived,review_pending,discoverva_va_locator_facility_list,2026-05-05T16:33:37+00:00,https://discover.va.gov/va-locator-facility-list/,https://www.va.gov/central-texas-health-care/locations/palestine-va-clinic/,31.73513557,-95.63712398
vha_674GB,Brownwood VA Clinic,va_health_facility,Primary Care CBOC,17,674GB,derived,review_pending,discoverva_va_locator_facility_list,2026-05-05T16:33:37+00:00,https://discover.va.gov/va-locator-facility-list/,https://www.va.gov/central-texas-health-care/locations/brownwood-va-clinic/,31.67874766,-98.99150468
vha_674GC,Bryan VA Clinic,va_health_facility,Primary Care CBOC,17,674GC,derived,review_pending,discoverva_va_locator_facility_list,2026-05-05T16:33:37+00:00,https://discover.va.gov/va-locator-facility-list/,https://www.va.gov/central-texas-health-care/locations/bryan-va-clinic/,30.5828319,-96.28974084
vha_674GD,Cedar Park VA Clinic,va_health_facility,Primary Care CBOC,17,674GD,derived,review_pending,discoverva_va_locator_facility_list,2026-05-05T16:33:37+00:00,https://discover.va.gov/va-locator-facility-list/,https://www.va.gov/central-texas-health-care/locations/cedar-park-va-clinic/,30.5310884,-97.81286592
vha_674GF,Temple VA Clinic,va_health_facility,Primary Care CBOC,17,674GF,derived,review_pending,discoverva_va_locator_facility_list,2026-05-05T16:33:37+00:00,https://discover.va.gov/va-locator-facility-list/,https://www.va.gov/central-texas-health-care/locations/temple-va-clinic/,31.08680036,-97.39836189
vha_674GG,Copperas Cove VA Clinic,va_health_facility,Primary Care CBOC,17,674GG,derived,review_pending,discoverva_va_locator_facility_list,2026-05-05T16:33:37+00:00,https://discover.va.gov/va-locator-facility-list/,https://www.va.gov/central-texas-health-care/locations/copperas-cove-va-clinic/,31.11405308,-97.90953412
vha_674GH,Killeen VA Clinic,va_health_facility,Primary Care CBOC,17,674GH,derived,review_pending,discoverva_va_locator_facility_list,2026-05-05T16:33:37+00:00,https://discover.va.gov/va-locator-facility-list/,https://www.va.gov/central-texas-health-care/locations/killeen-va-clinic/,31.11405848,-97.72254812
vha_674HB,LaGrange VA Clinic,va_health_facility,Primary Care CBOC,17,674HB,derived,review_pending,discoverva_va_locator_facility_list,2026-05-05T16:33:37+00:00,https://discover.va.gov/va-locator-facility-list/,https://www.va.gov/central-texas-health-care/locations/lagrange-va-clinic/,29.93610753,-96.87528
vha_675,Orlando VA Medical Center,va_health_facility,VA Medical Center (VAMC),8,675,derived,review_pending,discoverva_va_locator_facility_list,2026-05-05T16:33:37+00:00,https://discover.va.gov/va-locator-facility-list/,https://www.va.gov/orlando-health-care/locations/orlando-va-medical-center/,28.36668938,-81.27646415
vha_675GA,Viera VA Clinic,va_health_facility,Multi-Specialty CBOC,8,675GA,derived,review_pending,discoverva_va_locator_facility_list,2026-05-05T16:33:37+00:00,https://discover.va.gov/va-locator-facility-list/,https://www.va.gov/orlando-health-care/locations/viera-va-clinic/,28.25527705,-80.73810655
vha_675GB,Daytona Beach VA Clinic,va_health_facility,Multi-Specialty CBOC,8,675GB,derived,review_pending,discoverva_va_locator_facility_list,2026-05-05T16:33:37+00:00,https://discover.va.gov/va-locator-facility-list/,https://www.va.gov/orlando-health-care/locations/daytona-beach-va-clinic/,29.229696,-81.099936
vha_675GC,Kissimmee VA Clinic,va_health_facility,Primary Care CBOC,8,675GC,derived,review_pending,discoverva_va_locator_facility_list,2026-05-05T16:33:37+00:00,https://discover.va.gov/va-locator-facility-list/,https://www.va.gov/orlando-health-care/locations/kissimmee-va-clinic/,28.2971397,-81.40560053
vha_675GD,Deltona VA Clinic,va_health_facility,Primary Care CBOC,8,675GD,derived,review_pending,discoverva_va_locator_facility_list,2026-05-05T16:33:37+00:00,https://discover.va.gov/va-locator-facility-list/,https://www.va.gov/orlando-health-care/locations/deltona-va-clinic/,28.89575302,-81.27161014
vha_675GE,Tavares VA Clinic,va_health_facility,Multi-Specialty CBOC,8,675GE,derived,review_pending,discoverva_va_locator_facility_list,2026-05-05T16:33:37+00:00,https://discover.va.gov/va-locator-facility-list/,https://www.va.gov/orlando-health-care/locations/tavares-va-clinic/,28.82177702,-81.71294394
vha_675GF,Clermont VA Clinic,va_health_facility,Primary Care CBOC,8,675GF,derived,review_pending,discoverva_va_locator_facility_list,2026-05-05T16:33:37+00:00,https://discover.va.gov/va-locator-facility-list/,https://www.va.gov/orlando-health-care/locations/clermont-va-clinic/,28.52198066,-81.72760659
vha_675GG,Lake Baldwin VA Clinic,va_health_facility,VA Medical Center (VAMC),8,675GG,derived,review_pending,discoverva_va_locator_facility_list,2026-05-05T16:33:37+00:00,https://discover.va.gov/va-locator-facility-list/,https://www.va.gov/orlando-health-care/locations/lake-baldwin-va-clinic/,28.57912348,-81.32164141
vha_675QB,Port Orange VA Clinic,va_health_facility,Other Outpatient Services (OOS),8,675QB,derived,review_pending,discoverva_va_locator_facility_list,2026-05-05T16:33:37+00:00,https://discover.va.gov/va-locator-facility-list/,https://www.va.gov/orlando-health-care/locations/port-orange-va-clinic/,29.14561908,-81.03516061
vha_675QC,Westside Pavilion VA Clinic,va_health_facility,Other Outpatient Services (OOS),8,675QC,derived,review_pending,discoverva_va_locator_facility_list,2026-05-05T16:33:37+00:00,https://discover.va.gov/va-locator-facility-list/,https://www.va.gov/orlando-health-care/locations/westside-pavilion-va-clinic/,29.20365,-81.07549219
vha_675QE,Orlando 1 VA Mobile Clinic,va_health_facility,Other Outpatient Services (OOS),8,675QE,derived,review_pending,discoverva_va_locator_facility_list,2026-05-05T16:33:37+00:00,https://discover.va.gov/va-locator-facility-list/,https://www.va.gov/orlando-health-care/locations/orlando-1-va-mobile-clinic/,28.57912348,-81.32164141
vha_675QG,Palm Bay VA Clinic,va_health_facility,Primary Care CBOC,8,675QG,derived,review_pending,discoverva_va_locator_facility_list,2026-05-05T16:33:37+00:00,https://discover.va.gov/va-locator-facility-list/,https://www.va.gov/orlando-health-care/locations/palm-bay-va-clinic/,28.0212942,-80.62218837
vha_676,Tomah VA Medical Center,va_health_facility,VA Medical Center (VAMC),12,676,derived,review_pending,discoverva_va_locator_facility_list,2026-05-05T16:33:37+00:00,https://discover.va.gov/va-locator-facility-list/,https://www.va.gov/tomah-health-care/locations/tomah-va-medical-center/,44.00110847,-90.49391066
vha_676GA,Wausau VA Clinic,va_health_facility,Multi-Specialty CBOC,12,676GA,derived,review_pending,discoverva_va_locator_facility_list,2026-05-05T16:33:37+00:00,https://discover.va.gov/va-locator-facility-list/,https://www.va.gov/tomah-health-care/locations/wausau-va-clinic/,44.897049,-89.610255
vha_676GC,La Crosse VA Clinic,va_health_facility,Multi-Specialty CBOC,12,676GC,derived,review_pending,discoverva_va_locator_facility_list,2026-05-05T16:33:37+00:00,https://discover.va.gov/va-locator-facility-list/,https://www.va.gov/tomah-health-care/locations/la-crosse-va-clinic/,43.867818,-91.195578
vha_676GD,Wisconsin Rapids VA Clinic,va_health_facility,Multi-Specialty CBOC,12,676GD,derived,review_pending,discoverva_va_locator_facility_list,2026-05-05T16:33:37+00:00,https://discover.va.gov/va-locator-facility-list/,https://www.va.gov/tomah-health-care/locations/wisconsin-rapids-va-clinic/,44.3929666,-89.83231176
vha_676GE,Clark County VA Clinic,va_health_facility,Other Outpatient Services (OOS),12,676GE,derived,review_pending,discoverva_va_locator_facility_list,2026-05-05T16:33:37+00:00,https://discover.va.gov/va-locator-facility-list/,https://www.va.gov/tomah-health-care/locations/clark-county-va-clinic/,44.94588209,-90.54787784
vha_678,Tucson VA Medical Center,va_health_facility,VA Medical Center (VAMC),22,678,derived,review_pending,discoverva_va_locator_facility_list,2026-05-05T16:33:37+00:00,https://discover.va.gov/va-locator-facility-list/,https://www.va.gov/southern-arizona-health-care/locations/tucson-va-medical-center/,32.18110796,-110.96825852
vha_678GA,Sierra Vista VA Clinic,va_health_facility,Multi-Specialty CBOC,22,678GA,derived,review_pending,discoverva_va_locator_facility_list,2026-05-05T16:33:37+00:00,https://discover.va.gov/va-locator-facility-list/,https://www.va.gov/southern-arizona-health-care/locations/sierra-vista-va-clinic/,31.5557658,-110.27747906
vha_678GB,Yuma VA Clinic,va_health_facility,Multi-Specialty CBOC,22,678GB,derived,review_pending,discoverva_va_locator_facility_list,2026-05-05T16:33:37+00:00,https://discover.va.gov/va-locator-facility-list/,https://www.va.gov/southern-arizona-health-care/locations/yuma-va-clinic/,32.67086995,-114.62446942
vha_678GC,Casa Grande VA Clinic,va_health_facility,Multi-Specialty CBOC,22,678GC,derived,review_pending,discoverva_va_locator_facility_list,2026-05-05T16:33:37+00:00,https://discover.va.gov/va-locator-facility-list/,https://www.va.gov/southern-arizona-health-care/locations/casa-grande-va-clinic/,32.88167745,-111.70675032
vha_678GD,Safford VA Clinic,va_health_facility,Other Outpatient Services (OOS),22,678GD,derived,review_pending,discoverva_va_locator_facility_list,2026-05-05T16:33:37+00:00,https://discover.va.gov/va-locator-facility-list/,https://www.va.gov/southern-arizona-health-care/locations/safford-va-clinic/,32.84108147,-109.71599675
vha_678GE,Green Valley VA Clinic,va_health_facility,Primary Care CBOC,22,678GE,derived,review_pending,discoverva_va_locator_facility_list,2026-05-05T16:33:37+00:00,https://discover.va.gov/va-locator-facility-list/,https://www.va.gov/southern-arizona-health-care/locations/green-valley-va-clinic/,31.85417246,-110.99776143
vha_678GF,Northwest Tucson VA Clinic,va_health_facility,Primary Care CBOC,22,678GF,derived,review_pending,discoverva_va_locator_facility_list,2026-05-05T16:33:37+00:00,https://discover.va.gov/va-locator-facility-list/,https://www.va.gov/southern-arizona-health-care/locations/northwest-tucson-va-clinic/,32.38085615,-111.04990699
vha_678GG,Southeast Tucson VA Clinic,va_health_facility,Multi-Specialty CBOC,22,678GG,derived,review_pending,discoverva_va_locator_facility_list,2026-05-05T16:33:37+00:00,https://discover.va.gov/va-locator-facility-list/,https://www.va.gov/southern-arizona-health-care/locations/southeast-tucson-va-clinic/,32.117616,-110.772563
vha_678QA,Cochise County VA Clinic,va_health_facility,Other Outpatient Services (OOS),22,678QA,derived,review_pending,discoverva_va_locator_facility_list,2026-05-05T16:33:37+00:00,https://discover.va.gov/va-locator-facility-list/,https://www.va.gov/southern-arizona-health-care/locations/cochise-county-va-clinic/,31.55688802,-110.27565932
vha_678QB,Pinal County VA Clinic,va_health_facility,Other Outpatient Services (OOS),22,678QB,derived,review_pending,discoverva_va_locator_facility_list,2026-05-05T16:33:37+00:00,https://discover.va.gov/va-locator-facility-list/,https://www.va.gov/southern-arizona-health-care/locations/pinal-county-va-clinic/,32.89404201,-111.73612212
vha_679,Tuscaloosa VA Medical Center,va_health_facility,VA Medical Center (VAMC),7,679,derived,review_pending,discoverva_va_locator_facility_list,2026-05-05T16:33:37+00:00,https://discover.va.gov/va-locator-facility-list/,https://www.va.gov/tuscaloosa-health-care/locations/tuscaloosa-va-medical-center/,33.190146,-87.488226
vha_679GA,Selma VA Clinic,va_health_facility,Primary Care CBOC,7,679GA,derived,review_pending,discoverva_va_locator_facility_list,2026-05-05T16:33:37+00:00,https://discover.va.gov/va-locator-facility-list/,https://www.va.gov/tuscaloosa-health-care/locations/selma-va-clinic/,32.40531246,-87.05692672
vha_687,Jonathan M. Wainwright Memorial VA Medical Center,va_health_facility,VA Medical Center (VAMC),20,687,derived,review_pending,discoverva_va_locator_facility_list,2026-05-05T16:33:37+00:00,https://discover.va.gov/va-locator-facility-list/,https://www.va.gov/walla-walla-health-care/locations/jonathan-m-wainwright-memorial-va-medical-center/,46.05323845,-118.35545797
vha_687GA,Richland VA Clinic,va_health_facility,Primary Care CBOC,20,687GA,derived,review_pending,discoverva_va_locator_facility_list,2026-05-05T16:33:37+00:00,https://discover.va.gov/va-locator-facility-list/,https://www.va.gov/walla-walla-health-care/locations/richland-va-clinic/,46.27710017,-119.27528374
vha_687GB,Lewiston VA Clinic,va_health_facility,Primary Care CBOC,20,687GB,derived,review_pending,discoverva_va_locator_facility_list,2026-05-05T16:33:37+00:00,https://discover.va.gov/va-locator-facility-list/,https://www.va.gov/walla-walla-health-care/locations/lewiston-va-clinic/,46.39729031,-117.00832927
vha_687GC,La Grande VA Clinic,va_health_facility,Primary Care CBOC,20,687GC,derived,review_pending,discoverva_va_locator_facility_list,2026-05-05T16:33:37+00:00,https://discover.va.gov/va-locator-facility-list/,https://www.va.gov/walla-walla-health-care/locations/la-grande-va-clinic/,45.3139126,-118.08637105
vha_687HA,Yakima Valley VA Clinic,va_health_facility,Primary Care CBOC,20,687HA,derived,review_pending,discoverva_va_locator_facility_list,2026-05-05T16:33:37+00:00,https://discover.va.gov/va-locator-facility-list/,https://www.va.gov/walla-walla-health-care/locations/yakima-va-clinic/,46.55667198,-120.49242979
vha_687QB,Morrow County VA Clinic,va_health_facility,Other Outpatient Services (OOS),20,687QB,derived,review_pending,discoverva_va_locator_facility_list,2026-05-05T16:33:37+00:00,https://discover.va.gov/va-locator-facility-list/,https://www.va.gov/walla-walla-health-care/locations/morrow-county-va-clinic/,45.84775042,-119.69359143
vha_687QC,Wallowa County VA Clinic,va_health_facility,Other Outpatient Services (OOS),20,687QC,derived,review_pending,discoverva_va_locator_facility_list,2026-05-05T16:33:37+00:00,https://discover.va.gov/va-locator-facility-list/,https://www.va.gov/walla-walla-health-care/locations/wallowa-county-va-clinic/,45.42874256,-117.27623287
vha_688,Washington VA Medical Center,va_health_facility,VA Medical Center (VAMC),5,688,derived,review_pending,discoverva_va_locator_facility_list,2026-05-05T16:33:37+00:00,https://discover.va.gov/va-locator-facility-list/,https://www.va.gov/washington-dc-health-care/locations/washington-va-medical-center/,38.929401,-77.0111955
vha_688GA,Fort Belvoir VA Clinic,va_health_facility,Multi-Specialty CBOC,5,688GA,derived,review_pending,discoverva_va_locator_facility_list,2026-05-05T16:33:37+00:00,https://discover.va.gov/va-locator-facility-list/,https://www.va.gov/washington-dc-health-care/locations/fort-belvoir-va-clinic/,38.70478797,-77.14006651
vha_688GB,Southeast Washington VA Clinic,va_health_facility,Primary Care CBOC,5,688GB,derived,review_pending,discoverva_va_locator_facility_list,2026-05-05T16:33:37+00:00,https://discover.va.gov/va-locator-facility-list/,https://www.va.gov/washington-dc-health-care/locations/southeast-washington-va-clinic/,38.829393,-76.9924845
vha_688GD,Charlotte Hall VA Clinic,va_health_facility,Multi-Specialty CBOC,5,688GD,derived,review_pending,discoverva_va_locator_facility_list,2026-05-05T16:33:37+00:00,https://discover.va.gov/va-locator-facility-list/,https://www.va.gov/washington-dc-health-care/locations/charlotte-hall-va-clinic/,38.48311657,-76.77509546
vha_688GE,Southern Prince George's County VA Clinic,va_health_facility,Primary Care CBOC,5,688GE,derived,review_pending,discoverva_va_locator_facility_list,2026-05-05T16:33:37+00:00,https://discover.va.gov/va-locator-facility-list/,https://www.va.gov/washington-dc-health-care/locations/southern-prince-georges-county-va-clinic/,38.808405,-76.899096
vha_688GF,Montgomery County VA Clinic,va_health_facility,Primary Care CBOC,5,688GF,derived,review_pending,discoverva_va_locator_facility_list,2026-05-05T16:33:37+00:00,https://discover.va.gov/va-locator-facility-list/,https://www.va.gov/washington-dc-health-care/locations/montgomery-county-va-clinic/,39.115062,-77.1908805
vha_688GG,Lexington Park VA Clinic,va_health_facility,Primary Care CBOC,5,688GG,derived,review_pending,discoverva_va_locator_facility_list,2026-05-05T16:33:37+00:00,https://discover.va.gov/va-locator-facility-list/,https://www.va.gov/washington-dc-health-care/locations/lexington-park-va-clinic/,38.259315,-76.4050095
vha_688QA,Franklin Street VA Clinic,va_health_facility,Other Outpatient Services (OOS),5,688QA,derived,review_pending,discoverva_va_locator_facility_list,2026-05-05T16:33:37+00:00,https://discover.va.gov/va-locator-facility-list/,https://www.va.gov/washington-dc-health-care/locations/franklin-street-va-clinic/,38.926008,-76.983624
vha_689,West Haven VA Medical Center,va_health_facility,VA Medical Center (VAMC),1,689,derived,review_pending,discoverva_va_locator_facility_list,2026-05-05T16:33:37+00:00,https://discover.va.gov/va-locator-facility-list/,https://www.va.gov/connecticut-health-care/locations/west-haven-va-medical-center/,41.28432479,-72.95730126
vha_689A4,Newington VA Clinic,va_health_facility,Multi-Specialty CBOC,1,,not_available,review_pending,discoverva_va_locator_facility_list,2026-05-05T16:33:37+00:00,https://discover.va.gov/va-locator-facility-list/,https://www.va.gov/connecticut-health-care/locations/newington-va-clinic/,41.702148,-72.737856
vha_689GA,Waterbury VA Clinic,va_health_facility,Primary Care CBOC,1,689GA,derived,review_pending,discoverva_va_locator_facility_list,2026-05-05T16:33:37+00:00,https://discover.va.gov/va-locator-facility-list/,https://www.va.gov/connecticut-health-care/locations/waterbury-va-clinic/,41.55361819,-73.03735278
vha_689GB,Stamford VA Clinic,va_health_facility,Primary Care CBOC,1,689GB,derived,review_pending,discoverva_va_locator_facility_list,2026-05-05T16:33:37+00:00,https://discover.va.gov/va-locator-facility-list/,https://www.va.gov/connecticut-health-care/locations/stamford-va-clinic/,41.061978,-73.5415515
vha_689GC,Willimantic VA Clinic,va_health_facility,Primary Care CBOC,1,689GC,derived,review_pending,discoverva_va_locator_facility_list,2026-05-05T16:33:37+00:00,https://discover.va.gov/va-locator-facility-list/,https://www.va.gov/connecticut-health-care/locations/willimantic-va-clinic/,41.71521922,-72.22893143
vha_689GD,Winsted VA Clinic,va_health_facility,Primary Care CBOC,1,689GD,derived,review_pending,discoverva_va_locator_facility_list,2026-05-05T16:33:37+00:00,https://discover.va.gov/va-locator-facility-list/,https://www.va.gov/connecticut-health-care/locations/winsted-va-clinic/,41.93038034,-73.0757359
vha_689GE,Danbury VA Clinic,va_health_facility,Primary Care CBOC,1,689GE,derived,review_pending,discoverva_va_locator_facility_list,2026-05-05T16:33:37+00:00,https://discover.va.gov/va-locator-facility-list/,https://www.va.gov/connecticut-health-care/locations/danbury-va-clinic/,41.40889422,-73.43626847
vha_689GF,Orange VA Clinic,va_health_facility,Other Outpatient Services (OOS),1,689GF,derived,review_pending,discoverva_va_locator_facility_list,2026-05-05T16:33:37+00:00,https://discover.va.gov/va-locator-facility-list/,https://www.va.gov/connecticut-health-care/locations/orange-va-clinic/,41.25795206,-73.00023404
vha_689HC,John J. McGuirk Department of Veterans Affairs Outpatient Clinic,va_health_facility,Multi-Specialty CBOC,1,689HC,derived,review_pending,discoverva_va_locator_facility_list,2026-05-05T16:33:37+00:00,https://discover.va.gov/va-locator-facility-list/,https://www.va.gov/connecticut-health-care/locations/john-j-mcguirk-department-of-veterans-affairs-outpatient-clinic/,41.34614153,-72.10078377
vha_689QA,Errera VA Clinic,va_health_facility,Primary Care CBOC,1,689QA,derived,review_pending,discoverva_va_locator_facility_list,2026-05-05T16:33:37+00:00,https://discover.va.gov/va-locator-facility-list/,https://www.va.gov/connecticut-health-care/locations/errera-va-clinic/,41.29676649,-72.95469763
vha_691,West Los Angeles VA Medical Center,va_health_facility,VA Medical Center (VAMC),22,691,derived,review_pending,discoverva_va_locator_facility_list,2026-05-05T16:33:37+00:00,https://discover.va.gov/va-locator-facility-list/,https://www.va.gov/greater-los-angeles-health-care/locations/west-los-angeles-va-medical-center/,34.05243241,-118.45846334
vha_691A4,Sepulveda VA Medical Center,va_health_facility,VA Medical Center (VAMC),22,,not_available,review_pending,discoverva_va_locator_facility_list,2026-05-05T16:33:37+00:00,https://discover.va.gov/va-locator-facility-list/,https://www.va.gov/greater-los-angeles-health-care/locations/sepulveda-va-medical-center/,34.24292261,-118.48325017
vha_691GB,Santa Barbara VA Clinic,va_health_facility,Primary Care CBOC,22,691GB,derived,review_pending,discoverva_va_locator_facility_list,2026-05-05T16:33:37+00:00,https://discover.va.gov/va-locator-facility-list/,https://www.va.gov/greater-los-angeles-health-care/locations/santa-barbara-va-clinic/,34.44240299,-119.77646095
vha_691GD,Bakersfield VA Clinic,va_health_facility,Multi-Specialty CBOC,22,691GD,derived,review_pending,discoverva_va_locator_facility_list,2026-05-05T16:33:37+00:00,https://discover.va.gov/va-locator-facility-list/,https://www.va.gov/greater-los-angeles-health-care/locations/bakersfield-va-clinic/,35.37581914,-119.04254203
vha_691GE,Los Angeles VA Clinic,va_health_facility,Multi-Specialty CBOC,22,691GE,derived,review_pending,discoverva_va_locator_facility_list,2026-05-05T16:33:37+00:00,https://discover.va.gov/va-locator-facility-list/,https://www.va.gov/greater-los-angeles-health-care/locations/los-angeles-va-clinic/,34.05149131,-118.23847927
vha_691GF,East Los Angeles VA Clinic,va_health_facility,Primary Care CBOC,22,691GF,derived,review_pending,discoverva_va_locator_facility_list,2026-05-05T16:33:37+00:00,https://discover.va.gov/va-locator-facility-list/,https://www.va.gov/greater-los-angeles-health-care/locations/east-los-angeles-va-clinic/,34.01553574,-118.15522237
vha_691GG,Antelope Valley VA Clinic,va_health_facility,Multi-Specialty CBOC,22,691GG,derived,review_pending,discoverva_va_locator_facility_list,2026-05-05T16:33:37+00:00,https://discover.va.gov/va-locator-facility-list/,https://www.va.gov/greater-los-angeles-health-care/locations/antelope-valley-va-clinic/,34.70402594,-118.12423567
vha_691GK,San Luis Obispo VA Clinic,va_health_facility,Primary Care CBOC,22,691GK,derived,review_pending,discoverva_va_locator_facility_list,2026-05-05T16:33:37+00:00,https://discover.va.gov/va-locator-facility-list/,https://www.va.gov/greater-los-angeles-health-care/locations/san-luis-obispo-va-clinic/,35.27924306,-120.66041368
vha_691GL,Santa Maria VA Clinic,va_health_facility,Multi-Specialty CBOC,22,691GL,derived,review_pending,discoverva_va_locator_facility_list,2026-05-05T16:33:37+00:00,https://discover.va.gov/va-locator-facility-list/,https://www.va.gov/greater-los-angeles-health-care/locations/santa-maria-va-clinic/,34.95274328,-120.40748487
vha_691GP,San Gabriel Valley VA Clinic,va_health_facility,Primary Care CBOC,22,691GP,derived,review_pending,discoverva_va_locator_facility_list,2026-05-05T16:33:37+00:00,https://discover.va.gov/va-locator-facility-list/,https://www.va.gov/greater-los-angeles-health-care/locations/san-gabriel-valley-va-clinic/,34.15108223,-118.03227023
vha_691GQ,Captain Rosemary Bryant Mariner Outpatient Clinic,va_health_facility,Multi-Specialty CBOC,22,691GQ,derived,review_pending,discoverva_va_locator_facility_list,2026-05-05T16:33:37+00:00,https://discover.va.gov/va-locator-facility-list/,https://www.va.gov/greater-los-angeles-health-care/locations/captain-rosemary-bryant-mariner-outpatient-clinic/,34.25955593,-119.22007484
vha_692,White City VA Medical Center,va_health_facility,VA Medical Center (VAMC),20,692,derived,review_pending,discoverva_va_locator_facility_list,2026-05-05T16:33:37+00:00,https://discover.va.gov/va-locator-facility-list/,https://www.va.gov/southern-oregon-health-care/locations/white-city-va-medical-center/,42.43994933,-122.83629732
vha_692GA,Klamath Falls VA Clinic,va_health_facility,Primary Care CBOC,20,692GA,derived,review_pending,discoverva_va_locator_facility_list,2026-05-05T16:33:37+00:00,https://discover.va.gov/va-locator-facility-list/,https://www.va.gov/southern-oregon-health-care/locations/klamath-falls-va-clinic/,42.2481744,-121.78707109
vha_692GB,Grants Pass VA Clinic,va_health_facility,Primary Care CBOC,20,692GB,derived,review_pending,discoverva_va_locator_facility_list,2026-05-05T16:33:37+00:00,https://discover.va.gov/va-locator-facility-list/,https://www.va.gov/southern-oregon-health-care/locations/grants-pass-va-clinic/,42.416559,-123.3377055
vha_693,Wilkes-Barre VA Medical Center,va_health_facility,VA Medical Center (VAMC),4,693,derived,review_pending,discoverva_va_locator_facility_list,2026-05-05T16:33:37+00:00,https://discover.va.gov/va-locator-facility-list/,https://www.va.gov/wilkes-barre-health-care/locations/wilkes-barre-va-medical-center/,41.2480423,-75.83717026
vha_693B4,Allentown VA Clinic,va_health_facility,Multi-Specialty CBOC,4,,not_available,review_pending,discoverva_va_locator_facility_list,2026-05-05T16:33:37+00:00,https://discover.va.gov/va-locator-facility-list/,https://www.va.gov/wilkes-barre-health-care/locations/allentown-va-clinic/,40.58346462,-75.51741865
vha_693GA,Sayre VA Clinic,va_health_facility,Primary Care CBOC,4,693GA,derived,review_pending,discoverva_va_locator_facility_list,2026-05-05T16:33:37+00:00,https://discover.va.gov/va-locator-facility-list/,https://www.va.gov/wilkes-barre-health-care/locations/sayre-va-clinic/,41.970825,-76.539528
vha_693GB,Williamsport VA Clinic,va_health_facility,Primary Care CBOC,4,693GB,derived,review_pending,discoverva_va_locator_facility_list,2026-05-05T16:33:37+00:00,https://discover.va.gov/va-locator-facility-list/,https://www.va.gov/wilkes-barre-health-care/locations/williamsport-va-clinic/,41.25899713,-76.98134837
vha_693GC,Tobyhanna VA Clinic,va_health_facility,Other Outpatient Services (OOS),4,693GC,derived,review_pending,discoverva_va_locator_facility_list,2026-05-05T16:33:37+00:00,https://discover.va.gov/va-locator-facility-list/,https://www.va.gov/wilkes-barre-health-care/locations/tobyhanna-va-clinic/,41.18581805,-75.42966182
vha_693GF,Columbia County VA Clinic,va_health_facility,Other Outpatient Services (OOS),4,693GF,derived,review_pending,discoverva_va_locator_facility_list,2026-05-05T16:33:37+00:00,https://discover.va.gov/va-locator-facility-list/,https://www.va.gov/wilkes-barre-health-care/locations/columbia-county-va-clinic/,41.01592293,-76.48630964
vha_693GG,Northampton County VA Clinic,va_health_facility,Other Outpatient Services (OOS),4,693GG,derived,review_pending,discoverva_va_locator_facility_list,2026-05-05T16:33:37+00:00,https://discover.va.gov/va-locator-facility-list/,https://www.va.gov/wilkes-barre-health-care/locations/northampton-county-va-clinic/,40.87414841,-75.22829122
vha_693QA,Wayne County VA Clinic,va_health_facility,Other Outpatient Services (OOS),4,693QA,derived,review_pending,discoverva_va_locator_facility_list,2026-05-05T16:33:37+00:00,https://discover.va.gov/va-locator-facility-list/,https://www.va.gov/wilkes-barre-health-care/locations/wayne-county-va-clinic/,41.574978,-75.268647
vha_693QB,Cedar Crest Boulevard VA Clinic,va_health_facility,Other Outpatient Services (OOS),4,693QB,derived,review_pending,discoverva_va_locator_facility_list,2026-05-05T16:33:37+00:00,https://discover.va.gov/va-locator-facility-list/,https://www.va.gov/wilkes-barre-health-care/locations/cedar-crest-boulevard-va-clinic/,40.61443817,-75.53362442
vha_695,Clement J. Zablocki Veterans' Administration Medical Center,va_health_facility,VA Medical Center (VAMC),12,695,derived,review_pending,discoverva_va_locator_facility_list,2026-05-05T16:33:37+00:00,https://discover.va.gov/va-locator-facility-list/,https://www.va.gov/milwaukee-health-care/locations/clement-j-zablocki-veterans-administration-medical-center/,43.023168,-87.972183
vha_695BY,John H. Bradley Department of Veterans Affairs Outpatient Clinic,va_health_facility,Multi-Specialty CBOC,12,695BY,derived,review_pending,discoverva_va_locator_facility_list,2026-05-05T16:33:37+00:00,https://discover.va.gov/va-locator-facility-list/,https://www.va.gov/milwaukee-health-care/locations/john-h-bradley-department-of-veterans-affairs-outpatient-clinic/,44.28053791,-88.45271151
vha_695GA,Union Grove VA Clinic,va_health_facility,Primary Care CBOC,12,695GA,derived,review_pending,discoverva_va_locator_facility_list,2026-05-05T16:33:37+00:00,https://discover.va.gov/va-locator-facility-list/,https://www.va.gov/milwaukee-health-care/locations/union-grove-va-clinic/,42.693273,-88.0785585
vha_695GC,Cleveland VA Clinic,va_health_facility,Primary Care CBOC,12,695GC,derived,review_pending,discoverva_va_locator_facility_list,2026-05-05T16:33:37+00:00,https://discover.va.gov/va-locator-facility-list/,https://www.va.gov/milwaukee-health-care/locations/cleveland-va-clinic/,43.92124391,-87.75184718
vha_695GD,Milo C. Huempfner Department of Veterans Affairs Outpatient Clinic,va_health_facility,Health Care Center (HCC),12,695GD,derived,review_pending,discoverva_va_locator_facility_list,2026-05-05T16:33:37+00:00,https://discover.va.gov/va-locator-facility-list/,https://www.va.gov/milwaukee-health-care/locations/milo-c-huempfner-department-of-veterans-affairs-outpatient-clinic/,44.523648,-87.943788
vha_695GE,Oconomowoc VA Clinic,va_health_facility,Other Outpatient Services (OOS),12,695GE,derived,review_pending,discoverva_va_locator_facility_list,2026-05-05T16:33:37+00:00,https://discover.va.gov/va-locator-facility-list/,https://www.va.gov/milwaukee-health-care/locations/oconomowoc-va-clinic/,43.107735,-88.49686
vha_695QA,Milwaukee VA Clinic,va_health_facility,Other Outpatient Services (OOS),12,695QA,derived,review_pending,discoverva_va_locator_facility_list,2026-05-05T16:33:37+00:00,https://discover.va.gov/va-locator-facility-list/,https://www.va.gov/milwaukee-health-care/locations/milwaukee-va-clinic/,43.054308,-87.913836
vha_740,Harlingen VA Clinic,va_health_facility,Health Care Center (HCC),17,740,derived,review_pending,discoverva_va_locator_facility_list,2026-05-05T16:33:37+00:00,https://discover.va.gov/va-locator-facility-list/,https://www.va.gov/texas-valley-health-care/locations/harlingen-va-clinic/,26.17062357,-97.66793926
vha_740GA,Harlingen VA Clinic-Treasure Hills,va_health_facility,Multi-Specialty CBOC,17,740GA,derived,review_pending,discoverva_va_locator_facility_list,2026-05-05T16:33:37+00:00,https://discover.va.gov/va-locator-facility-list/,https://www.va.gov/texas-valley-health-care/locations/harlingen-va-clinic-treasure-hills/,26.17450135,-97.66671805
vha_740GB,McAllen VA Clinic,va_health_facility,Multi-Specialty CBOC,17,740GB,derived,review_pending,discoverva_va_locator_facility_list,2026-05-05T16:33:37+00:00,https://discover.va.gov/va-locator-facility-list/,https://www.va.gov/texas-valley-health-care/locations/mcallen-va-clinic/,26.20855012,-98.21104232
vha_740GC,Corpus Christi VA Clinic,va_health_facility,Other Outpatient Services (OOS),17,740GC,derived,review_pending,discoverva_va_locator_facility_list,2026-05-05T16:33:37+00:00,https://discover.va.gov/va-locator-facility-list/,https://www.va.gov/texas-valley-health-care/locations/corpus-christi-va-clinic/,27.7573084,-97.45801972
vha_740GD,Laredo VA Clinic,va_health_facility,Multi-Specialty CBOC,17,740GD,derived,review_pending,discoverva_va_locator_facility_list,2026-05-05T16:33:37+00:00,https://discover.va.gov/va-locator-facility-list/,https://www.va.gov/texas-valley-health-care/locations/laredo-va-clinic/,27.537273,-99.474993
vha_740GH,South Enterprize VA Clinic,va_health_facility,Multi-Specialty CBOC,17,740GH,derived,review_pending,discoverva_va_locator_facility_list,2026-05-05T16:33:37+00:00,https://discover.va.gov/va-locator-facility-list/,https://www.va.gov/texas-valley-health-care/locations/south-enterprize-va-clinic/,27.762192,-97.4648565
vha_740GK,Brownsville VA Clinic,va_health_facility,Other Outpatient Services (OOS),17,740GK,derived,review_pending,discoverva_va_locator_facility_list,2026-05-05T16:33:37+00:00,https://discover.va.gov/va-locator-facility-list/,https://www.va.gov/texas-valley-health-care/locations/brownsville-va-clinic/,25.98745526,-97.51982068
vha_740QA,McAllen VA Mobile Clinic,va_health_facility,Other Outpatient Services (OOS),17,740QA,derived,review_pending,discoverva_va_locator_facility_list,2026-05-05T16:33:37+00:00,https://discover.va.gov/va-locator-facility-list/,https://www.va.gov/texas-valley-health-care/locations/mcallen-va-mobile-clinic/,26.20833563,-98.20974889
vha_740QB,Corpus Christi West Point VA Clinic,va_health_facility,Multi-Specialty CBOC,17,740QB,derived,review_pending,discoverva_va_locator_facility_list,2026-05-05T16:33:37+00:00,https://discover.va.gov/va-locator-facility-list/,https://www.va.gov/texas-valley-health-care/locations/corpus-christi-west-point-va-clinic,27.74976224,-97.45433933
vha_740QC,Corpus Christi VA Mobile Clinic,va_health_facility,Other Outpatient Services (OOS),17,740QC,derived,review_pending,discoverva_va_locator_facility_list,2026-05-05T16:33:37+00:00,https://discover.va.gov/va-locator-facility-list/,https://www.va.gov/texas-valley-health-care/locations/corpus-christi-va-mobile-clinic/,27.74976224,-97.45433933
vha_756,El Paso VA Clinic,va_health_facility,Health Care Center (HCC),17,756,derived,review_pending,discoverva_va_locator_facility_list,2026-05-05T16:33:37+00:00,https://discover.va.gov/va-locator-facility-list/,https://www.va.gov/el-paso-health-care/locations/el-paso-va-clinic/,31.81883652,-106.46147656
vha_756GA,Las Cruces VA Clinic,va_health_facility,Multi-Specialty CBOC,17,756GA,derived,review_pending,discoverva_va_locator_facility_list,2026-05-05T16:33:37+00:00,https://discover.va.gov/va-locator-facility-list/,https://www.va.gov/el-paso-health-care/locations/las-cruces-va-clinic/,32.35492081,-106.76861815
vha_756GB,El Paso Eastside VA Clinic,va_health_facility,Multi-Specialty CBOC,17,756GB,derived,review_pending,discoverva_va_locator_facility_list,2026-05-05T16:33:37+00:00,https://discover.va.gov/va-locator-facility-list/,https://www.va.gov/el-paso-health-care/locations/el-paso-eastside-va-clinic/,31.764168,-106.316703
vha_756GC,El Paso Westside VA Clinic,va_health_facility,Primary Care CBOC,17,756GC,derived,review_pending,discoverva_va_locator_facility_list,2026-05-05T16:33:37+00:00,https://discover.va.gov/va-locator-facility-list/,https://www.va.gov/el-paso-health-care/locations/el-paso-westside-va-clinic/,31.90279164,-106.57650856
vha_756GD,El Paso Northeast VA Clinic,va_health_facility,Multi-Specialty CBOC,17,756GD,derived,review_pending,discoverva_va_locator_facility_list,2026-05-05T16:33:37+00:00,https://discover.va.gov/va-locator-facility-list/,https://www.va.gov/el-paso-health-care/locations/el-paso-northeast-va-clinic/,31.881411,-106.419186
vha_756QA,El Paso South Central VA Clinic,va_health_facility,Primary Care CBOC,17,756QA,derived,review_pending,discoverva_va_locator_facility_list,2026-05-05T16:33:37+00:00,https://discover.va.gov/va-locator-facility-list/,https://www.va.gov/el-paso-health-care/locations/el-paso-south-central-va-clinic/,31.7753394,-106.42998531
vha_756QB,El Paso Central VA Clinic,va_health_facility,Other Outpatient Services (OOS),17,756QB,derived,review_pending,discoverva_va_locator_facility_list,2026-05-05T16:33:37+00:00,https://discover.va.gov/va-locator-facility-list/,https://www.va.gov/el-paso-health-care/locations/el-paso-central-va-clinic/,31.776444,-106.485021
vha_757,Chalmers P. Wylie Veterans Outpatient Clinic,va_health_facility,VA Medical Center (VAMC),10,757,derived,review_pending,discoverva_va_locator_facility_list,2026-05-05T16:33:37+00:00,https://discover.va.gov/va-locator-facility-list/,https://www.va.gov/central-ohio-health-care/locations/chalmers-p-wylie-veterans-outpatient-clinic/,39.98048191,-82.91230307
vha_757GA,Zanesville VA Clinic,va_health_facility,Primary Care CBOC,10,757GA,derived,review_pending,discoverva_va_locator_facility_list,2026-05-05T16:33:37+00:00,https://discover.va.gov/va-locator-facility-list/,https://www.va.gov/central-ohio-health-care/locations/zanesville-va-clinic/,39.975381,-82.0098765
vha_757GB,Grove City VA Clinic,va_health_facility,Multi-Specialty CBOC,10,757GB,derived,review_pending,discoverva_va_locator_facility_list,2026-05-05T16:33:37+00:00,https://discover.va.gov/va-locator-facility-list/,https://www.va.gov/central-ohio-health-care/locations/grove-city-va-clinic/,39.84366105,-83.08458138
vha_757GC,Marion VA Clinic,va_health_facility,Primary Care CBOC,10,757GC,derived,review_pending,discoverva_va_locator_facility_list,2026-05-05T16:33:37+00:00,https://discover.va.gov/va-locator-facility-list/,https://www.va.gov/central-ohio-health-care/locations/marion-va-clinic/,40.56756338,-83.12144995
vha_757GD,Daniel L. Kinnard VA Clinic,va_health_facility,Multi-Specialty CBOC,10,757GD,derived,review_pending,discoverva_va_locator_facility_list,2026-05-05T16:33:37+00:00,https://discover.va.gov/va-locator-facility-list/,https://www.va.gov/central-ohio-health-care/locations/daniel-l-kinnard-va-clinic/,40.04125422,-82.46833752
vha_757QC,Columbus VA Clinic,va_health_facility,Other Outpatient Services (OOS),10,757QC,derived,review_pending,discoverva_va_locator_facility_list,2026-05-05T16:33:37+00:00,https://discover.va.gov/va-locator-facility-list/,https://www.va.gov/central-ohio-health-care/locations/columbus-va-clinic/,39.996592,-82.93310921
